ORCID,full_name,given_name,family_name,credit_name,status_code,error
0000-0001-5002-7605,Thomas Del Prete,Thomas,Del Prete,,200,
0000-0001-5006-2873,Xavier Roberts-Gaal,Xavier,Roberts-Gaal,,200,
0000-0001-5006-3067,Carolyn M. Boudreau,Carolyn,Boudreau,Carolyn M. Boudreau,200,
0000-0001-5007-193X,Rui Wang,Rui,Wang,,200,
0000-0001-5010-2097,ZUI-SHEN YEN,ZUI-SHEN,YEN,,200,
0000-0001-5010-9563,Nazia Binte Ali,Nazia Binte,Ali,Nazia Binte Ali,200,
0000-0001-5018-4440,Rishi Hazra,Rishi,Hazra,,200,
0000-0001-5018-5419,Zhiyu Yan,Zhiyu (Roman),Yan,Zhiyu Yan,200,
0000-0001-5021-1015,Erika Weisz,Erika,Weisz,,200,
0000-0001-5023-4399,Andrea L. Roberts,Andrea,Roberts,Andrea L. Roberts,200,
0000-0001-5023-8795,Alison Armstrong,Alison,Armstrong,,200,
0000-0001-5028-5903,Chong Shao,Chong,Shao,,200,
0000-0001-5028-7028,Adam Palmer,Adam,Palmer,,200,
0000-0001-5029-173X,Filiz Katman,Filiz,Katman,,200,
0000-0001-5029-6119,Rohit Kulkarni,Rohit,Kulkarni,,200,
0000-0001-5034-2488,Hamid Pahlevaninezhad,Hamid,Pahlevaninezhad,,200,
0000-0001-5034-2736,Monika Saxena,Monika,Saxena,,200,
0000-0001-5034-2963,Pierpaolo Peruzzi,Pierpaolo,Peruzzi,,200,
0000-0001-5035-2598,Max Kuhelj Bugaric,Max,Kuhelj Bugaric,,200,
0000-0001-5035-6687,Mei Sheng Duh,Mei Sheng,Duh,,200,
0000-0001-5035-8201,Alice T Wang,Alice,Wang,Alice T Wang,200,
0000-0001-5035-8463,Mohammed Moustapha Anwar,Mohammed,Moustapha Anwar,,200,
0000-0001-5036-5532,Timothy Gleason,Timothy,Gleason,,200,
0000-0001-5036-7247,Carol L. Shen,Carol,Shen,Carol L. Shen,200,
0000-0001-5039-2602,Rahat Sabyrbekov,Rahat,Sabyrbekov,,200,
0000-0001-5041-1535,Lucinda Lai,Lucinda,Lai,,200,
0000-0001-5043-6206,Ameet Sarpatwari,Ameet,Sarpatwari,,200,
0000-0001-5045-0358,Afif Siddiki,Afif,Siddiki,,200,
0000-0001-5055-320X,Daniel G. Nocera,Daniel,Nocera,Daniel G. Nocera,200,
0000-0001-5057-6751,Egbe Enobakhare,Egbe,Enobakhare,,200,
0000-0001-5058-6669,Stephanie J Conway,Stephanie,Conway,Stephanie J Conway,200,
0000-0001-5059-6920,Peter Orton,Peter,Orton,,200,
0000-0001-5061-747X,Claire Abraham,Claire,Abraham,,200,
0000-0001-5062-7934,Sheila Johnson,Sheila,Johnson,,200,
0000-0001-5067-2647,Jun Wen,Jun,Wen,,200,
0000-0001-5067-4247,Frank Padberg,Frank,Padberg,,200,
0000-0001-5070-0820,Sangmin Lee,Sangmin,Lee,Sangmin Lee,200,
0000-0001-5074-3409,Martha Falkenstein,Martha,Falkenstein,,200,
0000-0001-5075-3033,Alicia Whittington,Alicia,Whittington,,200,
0000-0001-5076-5157,Julie Anne Weaver,Julie Anne,Weaver,Julie Anne Weaver,200,
0000-0001-5076-7945,Daniel Bauer,Daniel,Bauer,,200,
0000-0001-5082-572X,Xingxing Wang,Xingxing,Wang,,200,
0000-0001-5083-0123,Marina Shuster,Marina,Shuster,,200,
0000-0001-5083-5143,Bettine Gibbs,Bettine,Gibbs,,200,
0000-0001-5084-0911,Tse Yang Lim,Tse Yang,Lim,Tse Yang Lim,200,
0000-0001-5084-6117,Howard Waitzkin,Howard,Waitzkin,,200,
0000-0001-5084-8067,Jeu Park,Jeu,Park,,200,
0000-0001-5085-7924,Conor K. Camplisson,Conor,Camplisson,Conor K. Camplisson,200,
0000-0001-5090-0814,Maya Sen,Maya,Sen,,200,
0000-0001-5091-5370,seyed mostafa mousavi,seyed mostafa,mousavi,,200,
0000-0001-5092-0268,Armin Heydari,Armin,Heydari,,200,
0000-0001-5096-3778,Seth Goldman,Seth,Goldman,,200,
0000-0001-5099-5411,Jingcheng Li,Jingcheng,Li,,200,
0000-0001-5100-689X,Heejin Roh,Heejin,Roh,,200,
0000-0001-5102-1002,Jiayu Yang ,Jiayu,Yang ,,200,
0000-0001-5104-6437,Felita Zhang,Felita,Zhang,,200,
0000-0001-5105-308X,Allen Lin,Allen,Lin,,200,
0000-0001-5110-5150,Raghed Almamlouk,Raghed,Almamlouk,,200,
0000-0001-5110-8407,Stephanie Wu,Stephanie,Wu,,200,
0000-0001-5111-1622,Emma Garcia,Emma,Garcia,,200,
0000-0001-5113-2626,Sarah Politz,Sarah,Politz,,200,
0000-0001-5114-8783,Justin Gelzhiser,Justin,Gelzhiser,,200,
0000-0001-5117-3647,Kelly Arnett,Kelly,Arnett,,200,
0000-0001-5120-2583,Ruth Mari Löllgen ,Ruth,Lollgen,Ruth Mari Löllgen ,200,
0000-0001-5120-962X,Eric Rubin,Eric,Rubin,,200,
0000-0001-5121-4349,Yogya Kalra,Yogya,Kalra,,200,
0000-0001-5124-1021,Dr. Ralph A Nixon,Ralph A,Nixon,Dr. Ralph A Nixon,200,
0000-0001-5127-4659,Dan H. Barouch,Dan H.,Barouch,Dan H. Barouch,200,
0000-0001-5129-8829,Eleonora Maria Aiello,Eleonora Maria,Aiello,,200,
0000-0001-5132-1339,David F. Phillips,David,Phillips,David F. Phillips,200,
0000-0001-5132-4679,Kazuhiko Watanabe,Kazuhiko,Watanabe,Kazuhiko Watanabe,200,
0000-0001-5135-0316,Yan Luo,Yan,Luo,,200,
0000-0001-5138-2772,Ron S. Gejman,Ron,Gejman,Ron S. Gejman,200,
0000-0001-5138-4305,Suzanne Cashman,Suzanne,Cashman,,200,
0000-0001-5139-612X,Nayantara Mudur,Nayantara,Mudur,,200,
0000-0001-5140-9664,Helen Yang,Helen,Yang,,200,
0000-0001-5142-8996,Bianca Morejon,Bianca,Morejon,Bianca Morejon,200,
0000-0001-5146-7901,Francisco Amparo,Francisco,Amparo,,200,
0000-0001-5147-3244,Carolina Lahmann,Carolina,Lahmann,,200,
0000-0001-5147-4140,Andrew Ward,Andrew,Ward,,200,
0000-0001-5150-7571,Seong Won Kim,Seong Won,Kim,,200,
0000-0001-5154-5084,Daniel Feikin,Daniel,Feikin,,200,
0000-0001-5158-0453, Herbert, Herbert,,,200,
0000-0001-5161-9864,Tae-Kyung Kim,Tae-Kyung,Kim,,200,
0000-0001-5167-3975,Fan-Yun Lan,Fan-Yun,Lan,,200,
0000-0001-5167-8119,Huize Wang,Huize,Wang,,200,
0000-0001-5169-2404,Sezen Kislal,Sezen,Kislal,,200,
0000-0001-5170-2940,Ran Xie,Ran,Xie,,200,
0000-0001-5173-1063,Yu Luo,Yu,Luo,,200,
0000-0001-5173-4686,Sarah J Halford,Sarah J,Halford,,200,
0000-0001-5176-7496,Jerome L. Ackerman,Jerome,Ackerman,Jerome L. Ackerman,200,
0000-0001-5178-3496,Elena L Glassman,Elena,Glassman,Elena L Glassman,200,
0000-0001-5181-1573,Heather C. Hill,Heather,Hill,Heather C. Hill,200,
0000-0001-5181-8433,Stefano Olgiati,Stefano,Olgiati,,200,
0000-0001-5184-0323,SELİS ÖNEL,SELİS,ÖNEL,,200,
0000-0001-5184-5829,Kristen Hayashida,Kristen,Hayashida,,200,
0000-0001-5184-7015,Douglas F. Bauer,Douglas F.,Bauer,,200,
0000-0001-5186-5838,Jennifer Jiang,Jennifer,Jiang,,200,
0000-0001-5186-9775,John Clohessy,John,Clohessy,,200,
0000-0001-5189-1227,Olivier Pourquie,Olivier,Pourquie,,200,
0000-0001-5191-4580,Gianmarco Rinaldi,Gianmarco,Rinaldi,,200,
0000-0001-5195-1533,Matthew J White,Matthew,White,Matthew J White,200,
0000-0001-5199-279X,Hannah Kinney,Hannah,Kinney,,200,
0000-0001-5200-7325,Yenee Soh,Yenee,Soh,,200,
0000-0001-5201-6774,Giulia Menichetti,Giulia,Menichetti,,200,
0000-0001-5207-7884,David Howell,David,Howell,,200,
0000-0001-5208-788X,Kailyn Doiron,Kailyn,Doiron,,200,
0000-0001-5212-5292,Richard Albert,Richard,Albert,,200,
0000-0001-5213-421X,Hannah Greenwald Healy,Hannah,Greenwald Healy,,200,
0000-0001-5215-021X,Subhra Sundar Goswami,Subhra Sundar,Goswami,,200,
0000-0001-5216-2018,P. Emanuela Voinescu,P. Emanuela,Voinescu,,200,
0000-0001-5218-9376,Valeria Schmidt,Valeria,Schmidt,,200,
0000-0001-5219-5776,Christopher Petty,Christopher,Petty,,200,
0000-0001-5220-2665,Qu Zhang,Qu,Zhang,,200,
0000-0001-5221-6194,Minja Velimirovic,Minja,Velimirovic,,200,
0000-0001-5223-3154,Ishu Gupta,Ishu,Gupta,,200,
0000-0001-5227-4829,Nathan Oman,Nathan,Oman,,200,
0000-0001-5229-2111,Irene G. Wong,Irene,Wong,Irene G. Wong,200,
0000-0001-5229-5005,Paul Anderson,Paul,Anderson,,200,
0000-0001-5229-9196,Charlie Y. Shi,Charlie,Shi,Charlie Y. Shi,200,
0000-0001-5233-1213,Ilan Youngster,Ilan,Youngster,,200,
0000-0001-5233-7279,Ameen Barghi,Ameen,Barghi,,200,
0000-0001-5236-076X,Trevor C. W. Farrow,Trevor,Farrow,Trevor C. W. Farrow,200,
0000-0001-5238-4462,Nicholas Lesica,Nicholas,Lesica,,200,
0000-0001-5238-6564,Abigail McVicar,Abigail,McVicar,,200,
0000-0001-5240-5921,Arash Hadipour Niktarash,Arash,Hadipour Niktarash,,200,
0000-0001-5245-4782,Deepsing Syangtan,Deepsing,Syangtan,,200,
0000-0001-5250-6837,Nofar Rimon,Nofar,Rimon,,200,
0000-0001-5252-252X,Hwan Bae,Hwan,Bae,,200,
0000-0001-5254-5940,Yixue Wang,Yixue,Wang,,200,
0000-0001-5256-5861,Tianyi Feng,Tianyi,Feng,,200,
0000-0001-5259-0047,Patricia A Nelson,Patricia,Nelson,Patricia A Nelson,200,
0000-0001-5260-3274,Nancy Bradt,Nancy,Bradt,,200,
0000-0001-5260-6678,Lakshmi-Prasad Potluri,Lakshmi-Prasad,Potluri,,200,
0000-0001-5261-2250,Cory Smith,Cory,Smith,,200,
0000-0001-5264-3196,Raghu Chivukula,Raghu,Chivukula,,200,
0000-0001-5266-4253,Richard Zare,Richard,Zare,,200,
0000-0001-5267-9631,Liangxia Xie,Liangxia,Xie,,200,
0000-0001-5272-0825,Dwight Williams,Dwight,Williams,,200,
0000-0001-5273-2201,Jeffrey Boone Miller,Jeffrey Boone,Miller,Jeffrey Boone Miller,200,
0000-0001-5273-6851,Pichamol Jirapinyo,Pichamol,Jirapinyo,,200,
0000-0001-5280-5220,Fatima Mostefai,Fatima,Mostefai,,200,
0000-0001-5281-2463,Sun Lee,Sun,Lee,,200,
0000-0001-5283-067X,Bohao Fang,Bohao,Fang,,200,
0000-0001-5283-3694,Peter Ren,Peter,Ren,,200,
0000-0001-5284-9944,Stefania Morganti,Stefania,Morganti,,200,
0000-0001-5286-3623,Ashveena Gajeelee,Ashveena,Gajeelee,,200,
0000-0001-5286-639X,Charles Fortenbach,Charles,Fortenbach,,200,
0000-0001-5292-641X,Michael Berry,Michael,Berry,,200,
0000-0001-5293-2932,Akash Datwani,Akash,Datwani,,200,
0000-0001-5294-4941,Alexandra A Geim,Alexandra Andrea,Geim,Alexandra A Geim,200,
0000-0001-5295-8577,Dov Ronen,Dov,Ronen,Dov Ronen,200,
0000-0001-5295-9844,Muhammad Pate,Muhammad,Pate,,200,
0000-0001-5296-6825,Thomas Thornley,Thomas,Thornley,,200,
0000-0001-5300-6906,Ziqian Zeng,Ziqian,Zeng,,200,
0000-0001-5306-0208,Akash Patnaik,Akash,Patnaik,,200,
0000-0001-5307-1177,Bobby Cervantes,Bobby,Cervantes,,200,
0000-0001-5307-4124,Samuel Veroneau,Samuel,Veroneau,,200,
0000-0001-5307-9021,Nora Kory,Nora,Kory,,200,
0000-0001-5308-4576,Shao-Xiong Lennon Luo,Shao-Xiong Lennon,Luo,Shao-Xiong Lennon Luo,200,
0000-0001-5308-9537,Brandon Johnston,Brandon,Johnston,,200,
0000-0001-5310-2682,Steven Kalkanis,Steven,Kalkanis,,200,
0000-0001-5312-2923,Fareeda Abo-Rass,Fareeda,Abo-Rass,,200,
0000-0001-5314-1681,Alejandra Avalos-Pacheco,Alejandra,Avalos-Pacheco,,200,
0000-0001-5314-2959,Aditya Kamat,Aditya,Kamat,,200,
0000-0001-5315-9275,Simone Francescato,Simone,Francescato,,200,
0000-0001-5317-087X,Anatoly Rinberg,Anatoly,Rinberg,,200,
0000-0001-5319-3537,Ruolan Xue,Ruolan,Xue,,200,
0000-0001-5319-3860,Peng Zou,Peng,Zou,,200,
0000-0001-5320-6107,ZHITAO LIANG,ZHITAO,LIANG,,200,
0000-0001-5322-6271,Timothy Harden,Timothy,Harden,,200,
0000-0001-5322-783X,Arnold Fernandes,Arnold,Fernandes,,200,
0000-0001-5324-5165,Sukin Sim,Sukin,Sim,,200,
0000-0001-5324-8489,Linda Andreev,Linda,Andreev,,200,
0000-0001-5326-0680,Steven Frankland,Steven,Frankland,,200,
0000-0001-5327-7298,Katherine Lachance,Katherine,Lachance,,200,
0000-0001-5327-9701,Ana Lia Graciano,Ana Lia,Graciano,,200,
0000-0001-5328-2062,Ken Solt,Ken,Solt,Ken Solt,200,
0000-0001-5330-3177,Siân V Owen,Siân,Owen,Siân V Owen,200,
0000-0001-5333-6892,Eyal Dassau,Eyal,Dassau,,200,
0000-0001-5336-9117,Theodora Pappa,Theodora,Pappa,,200,
0000-0001-5337-3036,Samantha Sedor,Samantha,Sedor,,200,
0000-0001-5337-5592,Kayla Worthey,Kayla,Worthey,,200,
0000-0001-5338-0455,Anupama Yadav,Anupama,Yadav,,200,
0000-0001-5338-2522,David J. Malan,David J.,Malan,,200,
0000-0001-5342-0525,Vincenzo G. Teran,Vincenzo G.,Teran,,200,
0000-0001-5343-6447,Sean E. McGeary,Sean Edward,McGeary,Sean E. McGeary,200,
0000-0001-5344-6645,Ryan Sullivan,Ryan,Sullivan,,200,
0000-0001-5347-534X,Yuli Lily Hsieh,Yu Li,Hsieh,Yuli Lily Hsieh,200,
0000-0001-5347-8524,Minhal Ahmed,Minhal,Ahmed,,200,
0000-0001-5350-5457,Amanda O'Brien,Amanda,O'Brien,,200,
0000-0001-5351-9592,Joshua Park,Joshua,Park,,200,
0000-0001-5352-6071,Priscila Thihara Rodrigues,Priscila,Thihara Rodrigues,,200,
0000-0001-5355-1330,Carlos Dos Santos,Carlos,Dos Santos,,200,
0000-0001-5356-0130,Paola Calvachi,Paola,Calvachi,,200,
0000-0001-5359-8155,Tori L Cowger,Tori,Cowger,Tori L Cowger,200,
0000-0001-5362-6144,Grace Y. Ng,Grace,Ng,Grace Y. Ng,200,
0000-0001-5364-334X,Karen Adelman,Karen,Adelman,,200,
0000-0001-5368-1215,Swapna Koshy,Swapna,Koshy,,200,
0000-0001-5369-6097,Pura Ileana Arroyo Morales,Pura Ileana,Arroyo Morales,,200,
0000-0001-5370-0922,Lawrence Zi-Qiao Yang,Lawrence Zi-Qiao,Yang,,200,
0000-0001-5370-1597,Pierre BOUTILLIER,Pierre,BOUTILLIER,,200,
0000-0001-5370-523X,Hope Latta,Hope,Latta,,200,
0000-0001-5372-3913,Jacob Greenspon,Jacob,Greenspon,,200,
0000-0001-5373-855X,Catherine M. DesRoches,Catherine M.,DesRoches,Catherine M. DesRoches,200,
0000-0001-5375-6731,Rachael Brust,Rachael,Brust,,200,
0000-0001-5376-3835,Ernesto Zhildeer Chura Flores,Ernesto Zhildeer,Chura Flores,,200,
0000-0001-5379-3989,ivan,ivan,,,200,
0000-0001-5380-3905,tao wu,tao,wu,,200,
0000-0001-5381-8162,Adam Black,Adam,Black,,200,
0000-0001-5384-1856,Jarosław  Deka,Jarosław ,Deka,,200,
0000-0001-5384-8281,Robert Truog,Robert,Truog,,200,
0000-0001-5388-1751,Jumana AlHaj Abed,Jumana,AlHaj Abed,,200,
0000-0001-5390-2858,Jennifer Leaning,Jennifer,Leaning,,200,
0000-0001-5391-3776,Raysha Farah,Raysha,Farah,,200,
0000-0001-5392-3333,Dr. Ngima D. Sherpa,Ngima,Sherpa,Dr. Ngima D. Sherpa,200,
0000-0001-5392-4491,Grégoire Versmée,Grégoire,Versmée,,200,
0000-0001-5393-1464,Ryan Ritraj,Ryan,Ritraj,,200,
0000-0001-5393-9327,Michael Bernath,Michael,Bernath,,200,
0000-0001-5393-9562,Yumiko Ishizawa,Yumiko,Ishizawa,,200,
0000-0001-5395-7752,Michael Spano,Michael,Spano,Michael Spano,200,
0000-0001-5396-387X,Uffe Willemoes-Wissing,Uffe,Willemoes-Wissing,,200,
0000-0001-5397-064X,Olivia Stoddard,Olivia,Stoddard,,200,
0000-0001-5398-3395,Harmon Siegel,Harmon,Siegel,,200,
0000-0001-5398-8516,Iryna Kuksa,Iryna,Kuksa,,200,
0000-0001-5402-3687,Raul G Spallanzani,Raúl Germán,Spallanzani,Raul G Spallanzani,200,
0000-0001-5403-8555,Joshua C. Cofsky,Joshua,Cofsky,Joshua C. Cofsky,200,
0000-0001-5404-0970,"Zaev D Suskin, MD, MBE",Zaev,Suskin,"Zaev D Suskin, MD, MBE",200,
0000-0001-5406-3232,Brandon Mahal,Brandon,Mahal,,200,
0000-0001-5410-0291,Laurence Epstein,Laurence,Epstein,,200,
0000-0001-5412-3397,Yufan Li,Yufan,Li,,200,
0000-0001-5412-3506,Arminder Jassar,Arminder,Jassar,,200,
0000-0001-5414-1595,Jennifer Tobin,Jennifer,Tobin,,200,
0000-0001-5414-5385,Jonathan Lee Gibson,Jonathan,Gibson,Jonathan Lee Gibson,200,
0000-0001-5415-6818,Andrew C. Maccabe,Andrew,Maccabe,Andrew C. Maccabe,200,
0000-0001-5416-0964,Jin Zhang,Jin,Zhang,,200,
0000-0001-5417-9446,Inés M. Del Giudice,Inés María,Del Giudice,Inés M. Del Giudice,200,
0000-0001-5418-2581,Raj Behal,Raj,Behal,,200,
0000-0001-5418-5504,Debi LaPlante,Debi,LaPlante,,200,
0000-0001-5418-7235,Joshua Grolman,Joshua,Grolman,,200,
0000-0001-5419-0549,Doga C Gulhan,Doga C,Gulhan,,200,
0000-0001-5419-833X,Lisa Gilson,Lisa,Gilson,,200,
0000-0001-5421-6673,M. Catarina Silva,M. Catarina,Silva,,200,
0000-0001-5424-5810,Mohammad Almutairi,Mohammad,Almutairi,,200,
0000-0001-5426-9994,Duc Huy Tran,Duc Huy,Tran,,200,
0000-0001-5428-8300,Darren Southee,Darren,Southee,,200,
0000-0001-5430-4550,Stanley Gill,Stanley,Gill,,200,
0000-0001-5439-8614,Emily Ka Yi Tam,Emily Ka Yi,Tam,,200,
0000-0001-5440-6442,Kaiwen Shi,Kaiwen,Shi,,200,
0000-0001-5441-0484,Jongkil Kim,Jongkil,Kim,,200,
0000-0001-5442-3189,Sergio Poli,Sergio,Poli,,200,
0000-0001-5443-5569,Huiwen Yu,Huiwen,Yu,,200,
0000-0001-5443-8292,Ciputra Hartana,Ciputra,Hartana,,200,
0000-0001-5445-0945,Shan Wu,Shan,Wu,,200,
0000-0001-5452-8845,Julian D. Sandbrink,Julian David,Sandbrink,Julian D. Sandbrink,200,
0000-0001-5456-1688,Jennifer J Lee,Jennifer,Lee,Jennifer J Lee,200,
0000-0001-5456-5283,Mei X. Wu,Mei,Wu,Mei X. Wu,200,
0000-0001-5462-3586,Michael Darryl Voysey,Michael Darryl,Voysey,,200,
0000-0001-5470-2364,Gabeba Baderoon,Gabeba,Baderoon,,200,
0000-0001-5472-8273,Adi Doron,Adi,Doron,,200,
0000-0001-5475-413X,Catherine Kegakilwe Koofhethile,Catherine Kegakilwe,Koofhethile,,200,
0000-0001-5475-560X,Alexandra A. Halberstam,Alexandra,Halberstam,Alexandra A. Halberstam,200,
0000-0001-5477-1028,Oya Dursun-Ozkanca,Oya,Dursun-Özkanca,Oya Dursun-Ozkanca,200,
0000-0001-5482-5954,Thasni Karedath,Thasni,karedath abdul azis,Thasni Karedath,200,
0000-0001-5483-026X,Moritz Stingl,Moritz,Stingl,,200,
0000-0001-5483-8026,Sachin Naik,Sachin,Naik,,200,
0000-0001-5484-4987,Lieke van Son,Lieke,van Son,,200,
0000-0001-5486-3475,Andres Guerrero Criado,Andres,Guerrero Criado,,200,
0000-0001-5487-4748,Lisa Kozicky,Lisa,Kozicky,,200,
0000-0001-5490-9744,Judith A. Gutierrez,Judith A.,Gutierrez,Judith A. Gutierrez,200,
0000-0001-5491-4375,Lino Cardenas CL,christian,Lino Cardenas,Lino Cardenas CL,200,
0000-0001-5493-1175,William Nicholas Cesta,William Nicholas,Cesta,,200,
0000-0001-5494-4806,Gail P. Clement,Gail,Clement,Gail P. Clement,200,
0000-0001-5500-9721,Camilo Andres Calixto,Camilo,Calixto,Camilo Andres Calixto,200,
0000-0001-5502-6150,Pauline Schmit,Pauline,Schmit,,200,
0000-0001-5503-3000,Christopher Chiodo,Christopher,Chiodo,,200,
0000-0001-5503-9728,Andres A Binkercosen,Andres,Binkercosen,Andres A Binkercosen,200,
0000-0001-5504-1502,Hirotaka Iijima,Hirotaka,Iijima,,200,
0000-0001-5504-4025,Karen Dynan,Karen,Dynan,,200,
0000-0001-5504-5589,Naomi Hamburg,Naomi,Hamburg,,200,
0000-0001-5509-5463,Mustafa Karatok,Mustafa,Karatok,,200,
0000-0001-5509-6845,Min Zhou,Min,Zhou,,200,
0000-0001-5511-8936,Zachary Zinsli,Zachary,Zinsli,,200,
0000-0001-5514-8975,Philip Matchett Wood,Philip Matchett,Wood,,200,
0000-0001-5515-0856,Laura Gabriele Elsler,Laura Gabriele,Elsler,,200,
0000-0001-5515-948X,Patty Gerstenblith,Patty,Gerstenblith,,200,
0000-0001-5518-2364,Ellen Jopling,Ellen,Jopling,,200,
0000-0001-5518-3973,Yu Xie,Yu,Xie,,200,
0000-0001-5518-6605,Abdullah Al Emran,Abdullah Al,Emran,,200,
0000-0001-5519-228X,Tianli Wang,Tianli,Wang,,200,
0000-0001-5521-0986,German Mauricio Ojeda Pacheco,German Mauricio,Ojeda Pacheco,,200,
0000-0001-5526-5717,Donald Hanna,Donald,Hanna,,200,
0000-0001-5529-3742,S. Layla Heimlich,Layla,Heimlich,S. Layla Heimlich,200,
0000-0001-5529-4358,Clemens Kuhlenkamp,Clemens,Kuhlenkamp,,200,
0000-0001-5531-0127,Jeffrey Y Shyu,Jeffrey,Shyu,Jeffrey Y Shyu,200,
0000-0001-5531-3897,Hillary Stein,Hillary,Stein,,200,
0000-0001-5534-460X,Shayan Gholizadeh,Shayan,Gholizadeh,,200,
0000-0001-5536-2672,Chandra Isenberg,Chandra,Isenberg,,200,
0000-0001-5538-867X,Ayşen (Aysen) UNUDULMAZKAN,Ayşen (Aysen),UNUDULMAZKAN,,200,
0000-0001-5540-3307,"Md Shahinoor Rahman, Ph.D.",Md Shahinoor,Rahman,"Md Shahinoor Rahman, Ph.D.",200,
0000-0001-5541-3150,Dávid Guszejnov,Dávid,Guszejnov,,200,
0000-0001-5545-3240,Marc Dorpema,Marc,Dorpema,,200,
0000-0001-5546-0360,Bruce Ksander,Bruce,Ksander,,200,
0000-0001-5547-106X,Viral Shah,Viral,Shah,,200,
0000-0001-5552-1450,Junyi Cheng,Junyi,Cheng,,200,
0000-0001-5555-3217,Will Xiao,Will,Xiao,,200,
0000-0001-5557-7753,Keishiro Sueda,Keishiro,Sueda,,200,
0000-0001-5558-4830,Leslie Lehmann,Leslie,Lehmann,,200,
0000-0001-5559-6428,M Ganesh Kumar,M Ganesh,Kumar,,200,
0000-0001-5560-7035,Jerrold Rosenbaum,Jerrold,Rosenbaum,,200,
0000-0001-5561-8412,Terence C Cheng,Terence C,Cheng,,200,
0000-0001-5561-9095,Henrique Castro-Pires,Henrique,Castro-Pires,,200,
0000-0001-5562-9875,Christine Yeh,Christine,Yeh,,200,
0000-0001-5563-5829,Michelle L. Walsh,Michelle,Walsh,Michelle L. Walsh,200,
0000-0001-5564-1698,Zintis Inde,Zintis,Inde,,200,
0000-0001-5564-2762,Steve Allen,Steve,Allen,,200,
0000-0001-5564-8064,Giuseppe Di Caprio,Giuseppe,Di Caprio,,200,
0000-0001-5568-4444,"Mark A Clapp, MD MPH",Mark,Clapp,"Mark A Clapp, MD MPH",200,
0000-0001-5570-7220,Tomoya Duenki,Tomoya,Duenki,,200,
0000-0001-5571-4121,LILLIANA VILLA,LILLIANA,VILLA,,200,
0000-0001-5571-5220,Sk Md Omar Faruk,Sk Md Omar Faruk,,,200,
0000-0001-5574-9586,Maroof Alam,Maroof,Alam,,200,
0000-0001-5576-9608,Calvin Howard,Calvin,Howard,,200,
0000-0001-5580-0986,Stefano Casola,Stefano,Casola,,200,
0000-0001-5581-160X,Matthew H. Hersch,Matthew Howard,Hersch,Matthew H. Hersch,200,
0000-0001-5585-9056,Anna Stagner,Anna,Stagner,,200,
0000-0001-5586-8390,Ilja T. Feldstein,Ilja,Feldstein,Ilja T. Feldstein,200,
0000-0001-5587-2146,Xiaoli Sky Wu,Xiaoli,Wu,Xiaoli Sky Wu,200,
0000-0001-5587-7852,Alexandra Lahav,Alexandra,Lahav,,200,
0000-0001-5588-7591,SAIMA NOMAAN,SAIMA,NOMAAN,,200,
0000-0001-5589-2024,Yiran Cheng,Yiran,Cheng,,200,
0000-0001-5590-0549,Jinkee Lee,Jinkee,Lee,,200,
0000-0001-5590-1170,Virly Y. Ananda,Virly,Ananda,Virly Y. Ananda,200,
0000-0001-5592-476X,Mohammad Mehdi Shahjamali,Mohammad Mehdi,Shahjamali,,200,
0000-0001-5592-6909,Mary Brinton,Mary,Brinton,,200,
0000-0001-5593-4853,Nikitas Hatzimihail,Nikitas,Hatzimihail,,200,
0000-0001-5595-8011,Isabella Maiellaro,Isabella,Maiellaro,,200,
0000-0001-5598-3751,Abigail Sloan Devlin,Abigail Sloan,Devlin,,200,
0000-0001-5601-1065,Cristian Camilo Chica Castaño,Cristian Camilo,Chica Castaño,,200,
0000-0001-5601-9112,carlee moser,carlee,moser,,200,
0000-0001-5602-6793,Richard L Verrier,Richard L,Verrier,,200,
0000-0001-5603-6959,Dina Hirshfeld-Becker,Dina,Hirshfeld-Becker,,200,
0000-0001-5604-0704,Andrew McMurry,Andrew,McMurry,,200,
0000-0001-5605-0283,Charles Fidler,Charles,Fidler,Charles Fidler,200,
0000-0001-5605-1198,Roxana Shafiee,Roxana,Shafiee,,200,
0000-0001-5608-0589,Sara Ramadan,Sara,Ramadan,,200,
0000-0001-5610-1159,Yingzhe Zhang,Yingzhe,Zhang,,200,
0000-0001-5612-8140,Alessio Caruso,Alessio,Caruso,,200,
0000-0001-5613-7100,Nuno R. G. Carvalho,Nuno,Ramos Grangeia Carvalho,Nuno R. G. Carvalho,200,
0000-0001-5614-4239,Dimitris Loupis,Dimitris,Loupis,,200,
0000-0001-5615-4541,Daniel Kapec,Daniel,Kapec,,200,
0000-0001-5618-1849,Ralph J. Buonopane,Ralph,Buonopane,Ralph J. Buonopane,200,
0000-0001-5619-5175,Anna Yuan,Anna,Yuan,,200,
0000-0001-5622-4212,Pedro de Alarcon,Pedro,de Alarcon,,200,
0000-0001-5622-9128,Anvita Bhardwaj,Anvita,Bhardwaj,,200,
0000-0001-5625-6409,Yangfan Zhang,Yangfan,Zhang,,200,
0000-0001-5626-0790,Ming Guan,Ming,Guan,,200,
0000-0001-5627-0593,Zaneta Matuszek,Zaneta,Matuszek,,200,
0000-0001-5627-7146,Eugene Beresin,Eugene,Beresin,,200,
0000-0001-5631-3469,SHAKSON ISAAC,SHAKSON,ISAAC,,200,
0000-0001-5633-8746,Nicole Pecora,Nicole,Pecora,,200,
0000-0001-5636-7846,Daniel Witvliet,Daniel,Witvliet,,200,
0000-0001-5638-5593,Hai-Jun Liu,Haijun,Liu,Hai-Jun Liu,200,
0000-0001-5638-9631,Camille V. Phaneuf-Hadd,Camille,Phaneuf-Hadd,Camille V. Phaneuf-Hadd,200,
0000-0001-5639-4182,Anna Hartmann,Anna,Hartmann,,200,
0000-0001-5641-8893,Raphaëlle Khan,Raphaëlle,Khan,,200,
0000-0001-5642-5436,Jialan Shi,Jialan,Shi,,200,
0000-0001-5643-1510,Franchesca Castro Ramirez,Franchesca,Castro Ramirez,Franchesca Castro Ramirez,200,
0000-0001-5645-7534,Meira Levinson,Meira,Levinson,,200,
0000-0001-5647-2822,Michele Bevilacqua,Michele,Bevilacqua,,200,
0000-0001-5652-9868,Meital Reches,Meital,Reches,,200,
0000-0001-5657-2655,Jan Suski,Jan,Suski,,200,
0000-0001-5657-2970,George R Seage III,George R,Seage III,George R Seage III,200,
0000-0001-5659-0298,Freda B. Lynn,Freda,Lynn,Freda B. Lynn,200,
0000-0001-5661-0658,Jasmijn Baaijens,Jasmijn,Baaijens,,200,
0000-0001-5661-1714,Linda Hsieh-Wilson,Linda,Hsieh-Wilson,,200,
0000-0001-5662-6908,Cheng-Chia Tsai,Cheng-Chia,Tsai,,200,
0000-0001-5664-2764,Jai K Khurana,Jai,Khurana,Jai K Khurana,200,
0000-0001-5666-3485,Sunah Choi,Sunah,Choi,,200,
0000-0001-5667-1979,Takafumi Nakano,Takafumi,Nakano,,200,
0000-0001-5668-3427,Bing Wang,Bing,Wang,Bing Wang,200,
0000-0001-5670-0004,Colin Fredericks,Colin,Fredericks,,200,
0000-0001-5670-8778,Alex K. Shalek,Alex K.,Shalek (He/Him),Alex K. Shalek,200,
0000-0001-5672-6730,Yuhki Tajima,Yuhki,Tajima,,200,
0000-0001-5672-7506,Cristina Herren,Cristina,Herren,,200,
0000-0001-5674-6950,Dominique-Esther Seroussi,Dominique-Esther,Seroussi,,200,
0000-0001-5675-3042,Thomas Lyman,Thomas,Lyman,,200,
0000-0001-5680-345X,Alan Y. Hsu,Alan,Hsu,Alan Y. Hsu,200,
0000-0001-5682-0209,Abhinav Kaushik,Abhinav,Kaushik,,200,
0000-0001-5683-8759,Shiro Furuya,Shiro,Furuya,,200,
0000-0001-5684-4585,Sílvia Casacuberta,Sílvia,Casacuberta,,200,
0000-0001-5685-8303,Francesca Gori,Francesca,Gori,,200,
0000-0001-5686-9651,Sang-Kee Choi,Sang-Kee,Choi,,200,
0000-0001-5687-4186,Suely  Fazio Ferraciolli,Suely ,Fazio Ferraciolli,,200,
0000-0001-5688-5678,Valerie Gutmann Koch,Valerie Gutmann,Koch,,200,
0000-0001-5689-0055,Amit K. Scheer,Amit,Scheer,Amit K. Scheer,200,
0000-0001-5689-0426,Heather Kosakowski,Heather,Kosakowski,,200,
0000-0001-5691-4459,Marcus Sak,Marcus,Sak,,200,
0000-0001-5691-6665,Aidin Masoudi,Aidin,Masoudi,,200,
0000-0001-5692-9781,Maria Segui-Gomez,Maria,Segui-Gomez,,200,
0000-0001-5693-3764,Raz Banosian,Raz,Banosian,,200,
0000-0001-5694-2441,Zhiyuan Wu,Zhiyuan,Wu,,200,
0000-0001-5697-3336,Sara R. Price,Sara,Price,Sara R. Price,200,
0000-0001-5697-7118,Fatma Gomaa,Fatma,Gomaa,,200,
0000-0001-5705-0023,Silvia J Canas-Duarte,Silvia J,Canas-Duarte,,200,
0000-0001-5709-2311,Sarah (Soyeon) Oh,Sarah,Oh,Sarah (Soyeon) Oh,200,
0000-0001-5710-1222,susan pashman,susan,pashman,,200,
0000-0001-5716-1444,Jacob Ellen,Jacob,Ellen,,200,
0000-0001-5716-6851,Matthew C. H. Leung,Matthew,Leung,Matthew C. H. Leung,200,
0000-0001-5719-8482,Claire A Berman,Claire A,Berman,Claire A Berman,200,
0000-0001-5720-2568,Thomas Underwood,Thomas,Underwood,,200,
0000-0001-5722-9218,Douglas M. Mosher,Douglas,Mosher,Douglas M. Mosher,200,
0000-0001-5723-0737,Dilansu Guneykaya,Dilansu,Guneykaya,,200,
0000-0001-5725-160X,Marilina de Sautu,Marilina,de Sautu,,200,
0000-0001-5725-8852,Carolina dos Anjos,Carolina,dos Anjos,,200,
0000-0001-5726-4865,SueYeon Chung,SueYeon,Chung,,200,
0000-0001-5729-0289,Ari Turkiewicz,Ari,Turkiewicz,,200,
0000-0001-5730-3844,Jun Feng,Jun,Feng,,200,
0000-0001-5730-9904,Gu-Yeon Wei,Gu-Yeon,Wei,,200,
0000-0001-5733-6769,Xin Lin,Xin,Lin,,200,
0000-0001-5736-5180,Aditi Saxena,Aditi,Saxena,,200,
0000-0001-5736-7004,Joel Melquiades,Joel,Melquiades,,200,
0000-0001-5737-9638,Elizabeth McKenna,Elizabeth,McKenna,,200,
0000-0001-5740-707X,Ellen  Bublick,Ellen ,Bublick,,200,
0000-0001-5743-1854,Parris Humphrey,Parris,Humphrey,,200,
0000-0001-5744-2414,Ibolya Csecs,Ibolya,Csecs,,200,
0000-0001-5744-5500,Julia Oswald,Julia,Oswald,,200,
0000-0001-5749-3000,Javier M. Romero,Javier M.,Romero,,200,
0000-0001-5751-2806,Joshua R Niska,Joshua,Niska,Joshua R Niska,200,
0000-0001-5752-4911,beatriz e dorsey,beatriz e,dorsey,,200,
0000-0001-5753-3586,Vinish Aravindakshan,Vinish,Aravindakshan,,200,
0000-0001-5754-6176,Lisa Traunmueller,Lisa,Traunmueller,,200,
0000-0001-5755-6833,"Daniel Paech, MD, PhD",Daniel,Paech,"Daniel Paech, MD, PhD",200,
0000-0001-5757-1494,Marc McGee,Marc,McGee,,200,
0000-0001-5758-5482,Wei Chen,Wei,Chen,,200,
0000-0001-5758-966X,Aparna  Krishnamoorthy,Aparna ,Krishnamoorthy,,200,
0000-0001-5761-719X,Ebru Oral,Ebru,Oral,,200,
0000-0001-5763-8038,Julia Sarreal,Julia,Sarreal,,200,
0000-0001-5764-3929,Karolina Sekita,Karolina,Sekita,,200,
0000-0001-5765-3545,Bahman Khodadadi,Bahman,Khodadadi,,200,
0000-0001-5766-0761,Mehret Dubale,Mehret Amsalu,Dubale,Mehret Dubale,200,
0000-0001-5768-0535,Susanna Dang,Susanna,Dang,,200,
0000-0001-5771-7721,Xianyang Bao,Xianyang,Bao,,200,
0000-0001-5775-408X,Xuefeng Wang,Xuefeng,Wang,,200,
0000-0001-5775-5488,Ni Yan,Ni,Yan,,200,
0000-0001-5776-4333,Anna Wadhwa,Anna,Wadhwa,,200,
0000-0001-5778-7615,Shubhankar Nath,Shubhankar,Nath,,200,
0000-0001-5779-0339,Bruce Rasmussen,Bruce,Rasmussen,,200,
0000-0001-5780-6206,Jenna M. Cook,Jenna,Cook,Jenna M. Cook,200,
0000-0001-5784-3103,Ying Bao,Ying,Bao,,200,
0000-0001-5785-6289,Rodrigo Telles,Rodrigo,Telles,Rodrigo Telles,200,
0000-0001-5786-9768,Zuwan Lin,Zuwan,Lin,,200,
0000-0001-5788-8803,Christian Lars Johannes Otfried Jürgen Neufeldt,Christian Lars Johannes Otfried Jürgen,Neufeldt,,200,
0000-0001-5789-0399,Eswarreddy Bhimireddy,Eswarreddy,Bhimireddy,,200,
0000-0001-5790-1676,Vasiliki Apostolou,Vasiliki,Apostolou,,200,
0000-0001-5793-0127,Cosmos Yuqi Wang,Cosmos Yuqi,Wang,,200,
0000-0001-5796-5290,Kok Siong Chen,Kok Siong,Chen,,200,
0000-0001-5800-5443,Allison Goldstein ,Allison,Goldstein ,,200,
0000-0001-5801-872X,Alexandre Girão,Alexandre,Girão,,200,
0000-0001-5805-8959,Katherine Xiang,Katherine,Xiang,,200,
0000-0001-5807-7578,Alexandra Veloso,Alexandra,Bacquelaine Veloso,Alexandra Veloso,200,
0000-0001-5807-9493,Rui Zhang,Rui,Zhang,,200,
0000-0001-5809-8731,Rebecca Whitehouse,Rebecca,Whitehouse,,200,
0000-0001-5813-1386,Hajime Takase,Hajime,Takase,,200,
0000-0001-5813-8449,Marco Carrasco-Villanueva,Marco Alberto,Carrasco Villanueva,Marco Carrasco-Villanueva,200,
0000-0001-5816-9181,Lauren A. M. Lebois,Lauren,Lebois,Lauren A. M. Lebois,200,
0000-0001-5819-0108,Nicole Maestas,Nicole,Maestas,,200,
0000-0001-5819-6008,Marissa Mery,Marissa,Mery,,200,
0000-0001-5820-2068,Ilan Rubin,Ilan,Rubin,,200,
0000-0001-5821-1722,Sarah  Hummel,Sarah ,Hummel,,200,
0000-0001-5822-7724,Yaprak Onder,Yaprak,Onder,,200,
0000-0001-5823-6591,Eduardo Henrique de Souza Oliveira,Eduardo Henrique,de Souza Oliveira,,200,
0000-0001-5826-8761,Thais Boccia da Costa,Thais,Boccia da Costa,,200,
0000-0001-5831-3243,Catherine Berkey,Catherine,Berkey,,200,
0000-0001-5835-6534,Molly Pucci,Molly,Pucci,,200,
0000-0001-5837-3203,Joseph P. Newhouse,Joseph P.,Newhouse,,200,
0000-0001-5841-8264,Benjy Firester,Benjamin,Firester,Benjy Firester,200,
0000-0001-5841-831X,Hong-Ye Hu,Hong-Ye,Hu,Hong-Ye Hu,200,
0000-0001-5845-9779,Marina Celestine,Marina,Celestine,Marina Celestine,200,
0000-0001-5847-1743,James Cross,James,Cross,,200,
0000-0001-5849-2552,Spiro Pollalis,Spiro,Pollalis,,200,
0000-0001-5859-9528,Eyal Krispin,Eyal,Krispin,,200,
0000-0001-5860-6097,Michael M. Lindeborg,Michael M.,Lindeborg,,200,
0000-0001-5861-1152,Angelika Kratzer,Angelika,Kratzer,,200,
0000-0001-5864-0404,Xun Gao,Xun,Gao,,200,
0000-0001-5865-8524,Harish A. Lingam,Harish,Lingam,Harish A. Lingam,200,
0000-0001-5871-6245,Albert Steppi,Albert,Steppi,,200,
0000-0001-5872-5889,Sandra Galan-Frei,Sandra,Galan-Frei,,200,
0000-0001-5879-0461,Sarfraz Ahmed,Sarfraz,Ahmed,,200,
0000-0001-5881-6975,Felix A Sosa,Felix,Sosa,Felix A Sosa,200,
0000-0001-5885-1340,Amin Mahpour,Amin,Mahpour,,200,
0000-0001-5885-7881,Aaron F. Straight,Aaron,Straight,Aaron F. Straight,200,
0000-0001-5886-7174,Jianhan Zhou,Jianhan,Zhou,Jianhan Zhou,200,
0000-0001-5887-581X,Arash Anvari,Arash,Anvari,,200,
0000-0001-5887-7030,Santiago Giner Olavarrieta,Santiago,Giner Olavarrieta,,200,
0000-0001-5888-2972,Stephanie Hillsgrove,Stephanie,Hillsgrove,,200,
0000-0001-5888-5372,Faith O. Majekolagbe,Faith O.,Majekolagbe,,200,
0000-0001-5889-2767,Gustavo A. Bravo,Gustavo,Bravo,Gustavo A. Bravo,200,
0000-0001-5889-3970,Marta Karas,Marta,Karas,,200,
0000-0001-5889-7816,David Pont-Esteban,David,Pont-Esteban,,200,
0000-0001-5894-8062,Alexander Mee-Woong Kim,Alexander,Kim,Alexander Mee-Woong Kim,200,
0000-0001-5895-7460,Susannah Leigh Rose,Susannah Leigh,Rose,,200,
0000-0001-5896-031X,YiQing Lü,YiQing,Lü,,200,
0000-0001-5896-963X,Marcelle Machluf,Marcelle,Machluf,,200,
0000-0001-5897-1713,Emilie Leroy,Emilie,Leroy,,200,
0000-0001-5900-5074,Derrick Amoako,Derrick,Amoako,,200,
0000-0001-5900-7504,Juying Lai,Juying,Lai,,200,
0000-0001-5901-9783,Elia Gorokhovsky,Elia,Gorokhovsky,,200,
0000-0001-5903-131X,Evelynne S. Fulda,Evelynne,Fulda,Evelynne S. Fulda,200,
0000-0001-5905-6517,Geoffrey Fudenberg,Geoffrey,Fudenberg,Geoffrey Fudenberg,200,
0000-0001-5906-8243,Charles Longtine,Charles,Longtine,,200,
0000-0001-5908-6820,Alan Wong,Alan,Wong,,200,
0000-0001-5908-9765,Bailey Bowcutt,Bailey,Bowcutt,,200,
0000-0001-5909-7802,Alex Yenkin,Alex,Yenkin,,200,
0000-0001-5913-2700,MAYANK MANGESH GHOGALE,MAYANK MANGESH,GHOGALE,,200,
0000-0001-5914-6862,Albert Salas-Huetos,Albert,Salas-Huetos,,200,
0000-0001-5915-1848,Aylin Acun,Aylin,Acun,,200,
0000-0001-5919-8742,Arthur J Schick III,Arthur,Schick,Arthur J Schick III,200,
0000-0001-5920-2801,Yingqian Chen,Yingqian,Chen,,200,
0000-0001-5922-4082,Robert Meade,Robert,Meade,,200,
0000-0001-5922-4154,Amanda Reich,Amanda,Reich,,200,
0000-0001-5923-6825,Richard Schultz,Richard,Schultz,,200,
0000-0001-5923-7502,Mikael Hiberg Naghizadeh,Mikael Hiberg,Naghizadeh,Mikael Hiberg Naghizadeh,200,
0000-0001-5924-5211,Timothy Brady,Timothy,Brady,,200,
0000-0001-5925-8768,Marcus Ossiander,Marcus,Ossiander,,200,
0000-0001-5926-4682,Robert Lee,Robert,Lee,,200,
0000-0001-5927-4397,Daniel Miller,Daniel,Miller,,200,
0000-0001-5927-7416,Linda Hermer,Linda,Hermer,,200,
0000-0001-5928-9396,Daniel Ebanks,Daniel,Ebanks,,200,
0000-0001-5933-5815,Sarah Schlegel,Sarah,Schlegel,,200,
0000-0001-5934-4391,Amar Prasad Gupta,Amar Prasad,Gupta,,200,
0000-0001-5937-8567,Ogonna  Nnamani Silva ,Ogonna ,Nnamani Silva ,,200,
0000-0001-5938-8335,Shobha Vasudevan,Shobha,Vasudevan,,200,
0000-0001-5940-6150,Evan O'Loughlin,Evan,O'Loughlin,,200,
0000-0001-5944-1183,Asher Mishaly,Asher,Mishaly,,200,
0000-0001-5944-2493,Patrice Groomes,Patrice,Groomes,,200,
0000-0001-5944-5678,Shelby Clark,Shelby,Clark,,200,
0000-0001-5945-737X,Nhan Huynh,Nhan,Huynh,,200,
0000-0001-5946-6428,Kalon Ho,Kalon,Ho,,200,
0000-0001-5946-8300,Igor L. Gomes-Santos,Igor Lucas,Gomes dos Santos,Igor L. Gomes-Santos,200,
0000-0001-5946-9629,Theodore Betley,Theodore,Betley,,200,
0000-0001-5948-0174,Eric Wei,Eric,Wei,,200,
0000-0001-5951-1292,Zuen Ren,Zuen,Ren,,200,
0000-0001-5954-5660,Matthew Brennan,Matthew,Brennan,,200,
0000-0001-5956-4693,Xiaogang Wang,Xiaogang,Wang,,200,
0000-0001-5957-3063,Bradley English,Bradley,English,,200,
0000-0001-5965-0460,Hannah Gilbert,Hannah,Gilbert,,200,
0000-0001-5970-7324,Joisa Campanher Dutra Saraiva,Joisa Campanher Dutra,Saraiva,,200,
0000-0001-5971-3097,Mark Zielstorff,Mark,Zielstorff,,200,
0000-0001-5979-1562,Jennifer Hochschild,Jennifer,Hochschild,,200,
0000-0001-5980-1417,Jairo A. Moreno-González,Jairo A.,Moreno-González,,200,
0000-0001-5980-268X,Roy Gordon,Roy,Gordon,,200,
0000-0001-5984-3190,Joshua Mornhinweg,Joshua,Mornhinweg,,200,
0000-0001-5985-5714,Emily Balskus,Emily,Balskus,,200,
0000-0001-5994-4338,Ren Liu,Ren,Liu,,200,
0000-0001-6000-8387,Stephen Kissler,Stephen,Kissler,,200,
0000-0001-6001-7208,Maryam Kazemi,Maryam,Kazemi,,200,
0000-0001-6005-1895,Emmalyn Lecky,Emmalyn,Lecky,,200,
0000-0001-6006-3909,Gerome Vallejos,Gerome,Vallejos,,200,
0000-0001-6008-1947,Wisam Nabeel Ibrahim,Wisam Nabeel,Ibrahim,Wisam Nabeel Ibrahim,200,
0000-0001-6008-2720,Georg Hahn,Georg,Hahn,Georg Hahn,200,
0000-0001-6009-3892,Simone Ummarino,Simone,Ummarino,,200,
0000-0001-6012-1451,Jeffrey Holzgrafe,Jeffrey,Holzgrafe,,200,
0000-0001-6013-8544,Jingyi Chi,Jingyi,Chi,,200,
0000-0001-6015-4333,Kritika Vashishtha,Kritika,Vashishtha,,200,
0000-0001-6018-0793,"Li YI, PhD",Li,Yi,"Li YI, PhD",200,
0000-0001-6023-1060,Mahesh Chandra Kodali,Mahesh Chandra,Kodali,,200,
0000-0001-6023-6523,Da Zhi,Da,Zhi,,200,
0000-0001-6024-3037,Cong Liu,Cong,Liu,,200,
0000-0001-6025-3243,Nisan Ozana,Nisan,Ozana,,200,
0000-0001-6025-713X,Ahmad Zareei,Ahmad,Zareei,,200,
0000-0001-6029-0597,Christoph Gräni,Christoph,Gräni,,200,
0000-0001-6031-830X,Sarah Somji,Sarah,Somji,,200,
0000-0001-6033-2013,Zerin Mahzabin Khan,Zerin Mahzabin,Khan,Zerin Mahzabin Khan,200,
0000-0001-6033-4975,Daniel M. Kim,Daniel,Kim,Daniel M. Kim,200,
0000-0001-6036-0399,Xandra O. Breakefield,Xandra O.,Breakefield,,200,
0000-0001-6039-0061,Jeffrey Post,Jeffrey,Post,,200,
0000-0001-6041-5118,Courtney Lewis,Courtney,Lewis,,200,
0000-0001-6047-7415,Mark Esposito,Mark,Esposito,,200,
0000-0001-6048-376X,Katie Ulrich,Katie,Ulrich,,200,
0000-0001-6049-8494,Kimberly Meerschaert,Kimberly,Meerschaert,,200,
0000-0001-6049-9681,Jenny Soyeon Lee,Jenny Soyeon,Lee,,200,
0000-0001-6051-954X,Menghan Shen,Menghan,Shen,,200,
0000-0001-6055-4812,Muhammad Yasir Zahoor,Muhammad Yasir,Zahoor,,200,
0000-0001-6056-7250,Peter Vu,Peter,Vu,,200,
0000-0001-6057-950X,Aaron Cohen,Aaron,Cohen,,200,
0000-0001-6059-0688,Gernot Wagner,Gernot,Wagner,,200,
0000-0001-6059-6270,Chris Sander,Chris,Sander,,200,
0000-0001-6067-972X,Kenneth B. Christopher,Kenneth B.,Christopher,Kenneth B. Christopher,200,
0000-0001-6068-2902,Zifan Wang,Zifan,Wang,,200,
0000-0001-6068-4430,Samuel Bowles,Samuel,Bowles,,200,
0000-0001-6070-0592,Jin-Mi Heo,Jin-Mi,Heo,,200,
0000-0001-6070-231X,Bjorn Olsen,Bjorn,Olsen,,200,
0000-0001-6070-8017,Tigist Menkir,Tigist,Menkir,,200,
0000-0001-6074-2098,Lawrence Weru,Lawrence,Weru,,200,
0000-0001-6075-3176,W. Shane Journeay,W. Shane,Journeay,,200,
0000-0001-6079-8067,Hayoun Won,Hayoun,Won,,200,
0000-0001-6081-0513,Namrata Nilavar,Namrata,Nilavar,,200,
0000-0001-6082-2143,CHENGYU LIANG,CHENGYU,LIANG,,200,
0000-0001-6083-6924,Vaskar Gnyawali,Vaskar,Gnyawali,,200,
0000-0001-6086-5522,Phoebe Lickwar,Phoebe,Lickwar,,200,
0000-0001-6088-0650,Mary Lowe,Mary,Lowe,,200,
0000-0001-6088-1522,Niki Tsironis,Niki,Tsironis,,200,
0000-0001-6088-4213,Yu Zhang,Yu,Zhang,,200,
0000-0001-6089-3339,Frances Hancock,Frances,Hancock,,200,
0000-0001-6093-2262,Kristen Koenig,Kristen,Koenig,,200,
0000-0001-6094-2305,Neng Wan,Neng,Wan,,200,
0000-0001-6095-076X,Zameer Bharwani,Zameer,Bharwani,,200,
0000-0001-6095-2431,Janabel Xia,Janabel,Xia,,200,
0000-0001-6095-2466,John Bachman,John,Bachman,,200,
0000-0001-6098-9998,Kathleen F Vincent,Kathleen Frances,Vincent,Kathleen F Vincent,200,
0000-0001-6099-1481,Donna Orwin,Donna,Orwin,,200,
0000-0001-6099-3268,Alan J. Tu,Alan,Tu,Alan J. Tu,200,
0000-0001-6100-8581,Justin Martin,Justin,Martin,,200,
0000-0001-6103-4288,Badrinath Jagannath,Badrinath,Jagannath,,200,
0000-0001-6104-6350,Wei Gu,Wei,Gu,,200,
0000-0001-6104-7943,Christopher Palmer,Christopher,Palmer,,200,
0000-0001-6106-8541,Scott Wahlstrom,Scott,Wahlstrom,,200,
0000-0001-6107-6138,Desmond Yengi,Desmond,Yengi,,200,
0000-0001-6107-7376,Deborah Blacker,Deborah,Blacker,,200,
0000-0001-6110-0169,Suhrid Ghosh,Suhrid,Ghosh,,200,
0000-0001-6111-9521,Flavia Garcez,Flavia,Garcez,,200,
0000-0001-6116-3020,Kaavya Narasimhalu,Kaavya,Narasimhalu,,200,
0000-0001-6116-8067,Jacob Paiano,Jacob,Paiano,,200,
0000-0001-6117-1151,Santosh Shenoy,Santosh,Shenoy,,200,
0000-0001-6118-9466,Marilyn D. Resh,Marilyn,Resh,Marilyn D. Resh,200,
0000-0001-6119-0889,Edward Christopher Dee,Edward Christopher,Dee,,200,
0000-0001-6120-2173,Bassam Khoury,Bassam,Khoury,,200,
0000-0001-6123-5661,Lawrence J. Kaiser,Lawrence,Kaiser,Lawrence J. Kaiser,200,
0000-0001-6129-5779,Dylan Barber,Dylan,Barber,,200,
0000-0001-6130-6810,Amitai Miller,Amitai,Miller,,200,
0000-0001-6132-9254,Seunghyun Wang,Seunghyun,Wang,,200,
0000-0001-6133-3333,Youjia Li,Youjia,Li,,200,
0000-0001-6135-4708,Whitney Golden,Whitney,Golden,,200,
0000-0001-6135-9998,Magdalena Sevilla-González,Magdalena,Sevilla-González,,200,
0000-0001-6136-392X,Sara O'Brien,Sara,O'Brien,,200,
0000-0001-6141-3704,Daniela Jesica Di Bella,Daniela Jesica,Di Bella,,200,
0000-0001-6141-3771,Mélina Cordeau,Mélina,Cordeau,,200,
0000-0001-6142-0285,Mara Murray Horwitz,Mara,Murray Horwitz,,200,
0000-0001-6143-0619,Brianna Turner,Brianna,Turner,,200,
0000-0001-6149-3142,Sizun Jiang,Sizun,Jiang,,200,
0000-0001-6150-8797,Qiang Gao,Qiang,Gao,,200,
0000-0001-6151-4310,James R. Rice,James R.,Rice,James R. Rice,200,
0000-0001-6151-6930,Jackson Nyman,Jackson,Nyman,,200,
0000-0001-6152-8456,L A Liggett,L A,Liggett,,200,
0000-0001-6155-8532,Valdimara  Corrêa Vieira,Valdimara ,Corrêa Vieira,,200,
0000-0001-6157-0902,Madhumita Chatterji,Madhumita,Chatterji,,200,
0000-0001-6157-8840,Meng Zhu,Meng,Zhu,,200,
0000-0001-6159-4111,Hannah Frydman,Hannah,Frydman,,200,
0000-0001-6161-3431,Bradley Quade,Bradley,Quade,,200,
0000-0001-6164-4617,Nicholas Marston,Nicholas,Marston,,200,
0000-0001-6164-5257,Albert Lin,Albert,Lin,,200,
0000-0001-6165-7696,Benjamin de Bivort,Benjamin,de Bivort,,200,
0000-0001-6166-9734,Elizabeth A. Carosella,Elizabeth A.,Carosella,Elizabeth A. Carosella,200,
0000-0001-6167-6328,Lynn Matthews,Lynn,Matthews,,200,
0000-0001-6168-6294,Alan D'Andrea,Alan,D'Andrea,,200,
0000-0001-6169-4243,Hao  Yu,Hao ,Yu,,200,
0000-0001-6171-5091,Benjamin Lee,Benjamin,Lee,,200,
0000-0001-6172-6890,Giovanni-Efrain Reyes-Ortiz,Giovanni-Efrain,Reyes-Ortiz,,200,
0000-0001-6173-4815,Yeonhee  Cho,Yeonhee ,Cho,,200,
0000-0001-6176-9380,Lucas Kello,Lucas,Kello,,200,
0000-0001-6178-0133,Dimitrios Kanellakis,Dimitrios,Kanellakis,,200,
0000-0001-6180-8183,Hao Wu,Hao,Wu,,200,
0000-0001-6184-204X,Michael Cerny,Michael,Cerny,,200,
0000-0001-6187-4164,David Glass,David,Glass,,200,
0000-0001-6187-9344,Alexis Mulski,Alexis,Mulski,,200,
0000-0001-6189-1466,Cynthia Guo,Cynthia,Guo,,200,
0000-0001-6189-830X,Kristen Nishimi,Kristen,Nishimi,,200,
0000-0001-6190-8352,Maria Jessica Bruzzone,Maria Jessica,Bruzzone,,200,
0000-0001-6194-9568,Max Brambach,Max,Brambach,,200,
0000-0001-6195-5271,Martha Whitehead,Martha,Whitehead,,200,
0000-0001-6200-0960,Ernesto Stein,Ernesto,Stein,,200,
0000-0001-6202-8445,Michael Brenner,Michael,Brenner,,200,
0000-0001-6205-9698,Zitely Tzompa-Sosa,Zitely,Tzompa-Sosa,,200,
0000-0001-6207-2147,Hongjin Lin,Hongjin,Lin,,200,
0000-0001-6207-6455,Ke Li,Ke,Li,Ke Li,200,
0000-0001-6210-9341,Martina McGrath,Martina,McGrath,,200,
0000-0001-6211-6322,Liuchuan Tong,Liuchuan,Tong,,200,
0000-0001-6211-7608,Akash Shah,Akash,Shah,,200,
0000-0001-6212-7443,Meryem Malik,Meryem,Malik,,200,
0000-0001-6213-1151,My H. Do,My H.,Do,My H. Do,200,
0000-0001-6214-4294,Monika Haack,Monika,Haack,,200,
0000-0001-6215-5161,Craig E. Smith,Craig,Smith,Craig E. Smith,200,
0000-0001-6217-790X,Arda Halu,Arda,Halu,,200,
0000-0001-6219-8671,Julie C. Wang,Julie,Wang,Julie C. Wang,200,
0000-0001-6222-1552,M. Furkan Burak,Mehmet Furkan,Burak,M. Furkan Burak,200,
0000-0001-6222-7954,Robert Fox,Robert,Fox,,200,
0000-0001-6224-835X,Hyung Joon Kim,Hyung Joon,Kim,,200,
0000-0001-6225-7598,Ediz Calay,Ediz,Calay,,200,
0000-0001-6226-160X,Roopa Madhu,Roopa,Madhu,,200,
0000-0001-6226-8385,Witold Kozanecki,Witold,Kozanecki,,200,
0000-0001-6227-489X,Avia Tadmor,Avia,Tadmor,,200,
0000-0001-6227-5403,Cristine A. Kalinski,Cristine,Kalinski,Cristine A. Kalinski,200,
0000-0001-6232-9678,Priya P. Shah,Priya,Shah,Priya P. Shah,200,
0000-0001-6232-9969,george church,george,church,,200,
0000-0001-6233-6659,Irune Guerra San Juan,Irune,Guerra San Juan,,200,
0000-0001-6237-3206,Zengbao Cui,Zengbao,Cui,,200,
0000-0001-6239-2925,Zahra Bagheri,Zahra,Bagheri,,200,
0000-0001-6240-3073,"Pushpanathan Muthuirulan Ph.D.,",Muthuirulan,Pushpanathan,"Pushpanathan Muthuirulan Ph.D.,",200,
0000-0001-6242-3031,Susanna Gallani,Susanna,Gallani,Susanna Gallani,200,
0000-0001-6247-2220,Fernanda Viana Cabral,Fernanda,Viana Cabral,,200,
0000-0001-6252-2646,Natassia Vieira Serafini,Natassia,Vieira Serafini,,200,
0000-0001-6255-5077,Sarah Iams,Sarah,Iams,,200,
0000-0001-6256-2517,George Kavalam,George,Kavalam,,200,
0000-0001-6257-928X,Sultan Alamer,Sultan,Alamer,,200,
0000-0001-6258-0010,Anne Sofie Beck Knudsen,Anne Sofie Beck,Knudsen,,200,
0000-0001-6261-3046,Lauren Kunze,Lauren,Kunze,,200,
0000-0001-6268-6843,Shilpa Grover,Shilpa,Grover,,200,
0000-0001-6269-0180,Eugene Cheung,Eugene,Cheung,,200,
0000-0001-6270-8395,Andrew Pawlowski,Andrew,Pawlowski,,200,
0000-0001-6270-8475,Curtis Raynold,Curtis,Raynold,,200,
0000-0001-6271-4816,Bradley H. Crotty,Bradley H.,Crotty,Bradley H. Crotty,200,
0000-0001-6272-2090,Kevin O'Rourke,Kevin,O'Rourke,,200,
0000-0001-6277-8246,Naomi Weiss,Naomi,Weiss,,200,
0000-0001-6278-278X,Yuzhou Bai,Yuzhou,Bai,,200,
0000-0001-6278-9068,Juan Perez-Mercader,Juan,Perez-Mercader,,200,
0000-0001-6279-5513,Jose Manuel Lizama Gonzalez,Jose Manuel,Lizama Gonzalez,,200,
0000-0001-6282-2657,Lakmali Munasinghage Silva,Lakmali,Munasinghage Silva,,200,
0000-0001-6283-8843,Dong Feng Chen,Dong Feng,Chen,Dong Feng Chen,200,
0000-0001-6283-9168,Kara Lavidge McKinley,Kara,McKinley,Kara Lavidge McKinley,200,
0000-0001-6286-6895,Shahid Bashir,Shahid,Bashir,,200,
0000-0001-6288-7290,Melanie Kucherlapati,Melanie,Kucherlapati,,200,
0000-0001-6292-1006,Jaclyn M. L. Walsh,Jaclyn,Walsh,Jaclyn M. L. Walsh,200,
0000-0001-6292-8785,Chiho Ahn,Chiho,Ahn,,200,
0000-0001-6295-8597,Lara Norgaard,Lara,Norgaard,,200,
0000-0001-6296-0689,Tina Yi-Jin Hsieh,Tina Yi-Jin,Hsieh,,200,
0000-0001-6298-7005,Renee B. Chang,Renee B.,Chang,,200,
0000-0001-6299-1194,David Mooney,David,Mooney,,200,
0000-0001-6302-3267,"Dan Weissman,  AIA, IALD, MIES",Dan,Weissman,"Dan Weissman,  AIA, IALD, MIES",200,
0000-0001-6306-4907,Ananthan Sadagopan,Ananthan,Sadagopan,,200,
0000-0001-6307-4849,Justin Ritz,Justin,Ritz,,200,
0000-0001-6309-3273,Mayuri Yano,Mayuri,Yano,,200,
0000-0001-6311-8389,Steven Zeitels,Steven,Zeitels,,200,
0000-0001-6311-9269,Farzan Vafa,Farzan,Vafa,,200,
0000-0001-6314-8895,Diana Calvopina Chavez,Diana,Calvopina Chavez,,200,
0000-0001-6315-905X,John Paul Chou,John Paul,Chou,,200,
0000-0001-6317-9296,Mikołaj Słabicki,Mikołaj,Słabicki,,200,
0000-0001-6321-7491,Manasvi Goyal,Manasvi,Goyal,,200,
0000-0001-6325-468X,Saba Nojoumi,Saba,Nojoumi,,200,
0000-0001-6327-8462,Paul Chesler,Paul,Chesler,,200,
0000-0001-6327-8673,Danni Zhu,Danni,Zhu,,200,
0000-0001-6328-2031,Tobias W. Giessen,Tobias W,Giessen,Tobias W. Giessen,200,
0000-0001-6328-7035,Eunice McMurray,Eunice,McMurray,,200,
0000-0001-6329-4980,Slim Sassi,Slim,Sassi,,200,
0000-0001-6335-9836,Aiden. X. Wang,Aiden,Wang,Aiden. X. Wang,200,
0000-0001-6336-5531,Angus C. Burns,Angus,Burns,Angus C. Burns,200,
0000-0001-6337-7372,Paul R. Kaneelil,Paul R.,Kaneelil,,200,
0000-0001-6344-693X,MATTHEW SCHWARTZ,MATTHEW,SCHWARTZ,,200,
0000-0001-6346-1646,Beryl Cummings,Beryl,Cummings,,200,
0000-0001-6349-4229,Joseph Brucker,Joseph,Brucker,,200,
0000-0001-6349-5395,Kathrene Valentine,Kathrene,Valentine,,200,
0000-0001-6351-906X,Stephen Morrissey,Stephen,Morrissey,,200,
0000-0001-6352-0503,Gabriel Alberts,Gabriel,Alberts,,200,
0000-0001-6354-5241,Jack Ferreira,Jack,Ferreira,,200,
0000-0001-6356-707X,Robert Sloan,Robert,Sloan,,200,
0000-0001-6356-7192,Yosuke Mai,Yosuke,Mai,,200,
0000-0001-6358-534X,Do-Won Jeong,Do-Won,Jeong,,200,
0000-0001-6358-9375,Tae-Yoon Park,Tae-Yoon,Park,,200,
0000-0001-6359-0413,Bishara Awwad,Bishara,Awwad,,200,
0000-0001-6362-1283,Miguel Suástegui,Miguel,Suástegui,,200,
0000-0001-6367-0608,Jiapeng Wang,Jiapeng,Wang,,200,
0000-0001-6368-0793,Lena C. O'Flynn,Lena C.,O'Flynn,,200,
0000-0001-6369-4212,Sachin Shinde,Sachin,Shinde,,200,
0000-0001-6370-4310,Joyce Chaplin,Joyce,Chaplin,,200,
0000-0001-6370-664X,Martha Jeong,Martha,Jeong,,200,
0000-0001-6373-7729,Li-Chyong Chen,Li-Chyong,Chen,,200,
0000-0001-6374-3846,Maryam Salari,Maryam,Salari,,200,
0000-0001-6376-4751,Benjamin Warf,Benjamin,Warf,,200,
0000-0001-6376-9886,Jonathan E. Mayer,Jonathan,Mayer,Jonathan E. Mayer,200,
0000-0001-6379-4360,Dana Boebinger,Dana,Boebinger,,200,
0000-0001-6382-9789,Mackinley FitzPatrick,Mackinley,FitzPatrick,,200,
0000-0001-6384-4700,Brian Drayton,Brian,Drayton,,200,
0000-0001-6384-9878,Yu-Tien Hsu,Yu-Tien,Hsu,Yu-Tien Hsu,200,
0000-0001-6385-364X,Peyton Randolph,Peyton,Randolph,,200,
0000-0001-6385-6867,Jinfan Zhang,Jinfan,Zhang,,200,
0000-0001-6385-7448,Eric C. Liao,Eric,Liao,Eric C. Liao,200,
0000-0001-6386-594X,German O. Gallucci,German O.,Gallucci,,200,
0000-0001-6388-3646,Mary Pat Kieffer,Mary Pat,Kieffer,,200,
0000-0001-6393-6154,Steven Treon,Steven,Treon,,200,
0000-0001-6395-6702,Sebastian Gomez,Sebastian,Gomez,,200,
0000-0001-6397-6594,Lindsey Adams,Lindsey,Adams,,200,
0000-0001-6397-7917,Alexander Tsai,Alexander,Tsai,,200,
0000-0001-6398-5722,Qiang Zhang,Qiang,Zhang,,200,
0000-0001-6399-0249,Aabida Saferali,Aabida,Saferali,,200,
0000-0001-6401-1495,Jacqueline Armijo,Jacqueline,Armijo,,200,
0000-0001-6402-7665,Mukul Kumar,Mukul,Kumar,,200,
0000-0001-6411-5729,Khushi Kohli,Khushi,Kohli,,200,
0000-0001-6411-9818,Trevor McBroom,Trevor,McBroom,,200,
0000-0001-6413-2019,Sayantan Bose,Sayantan,Bose,,200,
0000-0001-6414-8627,Annie Handler,Annie,Handler,,200,
0000-0001-6415-7881,Rachel Savage,Rachel,Savage,,200,
0000-0001-6418-0977,Michael Tri Do,Michael Tri,Do,,200,
0000-0001-6419-4447,Samir Ghandour,Samir,Ghandour,,200,
0000-0001-6421-9552,David Yoffie,David,Yoffie,,200,
0000-0001-6422-1134,Sharon Grossman Kennedy,Sharon,Grossman,Sharon Grossman Kennedy,200,
0000-0001-6422-8037,Randy Buckner,Randy,Buckner,,200,
0000-0001-6423-3952,Haley Matthews,Haley,Matthews,,200,
0000-0001-6425-7129,MG Prezioso,MG,Prezioso,,200,
0000-0001-6428-4696,Levi N Kanu,Levi,Kanu,Levi N Kanu,200,
0000-0001-6429-8174,Laura Blanco-Murcia,Laura,Blanco-Murcia,,200,
0000-0001-6432-0706,Kambiz Thomas Moazed,Kambiz Thomas,Moazed,,200,
0000-0001-6433-2512,Roberto Ezequiel Morales Suárez,Roberto Ezequiel,Morales Suárez,,200,
0000-0001-6435-2775,Crystal A. Maier,Crystal,Maier,Crystal A. Maier,200,
0000-0001-6438-2640,Aditi  Bhanja,Aditi ,Bhanja,,200,
0000-0001-6443-8974,Pratik Aryal,Pratik,Aryal,,200,
0000-0001-6446-4697,Giacomo Falcucci,Giacomo,Falcucci,,200,
0000-0001-6447-2486,Rasadokht Forati,Rasadokht,Forati,,200,
0000-0001-6447-7906,Hannah Bowles,Hannah,Bowles,,200,
0000-0001-6448-9341,Keerthana Deepti Karunakaran,Keerthana Deepti,Karunakaran,Keerthana Deepti Karunakaran,200,
0000-0001-6449-0377,Chris Rees,Chris,Rees,,200,
0000-0001-6450-1128,Marios Mattheakis,Marios,Mattheakis,,200,
0000-0001-6453-3955,Thomas Roberts,Thomas,Roberts,,200,
0000-0001-6453-6419,Manxueying Li,Manxueying,Li,,200,
0000-0001-6454-3184,Liza N. Pappas,Liza N.,Pappas,,200,
0000-0001-6457-532X,Leigh Silverton,Leigh,Silverton,,200,
0000-0001-6458-5253,Sahil Sandhu,Sahil,Sandhu,,200,
0000-0001-6460-2033,Yi Lin Zhou,Yi Lin,Zhou,,200,
0000-0001-6462-3889,Matthew Fish,Matthew,Fish,,200,
0000-0001-6464-2019,ZhiMin Xiao,ZhiMin,Xiao,,200,
0000-0001-6466-076X,Ahnaf Abbas,Ahnaf,Abbas,,200,
0000-0001-6466-1009,Mohsen Erfanzadeh,Mohsen,Erfanzadeh,,200,
0000-0001-6475-8345,Jason Hornick,Jason,Hornick,,200,
0000-0001-6477-2200,Curtis Warren,Curtis,Warren,,200,
0000-0001-6479-475X,Tuncay Ozel,Tuncay,Ozel,,200,
0000-0001-6480-0160,Dina Waked,Dina,Waked,,200,
0000-0001-6480-1788,Maggie Chasse,Maggie,Chasse,,200,
0000-0001-6480-2625,Stephen Sonis,Stephen,Sonis,,200,
0000-0001-6481-2196,Brandon del Pozo,Brandon,del Pozo,,200,
0000-0001-6481-2532,Youngsuk Kim,Youngsuk,Kim,,200,
0000-0001-6481-9996,Alejandra Vela Martínez,Alejandra,Vela Martínez,,200,
0000-0001-6482-8462,Martin White,Martin,White,,200,
0000-0001-6484-9757,Caleb M. Lindgren,Caleb,Lindgren,Caleb M. Lindgren,200,
0000-0001-6485-9023,Jenifer C. Lopes,Jenifer,C. Lopes,,200,
0000-0001-6489-3803,Miho J. Tanaka,Miho,Tanaka,Miho J. Tanaka,200,
0000-0001-6492-0517,Ahad Khalilnezhad,Ahad,Khalilnezhad,,200,
0000-0001-6495-2738,Ahmed M. Nashaat Ali Rady,Ahmed M. Nashaat Ali,Rady,,200,
0000-0001-6496-8844,Badri Parshad,Badri,Parshad,,200,
0000-0001-6497-5454,Julián Acosta,Julián,Acosta,,200,
0000-0001-6505-7911,Nattadhanai Rajatanavin,Nattadhanai,Rajatanavin,Nattadhanai Rajatanavin,200,
0000-0001-6507-9918,Mark Bauer,Mark,Bauer,,200,
0000-0001-6509-2506,Yiliang Jiang,Yiliang,Jiang,,200,
0000-0001-6512-0335,Christopher Horvat,Christopher,Horvat,Christopher Horvat,200,
0000-0001-6512-3907,Maria Nikolopoulou,Maria,Nikolopoulou,,200,
0000-0001-6513-8498,Payton Jones,Payton,Jones,,200,
0000-0001-6514-0352,Hao Li,Hao,Li,,200,
0000-0001-6514-1750,Yu Wang,Yu,Wang,,200,
0000-0001-6514-2921,Patricio del Real,Patricio,del Real,,200,
0000-0001-6514-3983,Abdulkader Ghandoura,Abdulkader,Ghandoura,,200,
0000-0001-6514-4353,Joseph F Merola,Joseph,Merola,Joseph F Merola,200,
0000-0001-6514-541X,Sreyashi Ray,Sreyashi,Ray,,200,
0000-0001-6516-2121,George Molina,George,Molina,,200,
0000-0001-6518-5470,Julia M Rogers,Julia M,Rogers,,200,
0000-0001-6519-5505,Lizette Pizza,Lizette,Pizza,,200,
0000-0001-6522-2841,Eric Vaughn,Eric,Vaughn,,200,
0000-0001-6524-4864,Arda Mizrak,Arda,Mizrak,,200,
0000-0001-6525-7884,Zachary Hadley,Zachary,Hadley,,200,
0000-0001-6530-2083,Mitsuru Mukaigawara,Mitsuru,Mukaigawara,,200,
0000-0001-6531-1190,Adnan Shami Shah,Adnan,Shami Shah,,200,
0000-0001-6531-4375,"Maciel, C.C.S.",Carla,do Couto Soares Maciel,"Maciel, C.C.S.",200,
0000-0001-6531-5028,Aron Gyorgypal,Aron,Gyorgypal,,200,
0000-0001-6532-6341,Shixuan Leslie Gu,Shixuan Leslie,Gu,,200,
0000-0001-6533-7112,Hefei Liu,Hefei,Liu,,200,
0000-0001-6534-2800,Aaron Warren,Aaron,Warren,,200,
0000-0001-6538-3629,Maryse Williams,Maryse,Williams,,200,
0000-0001-6538-4082,carl wellman,carl,wellman,,200,
0000-0001-6539-888X,FARIA KHAN,FARIA,KHAN,,200,
0000-0001-6540-4450,Mark Shepard,Mark,Shepard,,200,
0000-0001-6548-5756,Mayank Mahajan,Mayank,Mahajan,,200,
0000-0001-6550-4064,Siyuan Wang,Siyuan (Steven),Wang,Siyuan Wang,200,
0000-0001-6553-938X,Arpan Ghosh,Arpan,Ghosh,,200,
0000-0001-6554-2327,Huyen N. Nguyen,Huyen N.,Nguyen,Huyen N. Nguyen,200,
0000-0001-6554-9289,Ismail El Baggari,Ismail,El Baggari,,200,
0000-0001-6555-0415,Frank Shu,Frank,Shu,,200,
0000-0001-6555-044X,,,,,200,
0000-0001-6562-3880,Douglas Goldman,Douglas,Goldman,,200,
0000-0001-6562-7216,Randall Vagelos,Randall,Vagelos,,200,
0000-0001-6563-984X,Nathaniel Braffman,Nathaniel,Braffman,,200,
0000-0001-6564-6951,Tracy Balboni,Tracy,Balboni,,200,
0000-0001-6565-9736,Alanna Gannon,Alanna,Gannon,,200,
0000-0001-6567-7491,Oliver Cooper,Oliver,Cooper,,200,
0000-0001-6568-726X,Megan Tesch,Megan,Tesch,,200,
0000-0001-6570-3389,Shveta Motwani,Shveta,Motwani,,200,
0000-0001-6572-5895,Rafaela Ferrer de Oliveira,Rafaela,Ferrer de Oliveira,,200,
0000-0001-6574-9432,Maria Jalbrzikowski,Maria,Jalbrzikowski,,200,
0000-0001-6578-2021,Zachary Chiang,Zachary,Chiang,,200,
0000-0001-6580-2459,Morrie Lam,Morrie,Lam,,200,
0000-0001-6581-2411,Katherine  Steuer,Katherine ,Steuer,,200,
0000-0001-6583-0257,Yuri Quintana,Yuri,Quintana,,200,
0000-0001-6584-1167,Natalia Garbiras-Díaz,Natalia,Garbiras-Díaz,,200,
0000-0001-6586-502X,Rui Fang,Rui,Fang,,200,
0000-0001-6587-7303,Riddhiman Saha,Riddhiman,Saha,,200,
0000-0001-6588-1951,Jacob Muscato,Jacob,Muscato,,200,
0000-0001-6588-9435,John Stone,John,Stone,,200,
0000-0001-6590-4316,Noelia Antón Bolaños,Noelia,Antón Bolaños,,200,
0000-0001-6591-1620,Jeremiah A Wala,Jeremiah,Wala,Jeremiah A Wala,200,
0000-0001-6599-2547,Ali Farzin,Ali,Farzin,,200,
0000-0001-6601-3398,Angela Sagrat Chikhani Coello,Angela Sagrat,Chikhani Coello,,200,
0000-0001-6601-3881,Ciprian Crainiceanu,Ciprian,Crainiceanu,,200,
0000-0001-6602-9373,Thibaut Perol,Thibaut,Perol,,200,
0000-0001-6609-9638,Trey Scott,Trey,Scott,,200,
0000-0001-6611-560X,Maharaj Pandit,Maharaj,Pandit,,200,
0000-0001-6615-9194,Roxanna Haghighat,Roxanna,Haghighat,,200,
0000-0001-6619-0378,,,,,200,
0000-0001-6620-0329,Sarah B. K. Greenberg,Sarah B.,Greenberg,Sarah B. K. Greenberg,200,
0000-0001-6622-5884,Marco Adria,Marco,Adria,,200,
0000-0001-6625-4562,Edom Tesfa,Edom,Tesfa,,200,
0000-0001-6625-7931,Glorian Sorensen,Glorian,Sorensen,,200,
0000-0001-6625-7990,Yonas Yemane,Yonas,Yemane,,200,
0000-0001-6630-8356,Daniel Loss,Daniel,Loss,,200,
0000-0001-6632-046X,Sarinnapha Vasunilashorn,Sarinnapha,Vasunilashorn,,200,
0000-0001-6633-2313,Muhammad Azam Roomi,Muhammad Azam,Roomi,,200,
0000-0001-6633-8192,Yufang Ding,Yufang,Ding,,200,
0000-0001-6634-0022,Mohsen Akbari,Mohsen,Akbari,,200,
0000-0001-6634-9502,Anja Hess,Anja,Hess,,200,
0000-0001-6635-1063,Leeza M. Santiago Millán,Leeza,Santiago Millán,Leeza M. Santiago Millán,200,
0000-0001-6635-7385,Gustav Kalm,Gustav,Kalm,,200,
0000-0001-6635-9487,Aryan Khalighy,Aryan,Khalighy,,200,
0000-0001-6636-6388,John Rhoads,John,Rhoads,,200,
0000-0001-6637-5401,Allyson Bieryla,Allyson,Bieryla,,200,
0000-0001-6640-2959,Mindy Meeks,Mindy,Meeks,,200,
0000-0001-6641-2030,P Singh,Praveer,Singh,P Singh,200,
0000-0001-6641-7819,Robert Masi,Robert,Masi,,200,
0000-0001-6643-5013,Akash Premkumar,Akash,Premkumar,,200,
0000-0001-6643-8599,Patrick Wilkinson,Patrick,Wilkinson,,200,
0000-0001-6644-0920,Johannes Ensby,Johannes,Ensby,,200,
0000-0001-6644-9618,Guang Chen,Guang,Chen,,200,
0000-0001-6646-5693,Jiaming Li,Jiaming,Li,,200,
0000-0001-6647-6456,Cong Peng,Cong,Peng,,200,
0000-0001-6647-6894,Nancy Sieber,Nancy,Sieber,,200,
0000-0001-6652-7700,Jeffrey Schneider,Jeffrey,Schneider,,200,
0000-0001-6653-4708,Irene Antony,Irene,Antony,,200,
0000-0001-6654-4420,Rachel Conrad,Rachel,Conrad,,200,
0000-0001-6655-3298,Ionita Ghiran,Ionita,Ghiran,,200,
0000-0001-6657-7070,Nicholas Scrimenti,Nicholas,Scrimenti,,200,
0000-0001-6658-2646,"Robert Harris Gilman, MD, DMD, FACS",Robert,Gilman,"Robert Harris Gilman, MD, DMD, FACS",200,
0000-0001-6661-1654,Sreekumar MG,Sreekumar,MG,,200,
0000-0001-6661-6578,Huidong Zhang,Huidong,Zhang,,200,
0000-0001-6662-7330,Zhi Lin,Zhi,Lin,,200,
0000-0001-6665-825X,Silvana Bonilla,Silvana,Bonilla,,200,
0000-0001-6668-2815,Jingyu Zhang,Jingyu,Zhang,,200,
0000-0001-6669-4859,Cheng-Chiang Wu,Cheng-Chiang,Wu,,200,
0000-0001-6669-5800,Mehdi Goudarzi,Mehdi,Goudarzi,,200,
0000-0001-6673-7142,Ruthei Fondrennij,Ruthei,Fondrennij,,200,
0000-0001-6674-6057,Qian Tang,Qian,Tang,,200,
0000-0001-6675-0566,Mahdi Moqri,Mahdi,Moqri,,200,
0000-0001-6675-9886,Emily Rivard,Emily,Rivard,,200,
0000-0001-6676-4706,Sean Eddy,Sean,Eddy,,200,
0000-0001-6678-5208,David Weitz,David,Weitz,,200,
0000-0001-6680-5838,Hyeongseop Keum,Hyeongseop,Keum,,200,
0000-0001-6682-2769,Megan Dillingham McCullough,Megan,Dillingham McCullough,,200,
0000-0001-6685-0604,Emma V Preston,Emma,Preston,Emma V Preston,200,
0000-0001-6687-5959,Julia Book,Julia,Book,,200,
0000-0001-6691-0654,Jacopo Movilli,Jacopo,Movilli,,200,
0000-0001-6691-7688,Sangah Clara Lee,Sangah Clara,Lee,Sangah Clara Lee,200,
0000-0001-6697-3516,karam khaddour,karam,khaddour,,200,
0000-0001-6697-8691,Tian Chen Zeng,Tian Chen,Zeng,,200,
0000-0001-6698-686X,Julia Huang,Julia,Huang,,200,
0000-0001-6698-8208,Matt Thomson,Matt,Thomson,,200,
0000-0001-6701-3533,Ritika Manik,Ritika,Manik,,200,
0000-0001-6704-9691,Gayani Senevirathne,Gayani,Senevirathne,,200,
0000-0001-6707-861X,Peter H. Tsang,Peter,Tsang,Peter H. Tsang,200,
0000-0001-6708-8332,Joanna M. Wolfe,Joanna M.,Wolfe,,200,
0000-0001-6709-031X,REY-HENG HU,REY-HENG,HU,,200,
0000-0001-6710-1488,Arthur Prat-Carrabin,Arthur,Prat-Carrabin,,200,
0000-0001-6710-3387,Hannah Rana,Hannah,Rana,,200,
0000-0001-6710-526X,Masha Kuznetsova,Masha,Kuznetsova,,200,
0000-0001-6714-9190,Avinash Kambadakone,Avinash,Kambadakone,,200,
0000-0001-6715-5056,Chun-Ying Lee,Chun-Ying,Lee,,200,
0000-0001-6716-4630,QIANG LI,QIANG,LI,,200,
0000-0001-6718-3487,Cindy Leung,Cindy,Leung,,200,
0000-0001-6726-7939,julia merkenschlager,julia,merkenschlager,,200,
0000-0001-6728-1300,Wei Li,Wei,Li,,200,
0000-0001-6731-3886,Valentin,Valentin,,,200,
0000-0001-6736-8246,Alexander Gorelick,Alexander,Gorelick,,200,
0000-0001-6738-6030,Wei Hsu,Wei,Hsu,,200,
0000-0001-6738-6372,Daniel Gonzalez-Bohorquez,Daniel,Gonzalez-Bohorquez,,200,
0000-0001-6741-5217,Yarik Kryvoi,Yarik,Kryvoi,,200,
0000-0001-6742-720X,Won-Mo Yang,Won-Mo,Yang,,200,
0000-0001-6743-803X,Osaid Alser,Osaid,Alser,,200,
0000-0001-6744-2805,Ricardo Mouro Pinto,Ricardo,Mouro Pinto,,200,
0000-0001-6747-6255,Patricia Kelly,Patricia,Kelly,,200,
0000-0001-6747-660X,Martin Daniel-Ivad,Martin,Daniel-Ivad,,200,
0000-0001-6748-2479,Thi Mui Pham,Thi Mui,Pham,,200,
0000-0001-6748-8416,Jadab Kumar Pal,Jadab Kumar,Pal,,200,
0000-0001-6750-5335,Aaron J Deutsch,Aaron,Deutsch,Aaron J Deutsch,200,
0000-0001-6758-3640,Robert J. Fortuna,Robert,Fortuna,Robert J. Fortuna,200,
0000-0001-6758-9647,Ruizhe Kang,Ruizhe,Kang,,200,
0000-0001-6761-3723,Matthew Tambiah,Matthew,Tambiah,,200,
0000-0001-6762-2654,Ninaad Lasrado,Ninaad,Lasrado,,200,
0000-0001-6764-129X,Diego Incontri,Diego,Incontri,,200,
0000-0001-6766-9401,Pritha Chatterjee,Pritha,Chatterjee,,200,
0000-0001-6767-6767,MAMTA ANAND,MAMTA,ANAND,,200,
0000-0001-6768-2331,Byungyeon Kim,Byungyeon,Kim,,200,
0000-0001-6769-1246,Erin Dyer Saxon,Erin,Saxon,Erin Dyer Saxon,200,
0000-0001-6769-2732,Mohammad S. Jalali,Mohammad S.,Jalali,,200,
0000-0001-6773-5675,Feodor Price,Feodor,Price,,200,
0000-0001-6773-9182,Xilin Jiang,Xilin,Jiang,,200,
0000-0001-6776-5508,Lorenzo Tiberi,Lorenzo,Tiberi,,200,
0000-0001-6777-0104,John Naslund,John,Naslund,,200,
0000-0001-6777-0227,Josiany Carlos de Souza,Josiany,Carlos de Souza,Josiany Carlos de Souza,200,
0000-0001-6778-5859,Morgan B. Talbot,Morgan,Talbot,Morgan B. Talbot,200,
0000-0001-6780-7106,Nanke Cui,Nanke Ang,Cui,Nanke Cui,200,
0000-0001-6780-9224,James P Rathmell,James,Rathmell,James P Rathmell,200,
0000-0001-6781-0831,Kimberly Johnson,Kimberly,Johnson,,200,
0000-0001-6781-5827,Hong Kuan Ng,Hong Kuan,Ng,,200,
0000-0001-6785-6370,Giuseppe  Pettinato ,Giuseppe ,Pettinato ,,200,
0000-0001-6786-0302,Daniel Schneider,Daniel,Schneider,,200,
0000-0001-6794-7731,David van Bruggen,David,van Bruggen,,200,
0000-0001-6796-1381,Armaan Garg,Armaan,Garg,,200,
0000-0001-6797-0843,Yong-Seok Jee,Yong-Seok,Jee,,200,
0000-0001-6799-3375,John Collins,John,Collins,,200,
0000-0001-6801-5602,Sandra Shi,Sandra,Shi,,200,
0000-0001-6806-5845,Ayellet Segre,Ayellet,Segre,,200,
0000-0001-6806-9416,Sarah Germana,Sarah,Germana,,200,
0000-0001-6807-0257,Balajikarthick Subramanian,Balajikarthick,Subramanian,,200,
0000-0001-6808-7542,Shayla Salzman,Shayla,Salzman,,200,
0000-0001-6809-9818,Kinga Bujakowska,Kinga,Bujakowska,,200,
0000-0001-6810-7304,Xueting Qiu,Xueting,Qiu,,200,
0000-0001-6811-2496,Stephen Soumerai,Stephen,Soumerai,,200,
0000-0001-6811-8847,Meghan Zimmer,Meghan,Zimmer,,200,
0000-0001-6815-1516,Wynn Schwartz,Wynn,Schwartz,,200,
0000-0001-6816-0586,Catherine Adans-Dester,Catherine,Adans-Dester,,200,
0000-0001-6816-4341,Desmond Chow,Desmond,Chow,,200,
0000-0001-6818-2064,Maria Metzler,Maria,Metzler,,200,
0000-0001-6820-9941,Pierre Christian,Pierre,Christian,,200,
0000-0001-6823-5269,Askarbek Orakov,Askarbek,Orakov,,200,
0000-0001-6825-3379,Benyapa Khowpinitchai,Benyapa,Khowpinitchai,,200,
0000-0001-6826-0798,João Luiz Gomes Carneiro Monteiro,João Luiz Gomes Carneiro,Monteiro,,200,
0000-0001-6826-2195,Krista C. Dobi,Krista C.,Dobi,Krista C. Dobi,200,
0000-0001-6828-401X,Dongjun Lee,Dongjun,Lee,Dongjun Lee,200,
0000-0001-6830-2177,Pratik Singh,Pratik,Singh,,200,
0000-0001-6830-3110,Jonathan E. Rubins,Jonathan,Rubins,Jonathan E. Rubins,200,
0000-0001-6832-6806,Mohammed Said,Mohammed,Said,,200,
0000-0001-6838-7094,Kwonmoo Lee,Kwonmoo,Lee,,200,
0000-0001-6839-3996,Vincent Ho,Vincent,Ho,,200,
0000-0001-6840-6160,Rishav Mitra,Rishav,Mitra,,200,
0000-0001-6840-8932,Matthew L Baum,Matthew,Baum,Matthew L Baum,200,
0000-0001-6841-9439,Ann Miller,Ann,Miller,,200,
0000-0001-6845-4138,Yanet De La Caridad Gomez,Yanet,Gomez,Yanet De La Caridad Gomez,200,
0000-0001-6847-485X,Huang Huang,Huang,Huang,,200,
0000-0001-6847-7065,Meng-Ju Wu,Meng-Ju,Wu,,200,
0000-0001-6847-9677,Yoji Hirano,Yoji,Hirano,,200,
0000-0001-6848-1443,Lucinda Kok,Lucinda,Kok,,200,
0000-0001-6849-8050,Carmen Rodriguez,Carmen,Rodriguez,,200,
0000-0001-6852-1169,Taylor Chin,Taylor,Chin,,200,
0000-0001-6853-3004,Elhadi Miskeen,Elhadi,Miskeen,Elhadi Miskeen,200,
0000-0001-6854-0802,Catherine Zipf,Catherine,Zipf,,200,
0000-0001-6855-0912,Jonathan Edlow,Jonathan,Edlow,,200,
0000-0001-6857-5941,Raphaël Gayet,Raphaël,Gayet,,200,
0000-0001-6860-7325,Maria Clemencia Ramirez,Maria Clemencia,Ramirez,,200,
0000-0001-6860-9830,Trevor Bingham,Trevor,Bingham,,200,
0000-0001-6861-6088,James Valcourt,James,Valcourt,,200,
0000-0001-6861-8761,Yiqun Wang,Yiqun,Wang,,200,
0000-0001-6865-2660,Federico Gasparoli,Federico,Gasparoli,,200,
0000-0001-6865-3241,Ercan Turfan,Ercan,Turfan,Ercan Turfan,200,
0000-0001-6865-9707,Ezekiel Benshirim,Ezekiel,Benshirim,,200,
0000-0001-6867-2020,Filipe Sousa,Filipe,Sousa,,200,
0000-0001-6870-2488,Marie-Madlen Pust,Marie-Madlen,Pust,Marie-Madlen Pust,200,
0000-0001-6870-6016,Joyce Benenson,Joyce,Benenson,,200,
0000-0001-6871-813X,Yujing Du,Yujing,Du,,200,
0000-0001-6871-9263,Vera Yu Wu,Yu,Wu,Vera Yu Wu,200,
0000-0001-6873-0243,Rudolf Hulspas,Rudolf,Hulspas,,200,
0000-0001-6873-9192,Se-In JANG,Se-In,JANG,,200,
0000-0001-6875-0359,Mary O'Shaughnessy,Mary,O'Shaughnessy,,200,
0000-0001-6875-4472,Gaurav Gaiha,Gaurav,Gaiha,,200,
0000-0001-6877-1600,Daniel Melia,Daniel,Melia,,200,
0000-0001-6878-8568,Ricardo Soares-dos-Reis,Ricardo,Soares-dos-Reis,,200,
0000-0001-6880-8418,Yang Lim,Yang,Lim,,200,
0000-0001-6881-6397,Dimitri Courant,Dimitri,Courant,,200,
0000-0001-6882-0900,Kevin Toshio Uno,Kevin Toshio,Uno,,200,
0000-0001-6884-3117,Tiffany R. Bellomo,Tiffany R.,Bellomo,,200,
0000-0001-6884-4945,Jennifer Lindsey,Jennifer,Lindsey,,200,
0000-0001-6886-7880,Lisa Pecaro,Lisa,Pecaro,,200,
0000-0001-6887-962X,Patricia Hersh,Patricia,Hersh,,200,
0000-0001-6893-7471,Kenneth Kramer,Kenneth,Kramer,,200,
0000-0001-6894-8250,Salma Bakhit,Salma,Bakhit,,200,
0000-0001-6896-7822,Arkaprabha Basu,Arkaprabha,Basu,,200,
0000-0001-6897-0343,Siobhan Greatorex-Voith,Siobhan,Greatorex-Voith,,200,
0000-0001-6899-5647,Urs Gasser,Urs,Gasser,,200,
0000-0001-6900-2416,Amy J. Dray,Amy,Dray,Amy J. Dray,200,
0000-0001-6902-7365,Cecilia  Kim,Cecilia ,Kim,,200,
0000-0001-6903-0222,Natasha Parikh,Natasha,Parikh,,200,
0000-0001-6903-7942,Oleg Itskhoki,Oleg,Itskhoki,,200,
0000-0001-6904-3541,Boya Guo,Boya,Guo,,200,
0000-0001-6906-1571,Jaina L.R. Gable,Jaina,Gable,Jaina L.R. Gable,200,
0000-0001-6911-8224,Cicely Bonnin,Cicely,Bonnin,,200,
0000-0001-6912-4800,Clarence Lee,Clarence,Lee,,200,
0000-0001-6913-5526,Ana Catarina Fonseca,Ana Catarina,Fonseca,,200,
0000-0001-6914-9135,Alex Bigger-Allen,Alex,Bigger-Allen,,200,
0000-0001-6915-0750,john kelly,john,kelly,,200,
0000-0001-6915-5455,Katherine Keller,Katherine,Keller,,200,
0000-0001-6916-8491,Jeffery Nelson,Jeffery,Nelson,,200,
0000-0001-6917-5376,Korina Yun-Fan Lu,Korina Yun-Fan,Lu,,200,
0000-0001-6917-8753,Mattia Bordoli,Mattia,Bordoli,,200,
0000-0001-6920-6080,Ingrid Bassett,Ingrid,Bassett,,200,
0000-0001-6921-2659,Linlin Fan,Linlin,Fan,,200,
0000-0001-6925-2466,Donhee Ham,Donhee,Ham,,200,
0000-0001-6928-031X,Gleuto Maciel Serafim,Gleuto Maciel,Serafim,Gleuto Maciel Serafim,200,
0000-0001-6928-2729,Diandian Wang,Diandian,Wang,,200,
0000-0001-6930-5767,Genevieve Nemeth,Genevieve,Nemeth,,200,
0000-0001-6931-791X,BINYU WEI,BINYU,WEI,,200,
0000-0001-6932-2946,Yonglin Zhu,Yonglin,Zhu,,200,
0000-0001-6933-1498,Jizhang Yi,Jizhang,Yi,Jizhang Yi,200,
0000-0001-6936-8864,Danielle Khost,Danielle,Khost,,200,
0000-0001-6939-4130,Gabriel D. D'Agostino,Gabriel,D'Agostino,Gabriel D. D'Agostino,200,
0000-0001-6939-7569,Christina Chin-Newman,Christina,Chin-Newman,,200,
0000-0001-6946-6376,Antonia V. Seligowski,Antonia,Seligowski,Antonia V. Seligowski,200,
0000-0001-6947-7235,abdulrahman alamoodi,abdulrahman,alamoodi,,200,
0000-0001-6950-8089,Magda Maaoui,Magda,Maaoui,,200,
0000-0001-6950-9305,Matthew Liebmann,Matthew,Liebmann,,200,
0000-0001-6953-5968,Carolyn Foster,Carolyn,Foster,,200,
0000-0001-6954-4098,Harleen Saini,Harleen,Saini,,200,
0000-0001-6955-929X,Fang-Chi Hsu,Fang-Chi,Hsu,,200,
0000-0001-6957-0982,Daniel Agbiboa,Daniel,Agbiboa,,200,
0000-0001-6957-1969,Sajeev Kohli,Sajeev,Kohli,,200,
0000-0001-6957-4406,Allison Estrada,Allison,Estrada,,200,
0000-0001-6964-9842,Dylan Neel,Dylan,Neel,,200,
0000-0001-6965-7770,Ryan R Thompson,Ryan,Thompson,Ryan R Thompson,200,
0000-0001-6966-8787,Juan Carlos  Cristaldo,Juan Carlos ,Cristaldo,,200,
0000-0001-6966-927X,Sinara Rossato,Sinara,Rossato,,200,
0000-0001-6971-5539,Eric Gold,Eric,Gold,,200,
0000-0001-6972-4750,Maria Victoria Murillo,Maria Victoria,Murillo,,200,
0000-0001-6978-7663,Jing Hua,Jing,Hua,,200,
0000-0001-6979-7407,Mohamed El-Dib,Mohamed,El-Dib,,200,
0000-0001-6981-5900,Brandon Greene,Brandon,Greene,,200,
0000-0001-6982-4874,Schickwann Tsai,Schickwann,Tsai,,200,
0000-0001-6986-9474,Elena C Hemler,Elena C,Hemler,,200,
0000-0001-6988-3858,Isabelle Rosso,Isabelle,Rosso,,200,
0000-0001-6991-2663,Wonje,Won Je,Yun,Wonje,200,
0000-0001-6992-3207,Seokweon Jeon,Seokweon,Jeon,,200,
0000-0001-6992-8219,Marcel Leyton,Marcel F,Leyton-Jaimes,Marcel Leyton,200,
0000-0001-6994-0074,Jingjing Chen,Jingjing,Chen,,200,
0000-0001-6994-1480,George Kosar,George,Kosar,,200,
0000-0001-6995-8426,Elizabeth Hentschel,Elizabeth,Hentschel,,200,
0000-0001-6998-7753,Janet Soul,Janet,Soul,,200,
0000-0001-6998-8289,Lev Perelman,Lev,Perelman,,200,
0000-0001-6999-8065,Heather White,Heather,White,,200,
0000-0001-7001-270X,Ziyan Liang,Ziyan,Liang,,200,
0000-0001-7003-8504,Therese Lautua,Therese,Lautua,,200,
0000-0001-7004-7435,David Combosch,David,Combosch,,200,
0000-0001-7004-8630,Gary P. H. Ho,Gary,Ho,Gary P. H. Ho,200,
0000-0001-7005-298X,Noah Lopez,Noah,Lopez,,200,
0000-0001-7008-9467,PUMLA GOBODO-MADIKIZELA,PUMLA,GOBODO-MADIKIZELA,,200,
0000-0001-7009-0812,Amy Watts,Amy,Watts,,200,
0000-0001-7009-4477,Jonathan Sonis,Jonathan,Sonis,,200,
0000-0001-7010-5367,Jennifer Lukela,Jennifer,Lukela,,200,
0000-0001-7012-5333,Alicia Froio,Alicia,Froio,,200,
0000-0001-7012-9641,Kathleen Eng,Kathleen,Eng,,200,
0000-0001-7013-1186,Viktoria Dalko,Viktoria,Dalko,,200,
0000-0001-7014-1771,Dimitar Sasselov,Dimitar,Sasselov,,200,
0000-0001-7015-0512,Pablo Cárdenas,Pablo,Cárdenas Ramírez,Pablo Cárdenas,200,
0000-0001-7015-154X,Kinga Gawlińska,Kinga,Gawlińska,,200,
0000-0001-7015-9568,Shane Greenstein,Shane,Greenstein,,200,
0000-0001-7017-336X,Saeed Al Turki,Saeed,Al Turki,,200,
0000-0001-7020-9393,Nathan Spell,Nathan,Spell,,200,
0000-0001-7022-9626,Kimberly Feng,Kimberly,Feng,,200,
0000-0001-7023-2833,Chang Hwa Mary Chen,Chang Hwa Mary,Chen,,200,
0000-0001-7023-605X,Paola A.  Rivera Garcia,Paola A. ,Rivera Garcia,,200,
0000-0001-7023-6578,Christina Liu,Christina,Liu,,200,
0000-0001-7024-0980,Jules Dienstag,Jules,Dienstag,,200,
0000-0001-7024-7111,Shahida Arabi,Shahida,Arabi,,200,
0000-0001-7025-5605,Hendrik A. Michel,Hendrik Alexander,Michel,Hendrik A. Michel,200,
0000-0001-7025-9526,Jérémie Le Pen,Jérémie,Le Pen,,200,
0000-0001-7027-4769,Sharon-Lise Normand,Sharon-Lise,Normand,,200,
0000-0001-7029-089X,David Shin,David,Shin,,200,
0000-0001-7033-9075,Matthew Heydeman,Matthew,Heydeman,,200,
0000-0001-7034-9310,Stephan Kress,Stephan,Kress,,200,
0000-0001-7038-9638,Kasper Vinken,Kasper,Vinken,,200,
0000-0001-7039-4023,Hao-Yu Greg Lin,Hao-Yu G.,Lin,Hao-Yu Greg Lin,200,
0000-0001-7044-5257,Eric Nilles,Eric,Nilles,,200,
0000-0001-7045-0750,Olivia Lavidor,Olivia,Lavidor,,200,
0000-0001-7045-9229,Torsten Klengel,Torsten,Klengel,Torsten Klengel,200,
0000-0001-7047-5077,Andre Sanchez,Andre,Sanchez,,200,
0000-0001-7049-8930,Almohaisen NA.,noha,almohaisen,Almohaisen NA.,200,
0000-0001-7054-9910,Carolina Gomes da Silveira Cauduro,Carolina,Gomes da Silveira Cauduro,,200,
0000-0001-7062-7333,Louis Derry,Louis,Derry,,200,
0000-0001-7064-1311,Emanuela Ferretti,Emanuela,Ferretti,,200,
0000-0001-7064-2867,Maria Alfieri Biancarelli,Maria,Biancarelli,Maria Alfieri Biancarelli,200,
0000-0001-7064-5988,Tara M Cousineau,Tara,M Cousineau,Tara M Cousineau,200,
0000-0001-7065-8076,Leanne Prendergast,Leanne,Prendergast,,200,
0000-0001-7066-8135,Valerie Luyckx,Valerie,Luyckx,,200,
0000-0001-7067-7752,Xihong Lin,Xihong,Lin,,200,
0000-0001-7069-8828,Lisa Moses,Lisa,Moses,,200,
0000-0001-7071-4584,Varadha Balaji Venkadakrishnan,Varadha Balaji,Venkadakrishnan,,200,
0000-0001-7071-8753,Maria Shvedova,Maria,Shvedova,,200,
0000-0001-7072-0634,Ana Luisa Tió  Humphrey,Ana,Humphrey,Ana Luisa Tió  Humphrey,200,
0000-0001-7072-2162,Betsabeh Khoramian Tusi,Betsabeh,Khoramian Tusi,,200,
0000-0001-7074-0766,Laura R. Larke,Laura,Larke,Laura R. Larke,200,
0000-0001-7075-4359,Ziqi Wang,Ziqi,Wang,,200,
0000-0001-7078-3301,Nicolas Lonfat,Nicolas,Lonfat,,200,
0000-0001-7079-4123,Martin Nweeia,Martin,Nweeia,,200,
0000-0001-7079-6030,,,,,409,http_409
0000-0001-7080-1661,Nida Kadayifci,Nida,Kadayifci,,200,
0000-0001-7081-135X,Mengna Li,Mengna,Li,,200,
0000-0001-7081-6353,Maroussia Lévesque,Maroussia,Lévesque,,200,
0000-0001-7086-6908,Christian Covington,Christian,Covington,,200,
0000-0001-7086-7281,Wen Wei Loh,Wen Wei,Loh,,200,
0000-0001-7093-777X,Lucia De Franceschi,Lucia,De Franceschi,,200,
0000-0001-7094-3766,Joshua H. Choe,Joshua,Choe,Joshua H. Choe,200,
0000-0001-7095-7543,Min Yun,Min,Yun,,200,
0000-0001-7095-9223,Carlos Ernesto Teissier Zavala,Carlos Ernesto,Teissier Zavala,,200,
0000-0001-7098-6272,Jun Hu,Jun,Hu,,200,
0000-0001-7099-9209,Viet Nguyen-Minh,Nguyen-Minh,Viet,Viet Nguyen-Minh,200,
0000-0001-7100-4103,Francis Luscinskas,Francis,Luscinskas,,200,
0000-0001-7107-2982,Rand Arafeh,Rand,Arafeh,,200,
0000-0001-7107-8882,Nicholas Trautz,Nicholas,Trautz,,200,
0000-0001-7108-8466,Lucas Wittman,Lucas,Wittman,,200,
0000-0001-7109-0582,"Francesca Sperotto MD, PhD",Francesca,Sperotto,"Francesca Sperotto MD, PhD",200,
0000-0001-7111-6391,YU LIU,YU,LIU,YU LIU,200,
0000-0001-7111-9541,John Aach,John,Aach,,200,
0000-0001-7113-0695,Citlalli Osorio Yáñez,Citlalli,Osorio Yáñez,,200,
0000-0001-7113-9366,Weimin Tang,Weimin,Tang,,200,
0000-0001-7114-1095,xingcai zhang,xingcai,zhang,,200,
0000-0001-7116-5222,Zizhao Wang,Zizhao,Wang,,200,
0000-0001-7117-5869,Molly P. Jarman,Molly,Jarman,Molly P. Jarman,200,
0000-0001-7120-0884,Eitan Rubinstein,Eitan,Rubinstein,,200,
0000-0001-7121-1807,Shalom Sabwa,Shalom,Sabwa,,200,
0000-0001-7121-539X,Samuel Ojeda,Samuel,Ojeda,,200,
0000-0001-7123-8364,Thomas Litschel,Thomas,Litschel,,200,
0000-0001-7124-6049,Allan Haberman,Allan,Haberman,,200,
0000-0001-7125-6036,Erin Linsey Hunt,Erin Linsey,Hunt,,200,
0000-0001-7125-9296,Simon J Gunter,Simon,Gunter,Simon J Gunter,200,
0000-0001-7131-6334,Oladimeji Mudele,Oladimeji,Mudele,,200,
0000-0001-7131-9906,Vidya Subramanian,Vidya,Subramanian,,200,
0000-0001-7133-0750,D.G. Kim,D.G.,Kim,,200,
0000-0001-7136-503X,Md Amin Hossain,Md Amin,Hossain,,200,
0000-0001-7137-4278,Corina Graif,Corina,Graif,,200,
0000-0001-7139-0323,Marco A Zenati,MARCO,ZENATI MD MSc FEBCTS,Marco A Zenati,200,
0000-0001-7140-1344,Clifton Dassuncao,Clifton,Dassuncao,,200,
0000-0001-7142-2890,Sang J. Lee,Sang J.,Lee,,200,
0000-0001-7142-4917,Stella Sung,Stella,Sung,,200,
0000-0001-7143-0225,Andrea Bullock,Andrea,Bullock,,200,
0000-0001-7143-6854,Camila Awad,Camila,Awad,,200,
0000-0001-7146-5268,Nykko Vitali,Nykko,Vitali,,200,
0000-0001-7147-7859,Laurence Porter,Laurence,Porter,,200,
0000-0001-7152-765X,Jonathan Williams,Jonathan,Williams,,200,
0000-0001-7152-9655,Joana Graca Marques ,Joana,Graca Marques ,,200,
0000-0001-7152-9794,Carlos E. Romero-Mirza,Carlos Eduardo,Romero-Mirza,Carlos E. Romero-Mirza,200,
0000-0001-7154-2868,Ajinkya Kawale,Ajinkya,Kawale,,200,
0000-0001-7155-3583,Anna Fehr,Anna,Fehr,,200,
0000-0001-7156-1559,Janine Patricia Robredo,Janine Patricia,Robredo,,200,
0000-0001-7159-0309,Dianne N. Brown,Dianne,Brown,Dianne N. Brown,200,
0000-0001-7160-6593,Gabrielle Oliveira,Gabrielle,Oliveira,,200,
0000-0001-7161-3451,Stephanie J. Chan,Stephanie,Chan,Stephanie J. Chan,200,
0000-0001-7162-8100,Dan Ferenc Segedin,Dan,Ferenc Segedin,,200,
0000-0001-7165-8115,Chiang Wong,Chiang,Wong,,200,
0000-0001-7166-9658,Su Jing Chan,Su Jing,Chan,,200,
0000-0001-7168-5199,Shaji Varghese,Shaji,Varghese,,200,
0000-0001-7169-2620,Tobias Kurth,Tobias,Kurth,Tobias Kurth,200,
0000-0001-7174-8890,Nancy Fairbank,Nancy,Fairbank,,200,
0000-0001-7176-230X,simona Cohen,simona,Cohen,,200,
0000-0001-7176-8111,Aylin Yildirim Tschoepe,Aylin,Yildirim Tschoepe,,200,
0000-0001-7177-0553,Deborah Azrael,Deborah,Azrael,,200,
0000-0001-7177-3738,Cynthia Dwork,Cynthia,Dwork,,200,
0000-0001-7178-0997,Chieh Han Lu,Chieh Han,Lu,,200,
0000-0001-7180-8259,ayesha  abdeen,ayesha ,abdeen,,200,
0000-0001-7182-3002,Prof. Dr. Rommel Salas-Guerra,Rommel,Guerra,Prof. Dr. Rommel Salas-Guerra,200,
0000-0001-7186-4875,Zachary M. Nash,Zachary,Nash,Zachary M. Nash,200,
0000-0001-7187-3034,Siyu He,Siyu,He,,200,
0000-0001-7188-4243,Jonathan D Herman,Jonathan,Herman,Jonathan D Herman,200,
0000-0001-7193-2735,Krzysztof W Kotowski,Krzysztof Wlodzimierz,Kotowski,Krzysztof W Kotowski,200,
0000-0001-7193-5426,Zheqi Chen,Zheqi,Chen,,200,
0000-0001-7194-9799,Karen Bohlin,Karen,Bohlin,,200,
0000-0001-7195-2883,Scott Schoen Jr,Scott,Schoen Jr,,200,
0000-0001-7196-303X,Scott T. Weiss,Scott,Weiss,Scott T. Weiss,200,
0000-0001-7196-7671,Ken Ing Cherng Ong,Ken Ing Cherng,Ong,,200,
0000-0001-7196-9490,Silvia Escanilla Huerta,Silvia,Escanilla Huerta,,200,
0000-0001-7198-2062,Hisashi Umemori,Hisashi,Umemori,,200,
0000-0001-7199-299X,Victor Nauffal,Victor,Nauffal,,200,
0000-0001-7199-4784,Jing Wang,Jing,Wang,,200,
0000-0001-7199-6229,James D. East,James D.,East,,200,
0000-0001-7199-9622,Alex Nemiroski,Alex,Nemiroski,Alex Nemiroski,200,
0000-0001-7200-6223,George Rogers,George,Rogers,,200,
0000-0001-7200-7867,I-Hsiu Lee,I-Hsiu,Lee,,200,
0000-0001-7202-6427,Michael A. O’Donnell,Michael,O’Donnell,Michael A. O’Donnell,200,
0000-0001-7213-7012,Darrick Yee,Darrick,Yee,,200,
0000-0001-7224-810X,Hanan Morsy,Hanan,Morsy,,200,
0000-0001-7225-1130,Yongjie Hu,Yongjie,Hu,,200,
0000-0001-7226-5970,Nathaniel Blair,Nathaniel,Blair,,200,
0000-0001-7227-915X,Taige Wang,Taige,Wang,,200,
0000-0001-7231-0196,Douglas Blackiston,Douglas,Blackiston,,200,
0000-0001-7235-9387,"Besiana P. Beqo MD, MMSc",Besiana P.,Beqo,"Besiana P. Beqo MD, MMSc",200,
0000-0001-7239-035X,Iain Carmichael,Iain,Carmichael,,200,
0000-0001-7243-1772,Angela  Laramie,Angela ,Laramie,,200,
0000-0001-7243-4703,Laura Smeaton,Laura,Smeaton,,200,
0000-0001-7245-566X,Peng Hai,Peng,Hai,,200,
0000-0001-7249-8539,Justin C. Smith,Justin,Smith,Justin C. Smith,200,
0000-0001-7251-6880,Y Nhi Tran,Y Nhi,Tran,,200,
0000-0001-7254-1744,Lulu Zhang,Lulu,Zhang,,200,
0000-0001-7257-5602,LUIS ROJO DE CASTRO,LUIS,ROJO DE CASTRO,,200,
0000-0001-7259-0431,Brandon Case,Brandon,Case,,200,
0000-0001-7260-176X,Nicolas Trad,Nicolas,Trad,,200,
0000-0001-7260-9163,Wai Lun Alan Fung,Wai Lun Alan,Fung,,200,
0000-0001-7261-4149,Matthew S. Smith,Matthew,Smith,Matthew S. Smith,200,
0000-0001-7263-2515,Felipe Piccarone Gonçalves Ribeiro,Felipe,Piccarone Gonçalves Ribeiro,,200,
0000-0001-7263-3219,Mahinda Deegalle,Mahinda,Deegalle,,200,
0000-0001-7264-5391,LEILA CUELLAR AZUERO,LEILA,CUELLAR AZUERO,,200,
0000-0001-7267-2293,Lily Shapiro,Lily,Shapiro,,200,
0000-0001-7268-7508,Ruocheng Yu,Ruocheng,Yu,,200,
0000-0001-7269-9453,Bruno Rodríguez Reveggino,Bruno,Rodríguez Reveggino,,200,
0000-0001-7271-0018,"David B. Hathaway, MD",David,Hathaway,"David B. Hathaway, MD",200,
0000-0001-7271-3411,Tobias Anker Stripp,Tobias Anker,Stripp,,200,
0000-0001-7272-8357,Brett Gamboa,Brett,Gamboa,,200,
0000-0001-7277-3940,Starr Jiang,Starr,Jiang,,200,
0000-0001-7279-9024,Jose Orejas,Jose,Orejas,,200,
0000-0001-7287-0724,Amber Scharnow,Amber,Scharnow,,200,
0000-0001-7288-3314,Sheila M. Thomas,Sheila M,Thomas,Sheila M. Thomas,200,
0000-0001-7290-8307,Hiroko Dodge,Hiroko,Dodge,,200,
0000-0001-7293-5874,Eboni Arnold,Eboni,Arnold,,200,
0000-0001-7294-8878,Chi Shu,Chi,Shu,,200,
0000-0001-7295-5402,Mollie Williams,Mollie,Williams,,200,
0000-0001-7297-6393,Mubasher Ahmed,Mubasher,Ahmed,,200,
0000-0001-7297-737X,Sai Ma,Sai,Ma,,200,
0000-0001-7297-7599,Oli Hester,Oli,Hester,,200,
0000-0001-7301-8058,Nicole McAllister,Nicole,McAllister,,200,
0000-0001-7303-7267,Sallie Keller,Sallie,Keller,,200,
0000-0001-7305-3873,Verena Volf,Verena,Volf,,200,
0000-0001-7307-9010,Jessica  Pollard,Jessica ,Pollard,,200,
0000-0001-7310-9881,Somnath Bose,Somnath,Bose,,200,
0000-0001-7311-6993,Kevin Jahnke,Kevin,Jahnke,,200,
0000-0001-7313-5481,Jung Hyun Kim,Jung Hyun,Kim,,200,
0000-0001-7315-2257,Belén Otero Carrasco,Belén,Otero Carrasco,,200,
0000-0001-7317-8617,David W. Kim,David W.,Kim,,200,
0000-0001-7318-0215,Zoe Michael,Zoe,Michael,,200,
0000-0001-7319-5556,Radhika Ghosal,Radhika,Ghosal,,200,
0000-0001-7319-5847,Federica Spoto,Federica,Spoto,,200,
0000-0001-7320-5283,Li Jiang,Li,Jiang,,200,
0000-0001-7321-7073,Ana Candida Carneiro,Ana Candida,Carneiro,Ana Candida Carneiro,200,
0000-0001-7323-4834,Cameron Young,Cameron,Young,,200,
0000-0001-7324-934X,Rachel M. Brown,Rachel,Brown,Rachel M. Brown,200,
0000-0001-7326-0661,Adam Gaffney,Adam,Gaffney,,200,
0000-0001-7327-959X,Michele Calos,Michele,Calos,,200,
0000-0001-7330-1689,Cesar Palacios Ordonez,Cesar,Palacios Ordonez,,200,
0000-0001-7331-6194,rudy setyopurnomo,rudy,setyopurnomo,,200,
0000-0001-7334-2966,Dylan Clark-Boucher,Dylan,Clark-Boucher,,200,
0000-0001-7336-3943,Shersingh Joseph Tumber-Dávila,Shersingh Joseph,Tumber-Dávila,,200,
0000-0001-7337-6306,Eric S. Fischer,Eric S.,Fischer,,200,
0000-0001-7339-7561,Pia Malaney,Pia,Malaney,,200,
0000-0001-7345-4044,Amjad Elmashala,Amjad,Elmashala,,200,
0000-0001-7346-3100,Dylan Edwards,Dylan,Edwards,,200,
0000-0001-7348-9570,"Grant L. Iverson, Ph.D.",Grant,Iverson,"Grant L. Iverson, Ph.D.",200,
0000-0001-7350-075X,William Kerr,William,Kerr,,200,
0000-0001-7350-964X,Wendy Sun,Wendy,Sun,,200,
0000-0001-7352-8285,Danica Truscott,Danica,Truscott,,200,
0000-0001-7356-645X,Xiaoran Liu,Xiaoran,Liu,,200,
0000-0001-7356-9458,Jisoo Woo,Jisoo,Woo,,200,
0000-0001-7356-9511,Robin E. Dodson,Robin,Dodson,Robin E. Dodson,200,
0000-0001-7358-2548,Christopher Carman,Christopher,Carman,,200,
0000-0001-7358-368X,Huihui Mu,Huihui,Mu,,200,
0000-0001-7361-8168,Rick Doblin,Rick,Doblin,,200,
0000-0001-7364-5211,Michael Feldman,Michael,Feldman,,200,
0000-0001-7367-6077,Franklin ,Franklin ,,,200,
0000-0001-7369-1314,Zhengping Hu,Zhengping,Hu,,200,
0000-0001-7373-3916,Jessica Jiyeong Lin,Jessica,Lin,Jessica Jiyeong Lin,200,
0000-0001-7374-1991,Mehdi Gozali,Mehdi,Gozali Larijan,Mehdi Gozali,200,
0000-0001-7377-1605,David Haig,David,Haig,,200,
0000-0001-7378-7957,Emmanuel Ogbonna,Emmanuel,Ogbonna,Emmanuel Ogbonna,200,
0000-0001-7378-9426,Pradeep Kumar Choudhury,Pradeep Kumar,Choudhury,Pradeep Kumar Choudhury,200,
0000-0001-7380-0226,Andrew Lane,Andrew,Lane,,200,
0000-0001-7386-0384,Matthew  Antony Manoj,Matthew ,Antony Manoj,,200,
0000-0001-7386-4481,Weiyu Wang,Weiyu,Wang,,200,
0000-0001-7389-7275,Gabriel Brito,Gabriel,Brito,,200,
0000-0001-7391-4135,Hamidreza SalighehRad,Hamidreza,SalighehRad,,200,
0000-0001-7392-8270,Jiang Zhang,Jiang,Zhang,,200,
0000-0001-7396-8213,Milissa Kaufman,Milissa,Kaufman,,200,
0000-0001-7397-5085,Jeremy Blatter,Jeremy,Blatter,,200,
0000-0001-7398-546X,Wesley P. Wong,Wesley,Wong,Wesley P. Wong,200,
0000-0001-7400-0204,Nathan Thomas,Nathan,Thomas,,200,
0000-0001-7401-5692,Ashley O'Donoghue,Ashley,O'Donoghue,,200,
0000-0001-7404-2607,Ruimao Zheng,Ruimao,Zheng,,200,
0000-0001-7406-7919,Kok Hao Chen,Kok Hao,Chen,,200,
0000-0001-7408-6722,Rebecca Parmer,Rebecca,Parmer,,200,
0000-0001-7411-8923,Jeff (Jun) Zhang,Jeff,Zhang,Jeff (Jun) Zhang,200,
0000-0001-7413-1183,John D. Wilson,John,Wilson,John D. Wilson,200,
0000-0001-7414-5702,Muhammad Faisal Abbasi,Muhammad Faisal,Abbasi,,200,
0000-0001-7416-6650,Ramzi Amri,Ramzi,Amri,,200,
0000-0001-7416-9405,Eugene Wong,Eugene,Wong,,200,
0000-0001-7420-5920,Taiki Nakajima,Taiki,Nakajima,,200,
0000-0001-7421-507X,Mark Coughlan,Mark,Coughlan,,200,
0000-0001-7421-9134,Mohamad Yahia Fallaha,Mohamad Yahia,Fallaha,,200,
0000-0001-7425-3076,Panagiotis E. Eleftheriadis,Panagiotis,Eleftheriadis,Panagiotis E. Eleftheriadis,200,
0000-0001-7425-4378,Holly E. McKee,Holly,McKee,Holly E. McKee,200,
0000-0001-7428-5588,Shubhayu Bhattacharyay,Shubhayu,Bhattacharyay,,200,
0000-0001-7429-5583,Robert Kaplan,Robert,Kaplan,,200,
0000-0001-7432-4823,Matlin Gilman,Matlin,Gilman,,200,
0000-0001-7433-0844,Pia M. Sörensen,Pia M.,Sörensen,,200,
0000-0001-7438-5044,Ignacio Pedrinaci,Ignacio,Pedrinaci,,200,
0000-0001-7439-8144,Venkata S Pisipati Amarnath,Venkata S Pisipati,Amarnath,,200,
0000-0001-7440-8058,Mark C. Babin,Mark,Babin,Mark C. Babin,200,
0000-0001-7440-8795,Oussama Bentaleb ,Oussama,Bentaleb ,,200,
0000-0001-7444-0437,Kristina Simonyan,Kristina,Simonyan,,200,
0000-0001-7444-2731,Gregory Gondwe,Gregory,Gondwe,,200,
0000-0001-7444-2766,Chris J. Kennedy,Chris,Kennedy,Chris J. Kennedy,200,
0000-0001-7444-6935,Jojo Y. Y. Kwok,Jojo Y. Y.,Kwok,,200,
0000-0001-7449-2851,Michael S. Williams,Michael S.,Williams,,200,
0000-0001-7457-9826,Rahul Sahay,Rahul,Sahay,,200,
0000-0001-7460-733X,Kenneth Mayer,Kenneth,Mayer,,200,
0000-0001-7460-9669,Maryam Kabootari,Maryam,Kabootari,,200,
0000-0001-7461-7271,Brooke DiGiovanni Evans,Brooke,DiGiovanni Evans,,200,
0000-0001-7462-0649,Matthew Clair,Matthew,Clair,,200,
0000-0001-7462-069X,Matt Walker,Matt,Walker,,200,
0000-0001-7462-5431,Cyrus Tau,Cyrus,Tau,,200,
0000-0001-7463-3757,Steven Felix,Steven,Felix,,200,
0000-0001-7464-5571,Maria Moulin-Stożek,Maria,Moulin-Stożek,,200,
0000-0001-7471-0740,Emily A. Burke,Emily,Burke,Emily A. Burke,200,
0000-0001-7471-133X,Adriane Roso,Adriane,Roso,,200,
0000-0001-7472-0228,Jessica Berman,Jessica,Berman,,200,
0000-0001-7474-7893,Lawrence Lessig,Lawrence,Lessig,,200,
0000-0001-7476-1652,Mohlopheni J Marakalala,MOHLOPHENI ,MARAKALALA,Mohlopheni J Marakalala,200,
0000-0001-7481-3248,Anne Venner,Anne,Venner,,200,
0000-0001-7483-994X,William Menegas,William,Menegas,,200,
0000-0001-7484-2444,Ioannis Petrides,Ioannis,Petrides,,200,
0000-0001-7486-9858,Kassandra Munger,Kassandra,Munger,,200,
0000-0001-7487-5393,Prof. Robert M. Pringle,Robert,Pringle,Prof. Robert M. Pringle,200,
0000-0001-7489-1035,Nada Kalaany,Nada,Kalaany,,200,
0000-0001-7489-3946,Alexander Jackson,Alexander,Jackson,,200,
0000-0001-7494-4723,Michael Wessels,Michael,Wessels,,200,
0000-0001-7499-1503,Conner Huey,Conner,Huey,,200,
0000-0001-7500-5461,Percy Hei Chun Ho,Hei Chun,Ho,Percy Hei Chun Ho,200,
0000-0001-7507-3683,Judy Fisher King,Judy,King,Judy Fisher King,200,
0000-0001-7507-8177,Wei-Hsi Yeh,Wei-Hsi,Yeh,,200,
0000-0001-7508-1720,Lewis A Novack,Lewis,Novack,Lewis A Novack,200,
0000-0001-7508-6599,Liz Dawes Duraisingh,Liz,Dawes Duraisingh,,200,
0000-0001-7512-1585,Samantha R Linton,Samantha R,Linton,,200,
0000-0001-7512-9157,Simon dOelsnitz,Simon,dOelsnitz,,200,
0000-0001-7515-4598,Eleonora  Selvi,Eleonora ,Selvi,,200,
0000-0001-7516-1392,Keon-Ryeong Park,Keon-Ryeong,Park,,200,
0000-0001-7516-5000,Young Kwan Cho,Young Kwan,Cho,,200,
0000-0001-7517-0280,Krish Suresh,Krish,Suresh,,200,
0000-0001-7517-6594,Younga Heather Lee,Younga,Lee,Younga Heather Lee,200,
0000-0001-7522-1324,Olga Borodina,Olga,Borodina,,200,
0000-0001-7524-8199,Guan Huang,Guan,Huang,,200,
0000-0001-7526-1115,Tamara Metz,Tamara,Metz,,200,
0000-0001-7526-6055,Whan Ghang,Whan,Ghang,,200,
0000-0001-7526-6135,Justin Aruda,Justin,Aruda,,200,
0000-0001-7528-0666,Sarah Pfau,Sarah,Pfau,,200,
0000-0001-7530-2511,Diamond Y. Bravo,Diamond Y.,Bravo,,200,
0000-0001-7532-7081,Benjamin Pruitt,Benjamin,Pruitt,,200,
0000-0001-7535-5189,Veronica Vargas,Veronica,Vargas,,200,
0000-0001-7536-1474,George Nageeb,George,Nageeb,,200,
0000-0001-7537-3109,Hagai Gringarten,Hagai,Gringarten,,200,
0000-0001-7540-6767,Xianhua Piao,Xianhua,Piao,,200,
0000-0001-7542-2935,Brooke Davies,Brooke,Davies,,200,
0000-0001-7542-472X,Norbert Perrimon,Norbert,Perrimon,,200,
0000-0001-7543-3925,Brandon Kappy,Brandon,Kappy,,200,
0000-0001-7545-5817,Gregory K Robbins,Gregory,Robbins,Gregory K Robbins,200,
0000-0001-7547-1569,Viviane Gontijo,Viviane,Gontijo,,200,
0000-0001-7550-0112,David B. Berkowitz,David,Berkowitz,David B. Berkowitz,200,
0000-0001-7552-2880,Grace Lin,Grace,Lin,,200,
0000-0001-7553-9818,John McCormick,John,McCormick,,200,
0000-0001-7556-9208,Andrew Schaumberg,Andrew,Schaumberg,,200,
0000-0001-7558-5398,"Kellaris, Georgios",Georgios,Kellaris,"Kellaris, Georgios",200,
0000-0001-7561-155X,Fuming Yang,Fuming,Yang,,200,
0000-0001-7563-2430,Constantine Tarabanis,Constantine,Tarabanis,,200,
0000-0001-7565-9975,Sarah Fortune,Sarah,Fortune,,200,
0000-0001-7570-5898,Murat Tekguc,Murat,Tekguc,,200,
0000-0001-7571-7135,Rudolf Pisa,Rudolf,Pisa,,200,
0000-0001-7572-0473,Damian van de Heisteeg,Damian,van de Heisteeg,,200,
0000-0001-7573-2458,Nicholas Koutrakis,Nicholas,Koutrakis,,200,
0000-0001-7576-3756,Fazle Sharior,Fazle,Sharior,,200,
0000-0001-7578-4047,Philip Sadler,Philip,Sadler,,200,
0000-0001-7579-9732,Zichuan Li,Zichuan,Li,,200,
0000-0001-7584-5014,Min Dai,Min,Dai,,200,
0000-0001-7585-5570,Jae Eun Cheong,Jae Eun,Cheong,,200,
0000-0001-7586-3327,Yilan Wang,Yilan,Wang,,200,
0000-0001-7586-5744,William D. Fairfield,William,Fairfield,William D. Fairfield,200,
0000-0001-7586-8312,Jason Qu,Jason,Qu,,200,
0000-0001-7587-1562,Faisal Mahmood,Faisal,Mahmood,,200,
0000-0001-7590-3712,Kelsey Doiron,Kelsey,Doiron,,200,
0000-0001-7591-6222,Daniel Kats,Daniel,Kats,,200,
0000-0001-7591-7049,Eleanor R. Hughes,Eleanor Rachel,Hughes,Eleanor R. Hughes,200,
0000-0001-7591-8164,Nivedhitha Velayutham,Nivedhitha,Velayutham,,200,
0000-0001-7592-7140,Grace Lee,Grace,Lee,,200,
0000-0001-7593-3719,Esther H. Chung,Esther,Chung,Esther H. Chung,200,
0000-0001-7596-462X,Sarah Reiff,Sarah,Reiff,,200,
0000-0001-7597-1125,Claire T. Dinh,Claire T.,Dinh,,200,
0000-0001-7601-8870,Gerasimos Siasos,Gerasimos,Siasos,Gerasimos Siasos,200,
0000-0001-7603-0757,Mariam Atkinson,Mariam,Atkinson,,200,
0000-0001-7605-0619,Jung Koo Kang,Jung Koo,Kang,,200,
0000-0001-7605-3684,John Leibacher,John,Leibacher,,200,
0000-0001-7607-459X,Zane Wolf,Zane,Wolf,,200,
0000-0001-7608-865X,Jessica Henning,Jessica,Henning,,200,
0000-0001-7610-1076,Bruce Furie,Bruce,Furie,,200,
0000-0001-7610-3426,Bin Bao,Bin,Bao,,200,
0000-0001-7611-3974,Mark Dornan,Mark,Dornan,,200,
0000-0001-7611-5160,Zeina Harhous,Zeina,Harhous,,200,
0000-0001-7611-7115,Alain Ndayisaba,Alain,Ndayisaba,,200,
0000-0001-7612-0840,Hamed Azami,Hamed,Azami,,200,
0000-0001-7612-8156,Donato Augusto  Casas Escamilla,Donato Augusto ,Casas Escamilla,,200,
0000-0001-7613-2999,Kristyn Alexaundria Carter,Kristyn Alexaundria,Carter,,200,
0000-0001-7614-7074,Shooka Esmaeeli,Shooka,Esmaeeli,,200,
0000-0001-7616-0148,Max L. Valenstein,Max,Valenstein,Max L. Valenstein,200,
0000-0001-7620-3822,Jacobs HI,Heidi,Jacobs,Jacobs HI,200,
0000-0001-7621-3545,Tayla von Ash,Tayla,von Ash,,200,
0000-0001-7624-1116,Chelsea E. Powell,Chelsea,Powell,Chelsea E. Powell,200,
0000-0001-7627-8509,"Amar H Kelkar, MD, FACP",Amar,Kelkar,"Amar H Kelkar, MD, FACP",200,
0000-0001-7628-3770,Karla Kirkegaard,Karla,Kirkegaard,,200,
0000-0001-7629-2757,Yedda Li,Yedda,Li,,200,
0000-0001-7631-8187,Michelle Niescierenko,Michelle,Niescierenko,,200,
0000-0001-7632-9134,Selina Pedi-Smith,Selina,Pedi-Smith,,200,
0000-0001-7633-4099,Jan Burzlaff,Jan,Burzlaff,,200,
0000-0001-7636-6146,Noble Po-kan Lo,Noble Po-kan,Lo,,200,
0000-0001-7638-8898,Miles A. Miller,Miles,Miller,Miles A. Miller,200,
0000-0001-7642-8730,Stephen Gunther,Stephen,Gunther,,200,
0000-0001-7644-6410,Lois Smith,Lois,Smith,,200,
0000-0001-7647-9976,Anu R I,Anu,R I,,200,
0000-0001-7648-3975,Jasmine Garcia,Jasmine,Garcia,,200,
0000-0001-7652-3826,Vasileios Kyttaris,Vasileios,Kyttaris,,200,
0000-0001-7652-8504,Georgios Pastras,Georgios,Pastras,,200,
0000-0001-7653-0508,Marc A. Mapalo,Marc,Mapalo,Marc A. Mapalo,200,
0000-0001-7654-8003,Shraddha Lall,Shraddha,Lall,,200,
0000-0001-7655-2440,Basil Tino Thommen,Basil,Thommen,Basil Tino Thommen,200,
0000-0001-7656-6324,Yonglong Xie,Yonglong,Xie,,200,
0000-0001-7657-0905,Cristina Amalia Alvarado Ortiz,Cristina Amalia,Alvarado Ortiz,,200,
0000-0001-7660-5012,Sofia Magkiriadou,Sofia,Magkiriadou,,200,
0000-0001-7661-5878,Evelyn Powell,Evelyn,Powell,,200,
0000-0001-7662-1848,Charlotte O'Herron,Charlotte,O'Herron,,200,
0000-0001-7662-4010,Mary L  Vallecillo-Zuniga,Mary L ,Vallecillo-Zuniga,,200,
0000-0001-7663-8463,Sabrina Juran,Sabrina,Juran,,200,
0000-0001-7668-6115,Andrea Cheville,Andrea,Cheville,,200,
0000-0001-7669-633X,Aaron Yoon,Aaron,Yoon,,200,
0000-0001-7670-2613,David Baron,David,Baron,,200,
0000-0001-7672-2518,ANTHONY L KOMAROFF,ANTHONY L,KOMAROFF,,200,
0000-0001-7673-8552,Paul Fischer,Paul,Fischer,,200,
0000-0001-7676-681X,Angela Orebaugh,Angela,Orebaugh,,200,
0000-0001-7676-956X,Alon Chappleboim,Alon,Chappleboim,,200,
0000-0001-7677-027X,Vicky Charisi,Vicky,Charisi,,200,
0000-0001-7678-169X,Amy Tsurumi,Amy,Tsurumi,,200,
0000-0001-7678-2908,Jesse Hoffnung-Garskof,Jesse,Hoffnung-Garskof,,200,
0000-0001-7679-1847,Quadri S A,Syed,Quadri,Quadri S A,200,
0000-0001-7682-3597,Ecesu Çetin,Ecesu,Çetin,,200,
0000-0001-7683-1570,,,,,200,
0000-0001-7683-2522,Rumbidzai Mushavi,Rumbidzai,Mushavi,,200,
0000-0001-7684-4021,Ding Ma,Ding,Ma,,200,
0000-0001-7686-4700,Pratyusha Bala,Pratyusha,Bala,,200,
0000-0001-7687-4298,Blake Bacevich,Blake,Bacevich,,200,
0000-0001-7687-6947,Addison NewRingeisen,Addison,NewRingeisen,,200,
0000-0001-7688-1789,Mahmoud Elhusseiny Mostafa,Mahmoud Elhusseiny,Mostafa,,200,
0000-0001-7689-0087,Sofina Begum Ph.D.,Sofina,Begum,Sofina Begum Ph.D.,200,
0000-0001-7689-9188,Marko Pavlovic,Marko,Pavlovic,,200,
0000-0001-7690-4768,Xiaocong Li,Xiaocong,Li,,200,
0000-0001-7690-600X,Adam Yueh Chang,Adam Yueh,Chang,,200,
0000-0001-7694-5164,Trevor Manz,Trevor,Manz,,200,
0000-0001-7696-2108,jocelyne Cesari,jocelyne,Cesari,,200,
0000-0001-7696-4402,ADITI BARMAN ROY,ADITI,BARMAN ROY,,200,
0000-0001-7700-3646,Christopher Wayne Clark,Christopher,Clark,Christopher Wayne Clark,200,
0000-0001-7700-4649,Ricardo Pena Silva,Ricardo,Pena Silva,,200,
0000-0001-7702-5749,Laura Breimann,Laura,Breimann,,200,
0000-0001-7702-7162,Thomas Casalaspi,Thomas,Casalaspi,,200,
0000-0001-7703-643X,Jack Dennerlein,Jack,Dennerlein,,200,
0000-0001-7703-918X,Saumya Gupta,Saumya,Gupta,,200,
0000-0001-7706-967X,Isaiah Kletenik,Isaiah,Kletenik,,200,
0000-0001-7709-5288,MAMUN Md. Abdulla Al,MAMUN,Md. Abdulla Al,,200,
0000-0001-7710-5853,Makenzie Way,Makenzie,Way,,200,
0000-0001-7712-6259,Amanda Wass,Amanda,Wass,,200,
0000-0001-7713-8786,Palash Dutta,Palash,Dutta,,200,
0000-0001-7715-134X,Chelsea H. Barrett,Chelsea,Barrett,Chelsea H. Barrett,200,
0000-0001-7715-1809,Danielle Rasooly,Danielle,Rasooly,,200,
0000-0001-7716-647X,Andrew Rivera-Hober,Andrew,Rivera-Hober,,200,
0000-0001-7718-0431,Elena Crestani,Elena,Crestani,,200,
0000-0001-7720-2848,Sehi L'Yi,Sehi,L'Yi,,200,
0000-0001-7720-9150,Divya Bhandari,Divya,Bhandari,,200,
0000-0001-7723-9501,Faith  Robertson ,Faith ,Robertson ,,200,
0000-0001-7727-880X,Amparo Santamaria,Amparo,Santamaria,,200,
0000-0001-7728-3035,Calvin Wong,Calvin,Wong,,200,
0000-0001-7728-728X,Jeff Imai-Eaton,Jeffrey,Imai-Eaton,Jeff Imai-Eaton,200,
0000-0001-7730-043X,Jiaheng Xie,Jiaheng,Xie,,200,
0000-0001-7731-4911,Heather Wakefield,Heather,Wakefield,,200,
0000-0001-7731-6642,Margaret Thomas,Margaret,Thomas,,200,
0000-0001-7738-408X,Sara  Moradi Tuchayi,Sara ,Moradi Tuchayi,,200,
0000-0001-7744-5057,Tzy-Jyun Yao,Tzy-Jyun,Yao,,200,
0000-0001-7745-886X,"Abhishek Goyal, MD, MPH",Abhishek,Goyal,"Abhishek Goyal, MD, MPH",200,
0000-0001-7751-9466,Esther Freeman,Esther,Freeman,,200,
0000-0001-7752-2585,Marie-France Hivert,Marie-France,Hivert,,200,
0000-0001-7753-0323,George Chao,George,Chao,,200,
0000-0001-7758-7004,Carole HYACINTHE,Carole,HYACINTHE,,200,
0000-0001-7759-8985,Jeffrey P. Burns,Jeffrey P.,Burns,,200,
0000-0001-7760-8370,valentina frasisti,valentina,frasisti,,200,
0000-0001-7761-7090,Shirley V Wang,Shirley,Wang,Shirley V Wang,200,
0000-0001-7763-6339,Jennifer R Melcher,Jennifer,Melcher,Jennifer R Melcher,200,
0000-0001-7764-3133,Sang Won Park,Sang Won,Park,,200,
0000-0001-7765-0173,DinhDuy Vu,DinhDuy,Vu,,200,
0000-0001-7765-1547,Patrick Allard,Patrick,Allard,,200,
0000-0001-7767-5688,Kayle S. Sawyer,Kayle,Sawyer,Kayle S. Sawyer,200,
0000-0001-7775-5952,Luca Marinelli,Luca,Marinelli,,200,
0000-0001-7778-4884,Kaitlin Potts,Kaitlin,Potts,,200,
0000-0001-7779-9031,Jordan Meyerl,Jordan,Meyerl,,200,
0000-0001-7780-4072,Wissanee Jia-mahasap,Wissanee,Jia-mahasap,,200,
0000-0001-7781-1897,Timothy Mitchison,Timothy,Mitchison,,200,
0000-0001-7782-7995,Olivia Foster Rhoades,Olivia,Foster,Olivia Foster Rhoades,200,
0000-0001-7784-2300,Paul Pang,Paul,Pang,,200,
0000-0001-7789-1516,Emily A. FitzGerald,Emily,FitzGerald,Emily A. FitzGerald,200,
0000-0001-7791-1249,Benjamin Tajer,Benjamin,Tajer,,200,
0000-0001-7791-1847,Vladan Borovic,Vladan,Borovic,,200,
0000-0001-7794-6628,Feifei Shen,Feifei,Shen,,200,
0000-0001-7798-4317,Sunbin Deng,Sunbin,Deng,,200,
0000-0001-7800-929X,Devika Jain,Devika,Jain,,200,
0000-0001-7803-1219,zev gartner,zev,gartner,,200,
0000-0001-7803-804X,Guanhao Huang,Guanhao,Huang,,200,
0000-0001-7804-1249,MARIA CRISTINA PINTO ALENCASTRO,MARIA CRISTINA,PINTO ,MARIA CRISTINA PINTO ALENCASTRO,200,
0000-0001-7805-8948,Arnold Sansevere,Arnold,Sansevere,,200,
0000-0001-7806-2015,Avinash Manjula-Basavanna,Avinash,Manjula-Basavanna,,200,
0000-0001-7810-5564,Luis Fonseca-Ornelas,Luis,Fonseca-Ornelas,,200,
0000-0001-7811-5439,Karen Dixon,Karen,Dixon,,200,
0000-0001-7811-8760,Bruce Wightman,Bruce,Wightman,,200,
0000-0001-7812-9187,Nhi-Ha Trinh,Nhi-Ha,Trinh,,200,
0000-0001-7815-5895,Dawafuti  Sherpa,Dawafuti ,Sherpa,,200,
0000-0001-7818-0150,Murat Kaynak,Murat,Kaynak,,200,
0000-0001-7820-7499,Linda R Dagi,Linda R,Dagi,Linda R Dagi,200,
0000-0001-7821-2335,Johan Arango-Quiroga,Johan,Arango-Quiroga,,200,
0000-0001-7822-3560,David Orwig,David,Orwig,,200,
0000-0001-7823-2379,Hal Roberts,Hal,Roberts,,200,
0000-0001-7823-8340,William J. Anderson,William,Anderson,William J. Anderson,200,
0000-0001-7825-3081,Sophie Bernadette Sébille,Sophie,Sébille,Sophie Bernadette Sébille,200,
0000-0001-7825-7621,Steven Nisenbaum,Steven,Nisenbaum,,200,
0000-0001-7831-7567,Vahab Vahdat,Vahab,Vahdat,,200,
0000-0001-7834-4346,JOEL DE LA CRUZ OLLER,JOEL,DE LA CRUZ OLLER,,200,
0000-0001-7835-0201,Daniel Shumer,Daniel,Shumer,,200,
0000-0001-7835-1335,Qi Jiang,Qi,Jiang,,200,
0000-0001-7836-5366,Courtney Sato,Courtney,Sato,,200,
0000-0001-7836-6641,Prashant Yadav,Prashant,Yadav,,200,
0000-0001-7842-9710,Donald Fisher,Donald,Fisher,,200,
0000-0001-7843-0834,Jungyoon Koh,Jungyoon,Koh,,200,
0000-0001-7845-0712,Matthew Strickland,Matthew,Strickland,,200,
0000-0001-7845-3331,Huidong Zhang,Huidong,Zhang,,200,
0000-0001-7846-1542,Tracy Young-Pearse,Tracy,Young-Pearse,,200,
0000-0001-7848-7881,Yi Cao,Yi,Cao,,200,
0000-0001-7855-8715,Qiyu Song,Qiyu,Song,,200,
0000-0001-7863-778X,Alexander Creighton,Alexander,Creighton,,200,
0000-0001-7864-7179,Ana Carolina  Silva Brito ,Ana Carolina ,Silva Brito ,,200,
0000-0001-7864-754X,Mitsuko Watabe-Uchida,Mitsuko,Watabe-Uchida,,200,
0000-0001-7865-2306,Daniel J. DeAngelo,Daniel,DeAngelo,Daniel J. DeAngelo,200,
0000-0001-7867-4038,Ratna Kapur,Ratna,Kapur,,200,
0000-0001-7868-6231,Gerburg Wulf,Gerburg,Wulf,,200,
0000-0001-7868-9782,Kathleen Lynch,Kathleen,Lynch,,200,
0000-0001-7869-4848,Jessica Cheng,Jessica,Cheng,,200,
0000-0001-7872-5181,Adolfo Iván Batún Alpuche,Adolfo Iván,Batún Alpuche,,200,
0000-0001-7873-3544,,,,,200,
0000-0001-7879-1920,Waqar Afzal,Waqar,Afzal,,200,
0000-0001-7880-3012,Nicola De Blasio,Nicola,De Blasio,,200,
0000-0001-7883-3430,TARASWI MITRA GHOSH,TARASWI,MITRA GHOSH,,200,
0000-0001-7883-9330,Pegah Seif,Pegah,Seif,,200,
0000-0001-7890-3291,Dr. Anne Stevenson,Anne,Stevenson,Dr. Anne Stevenson,200,
0000-0001-7892-2871,Nahyoung Lee,Nahyoung,Lee,,200,
0000-0001-7896-0608,Steven Kawut`,Steven,Kawut`,,200,
0000-0001-7899-0030,Kelsey Kinderknecht,Kelsey,Kinderknecht,,200,
0000-0001-7899-5843,Huiyan Li,Huiyan,Li,,200,
0000-0001-7899-7195,Yueying Ni,Yueying,Ni,,200,
0000-0001-7900-321X,Marilyn Cabrera,Marilyn,Cabrera,,200,
0000-0001-7900-6322,moshe yaniv,moshe,yaniv,,200,
0000-0001-7902-3640,S Mazdak Abulnaga,Mazdak,Abulnaga,S Mazdak Abulnaga,200,
0000-0001-7903-1413,Parker Tope,Parker,Tope,,200,
0000-0001-7903-2416,xintong cai,xintong,cai,,200,
0000-0001-7904-3086,Nishant Uppal,Nishant,Uppal,,200,
0000-0001-7906-0572,Shamayeeta Ray,Shamayeeta,Ray,Shamayeeta Ray,200,
0000-0001-7907-769X,ferdaous ouni,ferdaous,ouni,,200,
0000-0001-7907-9863,Christian Ketels,Christian,Ketels,,200,
0000-0001-7909-7826,Quarles CM,Cantron,Quarles,Quarles CM,200,
0000-0001-7911-4403,yuchu liu,yuchu,liu,,200,
0000-0001-7914-5269,Michael Kremer,Michael,Kremer,,200,
0000-0001-7915-2995,Chin San Loo,Chin San,Loo,,200,
0000-0001-7915-3242,Natalie Kofler,Natalie,Kofler,,200,
0000-0001-7915-5926,Shinya Yari,Shinya,Yari,,200,
0000-0001-7916-5366,Jessica Schiff,Jessica,Schiff,,200,
0000-0001-7918-329X,Lindsay F. Wiley,Lindsay,Wiley,Lindsay F. Wiley,200,
0000-0001-7918-6706,Abhishek Sampath Kumar,Abhishek,Sampath Kumar,,200,
0000-0001-7920-3844,Yeonsu Jung,Yeonsu,Jung,,200,
0000-0001-7920-4708,Alaina C. Hartnett,Alaina,Hartnett,Alaina C. Hartnett,200,
0000-0001-7924-6983,Lindsey Sank Davis,Lindsey,Davis,Lindsey Sank Davis,200,
0000-0001-7926-7311,Jocelyn Fuentes,Jocelyn,Fuentes,,200,
0000-0001-7929-4950,D'Anita Fretwell,D'Anita,Fretwell,,200,
0000-0001-7930-360X,Samuel Arsenault,Samuel,Arsenault,,200,
0000-0001-7932-3483,Bivash R. Dasgupta,Bivash,Dasgupta,Bivash R. Dasgupta,200,
0000-0001-7933-0843,Preston Ge,Preston,Ge,,200,
0000-0001-7934-548X,Bizu Gelaye,Bizu,Gelaye,Bizu Gelaye,200,
0000-0001-7936-1068,Tamyko Ysa,Tamyko,Ysa,,200,
0000-0001-7936-5384,Feyisayo Eweje,Feyisayo,Eweje,,200,
0000-0001-7936-7427,Dejan Kovac,Dejan,Kovac,,200,
0000-0001-7936-8956,Alexa T. McCray,Alexa,McCray,Alexa T. McCray,200,
0000-0001-7938-4083,Juan C. Opazo,Juan C.,Opazo,,200,
0000-0001-7945-3472,Hyungshin Yim,Hyungshin,Yim,,200,
0000-0001-7945-7887,Ethan J. Sontarp,Ethan,Sontarp,Ethan J. Sontarp,200,
0000-0001-7946-1034,Walter W. Golay,Walter,Golay,Walter W. Golay,200,
0000-0001-7946-5369,Christina  Steinecke,Christina ,Steinecke,,200,
0000-0001-7947-672X,Joana Ribeiro,Joana,Ribeiro,,200,
0000-0001-7954-1149,Yuqing Zhang,Yuqing,Zhang,,200,
0000-0001-7957-8881,Bisola Ojikutu,Bisola,Ojikutu,Bisola Ojikutu,200,
0000-0001-7963-6092,Christina Byrd,Christina,Byrd,,200,
0000-0001-7964-9387,Michael McCormick,Michael,McCormick,,200,
0000-0001-7965-7766,Gregory Sabin,Gregory,Sabin,,200,
0000-0001-7965-897X,Rebecca Fischer,Rebecca,Fischer,,200,
0000-0001-7967-4910,Sarah Nelson,Sarah,Nelson,,200,
0000-0001-7967-5083,Albert Bravo-Biosca,Albert,Bravo-Biosca,,200,
0000-0001-7968-502X,Francesco Moriconi,Francesco,Moriconi,,200,
0000-0001-7969-8621,Sheri Dion,Sheri,Dion,,200,
0000-0001-7971-8338,Lisa Mincieli,Lisa,Mincieli,,200,
0000-0001-7977-249X,Robyn Eisert,Robyn,Eisert,,200,
0000-0001-7978-4271,Justin Jeon,Justin,Jeon,,200,
0000-0001-7979-8171,"Sonntag, KC",Kai-Christian,Sonntag,"Sonntag, KC",200,
0000-0001-7980-982X,Hailey Cambra,Hailey,Cambra,,200,
0000-0001-7983-4988,Malgorzata Kurjanska,Malgorzata,Kurjanska,,200,
0000-0001-7984-2179,Briana Smith,Briana,Smith,,200,
0000-0001-7985-0013,Anurag Panda,Anurag,Panda,,200,
0000-0001-7986-8109,Ryo Morimoto,Ryo,Morimoto,,200,
0000-0001-7990-1773,Minyan Zheng,Minyan,Zheng,,200,
0000-0001-7991-1824,Samuel Meister,Samuel,Meister,,200,
0000-0001-7999-7410,Shan Chen,Shan,Chen,Shan Chen,200,
0000-0001-8003-8380,Abigail Y Jiang,Abigail,Jiang,Abigail Y Jiang,200,
0000-0001-8004-4190,Riten Kumar,Riten,Kumar,,200,
0000-0001-8007-1295,Aaron King,Aaron,King,,200,
0000-0001-8009-3945,Fan Wu,Fan,Wu,,200,
0000-0001-8012-0974,Dongwook Kim,Dongwook,Kim,,200,
0000-0001-8013-5172,Majd M. Ariss,Majd,Ariss,Majd M. Ariss,200,
0000-0001-8015-7929,Lukas Sveikata,Lukas,Sveikata,,200,
0000-0001-8016-5128,John F. O'Sullivan,John,O'Sullivan,John F. O'Sullivan,200,
0000-0001-8021-5340,Dr. Tarek Nasr,Dr. Tarek,Nasr,,200,
0000-0001-8022-2751,Steven Gabardi,Steven,Gabardi,,200,
0000-0001-8024-3181,Stephen Holtz,Stephen,Holtz,,200,
0000-0001-8024-6577,Gabriel Z. Chiu,Gabriel,Chiu,Gabriel Z. Chiu,200,
0000-0001-8026-509X,Ben Rutledge,Ben,Rutledge,,200,
0000-0001-8029-8983,Xiang Li,Xiang,Li,,200,
0000-0001-8031-949X,Prabhat Pathak,Prabhat,Pathak,,200,
0000-0001-8032-0458,Godwin Yung,Godwin,Yung,,200,
0000-0001-8032-1872,Gillian Sowden,Gillian,Sowden,,200,
0000-0001-8032-6067,Emily Quach,Emily,Quach,,200,
0000-0001-8032-6681,Fang Liu,Fang,Liu,,200,
0000-0001-8033-9546,Chang Liu,Chang,Liu,,200,
0000-0001-8037-0623,Julie Goldman,Julie,Goldman,,200,
0000-0001-8037-4157,Jacob Cohen,Jacob,Cohen,,200,
0000-0001-8037-5360,Jacob R. Brown,Jacob,Brown,Jacob R. Brown,200,
0000-0001-8038-2018,Renqi Wang,Renqi,Wang,,200,
0000-0001-8041-4251,Huma Farid,Huma,Farid,,200,
0000-0001-8043-2230,Suraj Pai,Suraj,Pai,,200,
0000-0001-8045-8641,Fatma Turna Demir,Fatma,Turna Demir,,200,
0000-0001-8049-0473,Jowan Watson,Jowan,Watson,,200,
0000-0001-8050-9402,Marium Raza,Marium,Raza,,200,
0000-0001-8052-0556,Biyi Xiao,Biyi,Xiao,,200,
0000-0001-8055-1854,Aura-Liz Cevallos-Almeida,Aura-Liz,Cevallos-Almeida,,200,
0000-0001-8061-0826,Felix Hol,Felix,Hol,,200,
0000-0001-8063-7789,Everardo Perez-Manjarrez,Everardo,Perez-Manjarrez,,200,
0000-0001-8065-6664,Katharine R Meacham,Katharine R,Meacham,,200,
0000-0001-8066-2554,Bruce Bistrian,Bruce,Bistrian,,200,
0000-0001-8066-7152,Ruofan Ma,Ruofan,Ma,,200,
0000-0001-8068-0787,Yu-Chen Hsieh,Yu-Chen,Hsieh,,200,
0000-0001-8068-1659,Jeremy Liang,Jeremy,Liang,,200,
0000-0001-8069-4900,Plamen V Nikolov,Plamen,Nikolov,Plamen V Nikolov,200,
0000-0001-8070-0995,Neena R Kapoor,Neena R,Kapoor,,200,
0000-0001-8070-382X,Minseok Kwon,Minseok,Kwon,,200,
0000-0001-8077-5487,Yefri Baez,Yefri,Baez,,200,
0000-0001-8079-1022,Didar Ciftci,Didar,Ciftci,,200,
0000-0001-8081-1636,Yingtong Liu,Yingtong,Liu,,200,
0000-0001-8082-5683,Cyrus Kholdani,Cyrus,Kholdani,,200,
0000-0001-8086-1537,Hongjiao Xu,Hongjiao,Xu,,200,
0000-0001-8089-3926,Michael P. Murphy Jr.,Michael P.,Murphy Jr.,,200,
0000-0001-8095-7598,Vasiliki Karalis,Vasiliki,Karalis,,200,
0000-0001-8096-8211,Julien Barrere,Julien,Barrere,,200,
0000-0001-8099-3564,Miya Hugaboom,Miya,Hugaboom,,200,
0000-0001-8100-2267,MD ALMAMUN,MD,ALMAMUN,,200,
0000-0001-8102-938X,Marco M. Aviña,Marco,M. Aviña,Marco M. Aviña,200,
0000-0001-8103-3952,Jessica M Phan,Jessica,Phan,Jessica M Phan,200,
0000-0001-8105-426X,Roberto De Luca,Roberto,De Luca,,200,
0000-0001-8105-5289,ZHIJUN LUO,ZHIJUN,LUO,,200,
0000-0001-8105-6089,Calvin Heslop,Calvin,Heslop,,200,
0000-0001-8106-1048,Francis DeMichele,Francis,DeMichele,,200,
0000-0001-8106-322X,Jaeeon Lee,Jaeeon,Lee,,200,
0000-0001-8111-6512,Michael Muszynski,Michael,Muszynski,,200,
0000-0001-8111-6889,Cade N. Kane,Cade,Kane,Cade N. Kane,200,
0000-0001-8112-9073,Dominik Glodzik,Dominik,Glodzik,,200,
0000-0001-8114-8186,Courtney Kureshi,Courtney,Kureshi,,200,
0000-0001-8115-9125,Amos Apreku,Amos,Apreku,,200,
0000-0001-8119-2144,Joseph Klim,Joseph,Klim,,200,
0000-0001-8119-6567,Sunghan Ro,Sunghan,Ro,,200,
0000-0001-8120-6497,Marvin Ryou,Marvin,Ryou,,200,
0000-0001-8121-1448,Somava Saha,Somava,Saha,,200,
0000-0001-8124-1786,Louis Harry,Louis,Harry,,200,
0000-0001-8125-574X,Michael Datko,Michael,Datko,,200,
0000-0001-8126-7353,Irene Faravelli,Irene,Faravelli,,200,
0000-0001-8127-6014,Xi Dawn Chen,Dawn,Chen,Xi Dawn Chen,200,
0000-0001-8134-4929,Barakatullo Ashurov,Barakatullo,Ashurov,,200,
0000-0001-8135-342X,Xiaogang Li,Xiaogang,Li,,200,
0000-0001-8138-7611,Nitin Joshi,Nitin,Joshi,,200,
0000-0001-8139-5427,Evan Hockridge,Evan,Hockridge,,200,
0000-0001-8139-5830,Timothy Feeney,Timothy,Feeney,,200,
0000-0001-8141-3058,Maureen Hanson,Maureen,Hanson,,200,
0000-0001-8143-879X,Frederick Bowman,Frederick,Bowman,,200,
0000-0001-8143-9231,M. Todd Valerius,M. Todd,Valerius,,200,
0000-0001-8146-1738,Emmanuel Akyeampong,Emmanuel,Akyeampong,,200,
0000-0001-8147-6577,Adam S. Peer,Adam S.,Peer,,200,
0000-0001-8149-9357,John Cain,John,Cain,,200,
0000-0001-8150-5518,Isabelle Sancho,Isabelle,Sancho,,200,
0000-0001-8153-7712,Ann Aschengrau,Ann,Aschengrau,,200,
0000-0001-8154-4226,Laura E. König,Laura E.,König,Laura E. König,200,
0000-0001-8155-1346,Sarah Maxwell,Sarah,Maxwell,,200,
0000-0001-8156-0736,Francisco Quintana,Francisco,Quintana,,200,
0000-0001-8156-3021,Christopher Dial,Christopher,Dial,,200,
0000-0001-8156-9482,David Van Vactor,David Landreth,"Van Vactor, Jr.",David Van Vactor,200,
0000-0001-8156-9976,Abigail Leibowitz,Abigail,Leibowitz,,200,
0000-0001-8158-1326,Vincenzo Tarallo,Vincenzo,Tarallo,,200,
0000-0001-8163-3253,Jixiang Yu,Jixiang,Yu,,200,
0000-0001-8165-5313,Erica A. Fletcher,Erica,Fletcher,Erica A. Fletcher,200,
0000-0001-8167-8021,Joanna Christodoulou,Joanna,Christodoulou,,200,
0000-0001-8169-5606,Daniel Jutras,Daniel,Jutras,,200,
0000-0001-8170-4736,Antonella Zanobetti,Antonella,Zanobetti,,200,
0000-0001-8171-2736,Victoria Shepherd,Victoria,Shepherd,,200,
0000-0001-8173-5778,Ryan Corcoran,Ryan,Corcoran,,200,
0000-0001-8174-704X,Shuying Chen,Shuying,Chen,,200,
0000-0001-8177-7353,CR Coveney,Clarissa,Coveney,CR Coveney,200,
0000-0001-8178-4262,Pengbo Wan,Pengbo,Wan,,200,
0000-0001-8179-5471,Carmen Paola Padilla-Lozano,Carmen Paola,Padilla-Lozano,,200,
0000-0001-8179-759X,Thomas Lyon,Thomas,Lyon,,200,
0000-0001-8180-4200,Apisada Chulakadabba,Apisada,Chulakadabba,Apisada Chulakadabba,200,
0000-0001-8186-4748,Maximilian S. Schaefer,Maximilian,Schaefer,Maximilian S. Schaefer,200,
0000-0001-8189-6475,Bin XI,Bin,XI,,200,
0000-0001-8190-683X,Ashri  Anurudran,Ashri ,Anurudran,,200,
0000-0001-8191-0492,Elizabeth E. Blair,Elizabeth,Blair,Elizabeth E. Blair,200,
0000-0001-8191-7512,Alexander Vuving,Alexander,Vuving,,200,
0000-0001-8191-8662,Alexandre G Lellouch,Alexandre,Lellouch,Alexandre G Lellouch,200,
0000-0001-8193-1170,Victoria Hwang,Victoria,Hwang,,200,
0000-0001-8193-6537,Priscila Giraldo,Priscila,Giraldo,,200,
0000-0001-8194-430X,Robert Redmond,Robert,Redmond,,200,
0000-0001-8194-7543,Badr Kiaf,Badr,Kiaf,,200,
0000-0001-8194-7738,Elizabeth Engle,Elizabeth,Engle,,200,
0000-0001-8194-895X,David Burns,David,Burns,,200,
0000-0001-8197-5579,Huzeyfe Demirtas,Huzeyfe,Demirtas,,200,
0000-0001-8198-9401,Dan T. Nguyen,Dan,Nguyen,Dan T. Nguyen,200,
0000-0001-8200-124X,HuangNan Shen,HuangNan,Shen,,200,
0000-0001-8200-5056,Michal Lipinski,Michal,Lipinski,,200,
0000-0001-8200-7908,Emma Davies Smith,Emma,Davies Smith,Emma Davies Smith,200,
0000-0001-8201-4892,Robin Thandiackal,Robin,Thandiackal,,200,
0000-0001-8202-0723,Patrick M. Reeves,Patrick,Reeves,Patrick M. Reeves,200,
0000-0001-8205-8166,Mohamed Abobeih,Mohamed,Abobeih,,200,
0000-0001-8207-713X,Beth Simmons,Beth,Simmons,,200,
0000-0001-8209-7085,Kevin R. Loughlin,Kevin R.,Loughlin,,200,
0000-0001-8210-1005,Jason Shaffner,Jason,Shaffner,,200,
0000-0001-8210-2585,Kotaro Fujimaki,Kotaro,Fujimaki,,200,
0000-0001-8213-2143,Eric Fujimura,Eric,Fujimura,,200,
0000-0001-8216-7426,charles klopp,charles,klopp,,200,
0000-0001-8218-0145,Michael Ernandes,Michael,Ernandes,,200,
0000-0001-8219-4934,Emily Terrani,Emily,Terrani,,200,
0000-0001-8221-3752,Paul S. Myers,Paul,Myers,Paul S. Myers,200,
0000-0001-8224-5121,Ebrahim Barkoudah,Ebrahim,Barkoudah,,200,
0000-0001-8225-0772,Jose R.  Romero,Jose Ricardo,Romero,Jose R.  Romero,200,
0000-0001-8225-671X,Philipp Honegger,Philipp,Honegger,,200,
0000-0001-8227-3771,Peter Caldwell,Peter,Caldwell,,200,
0000-0001-8228-194X,Yang Tian,Yang,Tian,,200,
0000-0001-8228-9394,Mary Aronow,Mary,Aronow,,200,
0000-0001-8230-7329,Marissa Huggins,Marissa,Huggins,,200,
0000-0001-8230-8719,Eddie T. Padilla,Eddie,Padilla,Eddie T. Padilla,200,
0000-0001-8230-9754,Neil Shephard,Neil,Shephard,,200,
0000-0001-8232-3310,Saffi MAL,Marco,Saffi,Saffi MAL,200,
0000-0001-8233-663X,Joseph Biederman,Joseph,Biederman,Joseph Biederman,200,
0000-0001-8235-2939,Ralf M. Konietzka,Ralf M.,Konietzka,,200,
0000-0001-8236-880X,Alexander Peter Lin,Alexander,Lin,Alexander Peter Lin,200,
0000-0001-8239-1890,Ziyun Wu,Ziyun,Wu,,200,
0000-0001-8241-0625,Debora D. Mayer,Debora D.,Mayer,,200,
0000-0001-8241-217X,Mary Landrigan-Ossar,Mary,Landrigan-Ossar,,200,
0000-0001-8241-8002,Matthew Pecot,Matthew,Pecot,,200,
0000-0001-8242-1455,,,,,200,
0000-0001-8242-8403,Kathleen D. Hoffman,Kathleen ,Hoffman,Kathleen D. Hoffman,200,
0000-0001-8245-883X,Daryl Lawrence Fougnie,Daryl Lawrence,Fougnie,,200,
0000-0001-8246-4519,Nicole Barone,Nicole,Barone,,200,
0000-0001-8246-931X,James Moon,James,Moon,,200,
0000-0001-8247-0265,Shion Kubota,Shion,Kubota,,200,
0000-0001-8247-3204,Michael J Chen,Michael,Chen,Michael J Chen,200,
0000-0001-8247-6675,Edward Kim,Edward,Kim,,200,
0000-0001-8251-650X,Claudia Favarato,Claudia,Favarato,,200,
0000-0001-8251-7334,Siddhartha Mukherjee,Siddhartha,Mukherjee,,200,
0000-0001-8253-3932,Weixing Zhang,Weixing,Zhang,,200,
0000-0001-8256-4771,Fabiola Muro-Villanueva,Fabiola,Muro-Villanueva,,200,
0000-0001-8257-1461,Matthew Gorgoglione,Matthew,Gorgoglione,,200,
0000-0001-8260-207X,Constantina Treaba,Constantina,Treaba,,200,
0000-0001-8260-290X,Connor White,Connor,White,,200,
0000-0001-8261-3174,Liming Liang,Liming,Liang,,200,
0000-0001-8262-4447,Noah A. Rubin,Noah,Rubin,Noah A. Rubin,200,
0000-0001-8262-6549,Joseph A Baur,Joseph,Baur,Joseph A Baur,200,
0000-0001-8263-4119,Lauren Nentwich,Lauren,Nentwich,,200,
0000-0001-8266-1766,Julia Paoli,Julia,Paoli,,200,
0000-0001-8268-4693,Tudor Cristea-Platon,Tudor,Cristea-Platon,,200,
0000-0001-8271-6026,Mona Singh,Mona,Singh,,200,
0000-0001-8274-1248,Emre Tkacik,Emre,Tkacik,,200,
0000-0001-8275-7610,Benjamin Gorissen,Benjamin,Gorissen,,200,
0000-0001-8276-8686,Suleiman Alhadidi,Suleiman,Alhadidi,,200,
0000-0001-8277-4744,So Yoen Choi,So Yoen,Choi,,200,
0000-0001-8279-8260,Austin Garner,Austin,Garner,,200,
0000-0001-8279-8893,William Nellis,William,Nellis,,200,
0000-0001-8280-8350,Katherine Van Kirk,Katherine,Van Kirk,,200,
0000-0001-8280-9070,Dr Safdar Khan,Dr Safdar,Khan,,200,
0000-0001-8281-1234,Jodene K. Moore,Jodene,Moore,Jodene K. Moore,200,
0000-0001-8283-5324,Gustaf Ahdritz,Gustaf,Ahdritz,,200,
0000-0001-8288-306X,Kayla Videtich,Kayla,Videtich,,200,
0000-0001-8289-0083,Kathleen Chappell,Kathleen,Chappell,,200,
0000-0001-8289-6178,Katya Zelevinsky,Katya,Zelevinsky,,200,
0000-0001-8289-6231,Rachel Greenhaus,Rachel,Greenhaus,,200,
0000-0001-8291-2545,Jintaek Im,Jintaek,Im,,200,
0000-0001-8291-7864,Rani Sarkis,Rani,Sarkis,,200,
0000-0001-8291-8672,,,,,200,
0000-0001-8294-0167,Ariela Victoria Borgmann,Ariela Victoria,Borgmann,Ariela Victoria Borgmann,200,
0000-0001-8300-3095,Adam Yan,Adam,Yan,,200,
0000-0001-8300-3124,Matthias Lambert,Matthias,Lambert,,200,
0000-0001-8301-1941,Matthew J. Yan,Matthew,Yan,Matthew J. Yan,200,
0000-0001-8302-526X,Simon F. Nørrelykke,Simon Flyvbjerg,Nørrelykke,Simon F. Nørrelykke,200,
0000-0001-8306-009X,Michael E. Bryan,Michael,Bryan,Michael E. Bryan,200,
0000-0001-8306-9270,Lena Armstrong,Lena,Armstrong,,200,
0000-0001-8308-3902,Yuan Feng,Yuan,Feng,,200,
0000-0001-8308-8762,Adaner Usmani,Adaner,Usmani,,200,
0000-0001-8309-9111,Sudhir Doranga,Sudhir,Doranga,,200,
0000-0001-8312-7522,Heidi Pickard,Heidi,Pickard,,200,
0000-0001-8313-7413,Raheel Ahmad,Raheel,Ahmad,,200,
0000-0001-8315-7828,S. Alex Mitsialis,S. Alex,Mitsialis,,200,
0000-0001-8320-740X,Anmol Gupta,Anmol,Gupta,,200,
0000-0001-8323-3616,Natascha Faye Saunders,Natascha,Saunders,Natascha Faye Saunders,200,
0000-0001-8329-7118,Fu Gui,Fu,Gui,,200,
0000-0001-8333-875X,Christina Ramirez,Christina,Ramirez,,200,
0000-0001-8335-3984,Roman F. Macaya,Roman,Macaya,Roman F. Macaya,200,
0000-0001-8335-870X,Bharti Sharma,Bharti,Sharma,,200,
0000-0001-8337-2122,Petros Koumoutsakos,Petros,Koumoutsakos,,200,
0000-0001-8338-7244,,,,,200,
0000-0001-8338-8976,Chandramohan Chitraju,Chandramohan,Chitraju,,200,
0000-0001-8341-701X,Gloria Aguilar,Gloria,Aguilar,,200,
0000-0001-8341-8012,Monique Smith,Monique,Smith,,200,
0000-0001-8342-6100,Kevin Yang,Kevin,Yang,,200,
0000-0001-8342-9889,Dr Md Safiullah (Safi),Md,Safiullah,Dr Md Safiullah (Safi),200,
0000-0001-8347-9173,Cyrus Ayubcha,Cyrus,Ayubcha,,200,
0000-0001-8349-2490,YingQiao Wang,YingQiao,Wang,YingQiao Wang,200,
0000-0001-8350-8587,Peter Durning,Peter,Durning,,200,
0000-0001-8351-4768,Chloe Sophie Baron,Chloe Sophie,Baron,,200,
0000-0001-8353-905X,Josefina Mendez,Josefina,Mendez,,200,
0000-0001-8355-345X,Alexandra Stanton,Alexandra,Stanton,,200,
0000-0001-8355-4065,Timothy Hla,Timothy,Hla,,200,
0000-0001-8359-8068,CHING-HUANG HO,CHING-HUANG,HO,CHING-HUANG HO,200,
0000-0001-8359-9976,Aleksandar Shopov,Aleksandar,Shopov,,200,
0000-0001-8362-5978,Baoxing Chen,Baoxing,Chen,,200,
0000-0001-8363-8285,Bonnie O. Wong,Bonnie,Wong,Bonnie O. Wong,200,
0000-0001-8365-5376,Sai Krishna Katla,Sai Krishna,Katla,,200,
0000-0001-8365-6598,Olga Strelkova,Olga,Strelkova,,200,
0000-0001-8365-7005,Martha Sweezy,Martha,Sweezy,,200,
0000-0001-8367-1640,Hanna Hillman,Hanna,Hillman,,200,
0000-0001-8367-3427,Matthew Cheney,Matthew,Cheney,,200,
0000-0001-8367-741X,Omid Azimaraghi,Omid,Azimaraghi,,200,
0000-0001-8368-0408,Zergham Ahmed,Zergham,Ahmed,,200,
0000-0001-8369-4615,KANGLIN CHEN,KANGLIN,CHEN,,200,
0000-0001-8370-4166,Kristin D’Silva,Kristin,D’Silva,,200,
0000-0001-8373-0225,Lia R. D'Alessandro,Lia,D'Alessandro,Lia R. D'Alessandro,200,
0000-0001-8374-8257,Manu Srinath Halvagal,Manu,Srinath Halvagal,,200,
0000-0001-8375-1114,Donald Carte,Donald,Carte,,200,
0000-0001-8381-2255,Nedaa Alexandra  Asbah ,Nedaa Alexandra ,Asbah ,,200,
0000-0001-8381-4496,Jessica Malenfant,Jessica,Malenfant,,200,
0000-0001-8382-8505,Abhijit Tagade,Abhijit,Tagade,,200,
0000-0001-8386-4100,Christopher Landrigan,Christopher,Landrigan,,200,
0000-0001-8388-3731,Urbano L França,Urbano,Franca,Urbano L França,200,
0000-0001-8394-3247,Nan Jiang,Nan,Jiang,,200,
0000-0001-8395-6056,Indrajeet Haldar,Indrajeet,Haldar,,200,
0000-0001-8396-2202,Maxim Gerashchenko,Maxim,Gerashchenko,,200,
0000-0001-8397-2312,Andrew Holcomb,Andrew,Holcomb,,200,
0000-0001-8399-4706,Natali Sorajja,Natali,Sorajja,,200,
0000-0001-8399-6509,Christopher Shay,Christopher,Shay,,200,
0000-0001-8400-353X,Debarshi Bhattacharya,Debarshi,Bhattacharya,,200,
0000-0001-8401-7675,Kieley Chapman,Kieley,Chapman,Kieley Chapman,200,
0000-0001-8402-7435,Pradeep Natarajan,Pradeep,Natarajan,,200,
0000-0001-8403-9292,AC Bhowmik,Aprotim Cory,Bhowmik,AC Bhowmik,200,
0000-0001-8405-4396,Jessica Weber,Jessica,Weber,,200,
0000-0001-8405-5276,Laxminarayan Rawat,Laxminarayan,Rawat,,200,
0000-0001-8407-846X,Connor Grady,Connor,Grady,,200,
0000-0001-8410-0639,Sun Yoo,Sun,Yoo,,200,
0000-0001-8412-0322,Anne A. Roffler,Anne,Roffler,Anne A. Roffler,200,
0000-0001-8416-8393,Yiying Zhang,Yiying,Zhang,Yiying Zhang,200,
0000-0001-8417-5606,Hattie Chung,Hattie,Chung,,200,
0000-0001-8417-9500,Curtis McMullen,Curtis,McMullen,,200,
0000-0001-8419-8736,Kaifeng Bu,Kaifeng,Bu,,200,
0000-0001-8421-3000,Parichehr Salimifard,Parichehr,Salimifard,,200,
0000-0001-8421-4441,Aixa Müller,Aixa,Müller,,200,
0000-0001-8422-6530,Raymond K. Walters,Raymond,Walters,Raymond K. Walters,200,
0000-0001-8423-3917,David Nemer,David,Nemer,,200,
0000-0001-8426-6188,Omer Durak,Omer,Durak,,200,
0000-0001-8427-3230,Hoang Le,Hoang,Le,,200,
0000-0001-8430-7517,Reed Johnston Morgan,Reed Johnston,Morgan,,200,
0000-0001-8430-8384,Lois Flaherty,Lois,Flaherty,,200,
0000-0001-8432-7518,Anupamaa Seshadri,Anupamaa,Seshadri,,200,
0000-0001-8434-8212,Joanna Steinglass,Joanna,Steinglass,,200,
0000-0001-8435-2131,Ellen Langer,Ellen,Langer,,200,
0000-0001-8436-7966,Robert B Leflar,Robert B,Leflar,,200,
0000-0001-8437-0671,Eugene T. Richardson,Eugene,Richardson,Eugene T. Richardson,200,
0000-0001-8437-6774,Avik Chatterjee,Avik,Chatterjee,,200,
0000-0001-8437-8702,Fuyu Guo,Fuyu,Guo,,200,
0000-0001-8438-9874,Minjin Chae,Minjin,Chae,,200,
0000-0001-8443-5180,Erika Meza,Erika,Meza,,200,
0000-0001-8447-0242,Yayoi Watanabe,Yayoi,Watanabe,,200,
0000-0001-8447-6177,Kai Wang,Kai,Wang,,200,
0000-0001-8448-6578,Cynthia Hobbs,Cynthia,Hobbs,,200,
0000-0001-8453-3813,Dylan Meyer,Dylan,Meyer,,200,
0000-0001-8453-7136,Aurore Gonzalez,Aurore,Gonzalez,,200,
0000-0001-8454-2322,Albert Alschuler,Albert,Alschuler,,200,
0000-0001-8454-3026,Miriam Baer,Miriam,Baer,,200,
0000-0001-8454-5347,Jason Stockmann,Jason,Stockmann,,200,
0000-0001-8461-8868,Xin He,Xin,He,,200,
0000-0001-8464-8653,Eva Gil-Gonzalez,Eva,Gil-Gonzalez,,200,
0000-0001-8465-3436,Philip Ayres,Philip,Ayres,,200,
0000-0001-8468-7062,Sead Kadric,Sead,Kadric,,200,
0000-0001-8472-6631,Satish Shirali,Satish,Shirali,,200,
0000-0001-8475-2231,Laura Jakli,Laura,Jakli,,200,
0000-0001-8481-7437,Jessica Dreifuss,Jessica,Dreifuss,,200,
0000-0001-8484-9690,Beth-Ann Tek,Beth-Ann,Tek,,200,
0000-0001-8497-8636,Kanaan SH,saad,kanaan,Kanaan SH,200,
0000-0001-8498-7380,Cesar Marolla,Cesar,Marolla,,200,
0000-0001-8501-701X,Susana Orrego Villegas,Susana,Orrego Villegas,,200,
0000-0001-8502-6506,Anil Upreti,Anil,Upreti,,200,
0000-0001-8504-3429,Marc L. Descoteaux,Marc,Descoteaux,Marc L. Descoteaux,200,
0000-0001-8505-3037,Laura Michelle Santana Rodriguez,Laura Michelle,Santana Rodriguez,,200,
0000-0001-8506-4553,Ignas Mazelis,Ignas,Mazelis,,200,
0000-0001-8506-9338,Daniel Greiner,Daniel,Greiner,,200,
0000-0001-8508-7501,Mary Morrison,Mary,Morrison,,200,
0000-0001-8508-8184,Surabhi K Sreenivas,Surabhi,K Sreenivas,,200,
0000-0001-8514-0907,Mohsen Goudarzi,Mohsen,Goudarzi,,200,
0000-0001-8515-6503,Alessandro Zito,Alessandro,Zito,,200,
0000-0001-8518-5259,Megan Potterbusch,Megan,Potterbusch,,200,
0000-0001-8520-2178,Makda Gebre,Makda,Gebre,,200,
0000-0001-8520-566X,Jiaming Zhang,Jiaming,Zhang,,200,
0000-0001-8521-8735,Douglas Kwon,Douglas,Kwon,,200,
0000-0001-8522-5732,Joshua Popp,Joshua,Popp,,200,
0000-0001-8524-5792,Joseph P. Dexter,Joseph,Dexter,Joseph P. Dexter,200,
0000-0001-8525-1404,Marta Guasch-Ferré,Marta,Guasch-Ferré,,200,
0000-0001-8525-3274,M. Marc Abreu,Marcio Marc,Abreu,M. Marc Abreu,200,
0000-0001-8526-9698,Sanjay Nanwani,Sanjay,Nanwani,,200,
0000-0001-8528-0280,Daniel Larson,Daniel,Larson,,200,
0000-0001-8529-2708,Allison  Oh ,Allison ,Oh ,,200,
0000-0001-8530-721X,Kiryung Kim,Kiryung,Kim,,200,
0000-0001-8530-7228,Marinka Zitnik,Marinka,Zitnik,,200,
0000-0001-8534-1485,Bernard Tamas,Bernard,Tamas,,200,
0000-0001-8534-5515,Manoj Duraisingh,Manoj,Duraisingh,,200,
0000-0001-8540-9785,Kenichi Shimada,Kenichi,Shimada,,200,
0000-0001-8541-5886,Raúl Duarte,Raúl,Duarte,,200,
0000-0001-8541-7275,Liliia Khasanova,Liliia,Khasanova,,200,
0000-0001-8542-0415,Robert Kaufman,Robert,Kaufman,,200,
0000-0001-8546-7192,Johnathan Kepple,Johnathan,Kepple,,200,
0000-0001-8547-2290,Jungmin Lee,Jungmin,Lee,,200,
0000-0001-8547-5045,Ryan Chuang,Ryan,Chuang,,200,
0000-0001-8548-0477,Mohsen Zaeimbashi,Mohsen,Zaeimbashi,,200,
0000-0001-8555-1327,Jackson A. Killian,Jackson A.,Killian,,200,
0000-0001-8556-2675,Jeremy Bloxham,Jeremy,Bloxham,,200,
0000-0001-8557-8765,Amanda Elizabeth Garza,Amanda,Garza,Amanda Elizabeth Garza,200,
0000-0001-8557-9987,Roberto Benzo,Roberto,Benzo,,200,
0000-0001-8561-4340,Samantha Morris,Samantha,Morris,,200,
0000-0001-8567-2532,Mabel Seto,Mabel,Seto,,200,
0000-0001-8568-4410,Michele Morgan,Michele,Morgan,,200,
0000-0001-8570-9606,Keeley Hoek,Keeley,Hoek,,200,
0000-0001-8571-4667,Xiaofeng Huang,Xiaofeng,Huang,,200,
0000-0001-8573-9266,Rachel Wilson,Rachel,Wilson,,200,
0000-0001-8574-1534,Daniel Okoro,Daniel,Okoro,,200,
0000-0001-8576-7179,Samantha  Butler,Samantha ,Butler,,200,
0000-0001-8577-9137,Michele Berselli,Michele,Berselli,,200,
0000-0001-8586-6476,Jing Song,Jing,Song,,200,
0000-0001-8586-8391,Isaac F. Silvera,Isaac,Silvera,Isaac F. Silvera,200,
0000-0001-8587-6535,Longzhen Cheng,Longzhen,Cheng,,200,
0000-0001-8587-9728,Adrian Guzman,Adrian,Guzman,,200,
0000-0001-8590-9122,Yasuhiro Itoh,Yasuhiro,Ito,Yasuhiro Itoh,200,
0000-0001-8594-0664,Ga Young Lee,Ga Young,Lee,,200,
0000-0001-8596-296X,shyamtanu chattoraj,shyamtanu,chattoraj,,200,
0000-0001-8599-569X,Arun Prabhu Rameshbabu,Arun Prabhu,Rameshbabu,,200,
0000-0001-8600-0367,TUGBA KILIC,TUGBA,KILIC,,200,
0000-0001-8601-5534,Rohit Bakshi,Rohit,Bakshi,Rohit Bakshi,200,
0000-0001-8602-2363,Luis Gutierrez-Lopez,Luis,Gutierrez-Lopez,,200,
0000-0001-8602-3091,David Scott,David,Scott,,200,
0000-0001-8606-5304,Shailja Vaghela,Shailja,Vaghela,,200,
0000-0001-8607-3515,Naomi Saphra,Naomi,Saphra,,200,
0000-0001-8608-6949,Jingjing Gao,Jingjing,Gao,,200,
0000-0001-8609-0438,NURHAIZATUL JAMIL,NURHAIZATUL,JAMIL,,200,
0000-0001-8609-843X,Pragya Sur,Pragya,Sur,,200,
0000-0001-8611-7207,Arielle Delphine Tripp,Arielle Delphine,Tripp,,200,
0000-0001-8612-727X,Paweł Wityk,Paweł,Wityk,,200,
0000-0001-8613-5966,Douglas Bafford,Douglas,Bafford,,200,
0000-0001-8613-8526,Michael Melfi,Michael,Melfi,,200,
0000-0001-8614-2736,Zhi-Jian Liu,Zhi-Jian,Liu,,200,
0000-0001-8619-3349,Elizabeth Lawson,Elizabeth,Lawson,,200,
0000-0001-8621-1674,Anne K Engmann,Anne K,Engmann,,200,
0000-0001-8623-9167,Ada  Peter,Ada ,Peter,,200,
0000-0001-8624-509X,Tatiana  Gomez Gomez,Tatiana ,Gomez Gomez,,200,
0000-0001-8626-2519,Patricia Silveira,Patricia,Silveira,,200,
0000-0001-8627-0965,Timothy Hsieh,Timothy,Hsieh,,200,
0000-0001-8627-2004,JEFFREY HAJIBANDEH,JEFFREY,HAJIBANDEH,,200,
0000-0001-8628-0282,Ruobo Zhou,Ruobo,Zhou,,200,
0000-0001-8628-403X,Robert Doyle,Robert,Doyle,,200,
0000-0001-8630-5021,Michael Honigberg,Michael,Honigberg,,200,
0000-0001-8631-4622,Victor G. Calvillo-Miranda,Victor G.,Calvillo-Miranda,,200,
0000-0001-8632-4636,Pippa Norris,Pippa,Norris,,200,
0000-0001-8633-4682,Won-Seok Lee,Won-Seok,Lee,,200,
0000-0001-8634-3896,Tobyn Branck,Tobyn,Branck,,200,
0000-0001-8634-7512,Lucy H. Young,Lucy,Young,Lucy H. Young,200,
0000-0001-8637-7930,George Bailey,George,Bailey,,200,
0000-0001-8639-0473,Wanda Phipatanakul,Wanda,Phipatanakul,,200,
0000-0001-8639-5493,Jeremy Yang,Jeremy,Yang,,200,
0000-0001-8646-7469,Alexander Meissner,Alexander,Meissner,,200,
0000-0001-8646-8699,Riordan Frost,Riordan,Cappio-Frost,Riordan Frost,200,
0000-0001-8647-8264,Rajesh Kumar,Rajesh,Kumar,,200,
0000-0001-8650-0986,Tania Rinaldi Barkat,Tania,Rinaldi Barkat,,200,
0000-0001-8650-3693,Kinga Smolen,Kinga,Smolen,,200,
0000-0001-8655-1337,Weiming Mi,Weiming,Mi,,200,
0000-0001-8655-831X,Carlos Rivera,Carlos,Rivera,,200,
0000-0001-8655-8715,Marc Loustau,Marc,Loustau,,200,
0000-0001-8656-7275,Christopher Logan,Christopher,Logan,,200,
0000-0001-8657-0554,Andrew Teer,Andrew,Teer,,200,
0000-0001-8657-9620,Carmina Erdei,Carmina,Erdei,,200,
0000-0001-8660-7126,Dan W. Nowakowski,Dan,Nowakowski,Dan W. Nowakowski,200,
0000-0001-8663-6277,Rishi Popat,Rishi,Popat,,200,
0000-0001-8664-3522,David Flatto,David,Flatto,,200,
0000-0001-8665-3376,Charles King III,Charles,King,Charles King III,200,
0000-0001-8666-6951,William Gilpin,William,Gilpin,,200,
0000-0001-8667-4425,Cheng-Chen Tsai,Cheng-Chen,Tsai,,200,
0000-0001-8667-5233,Yuri Maricich,Yuri,Maricich,,200,
0000-0001-8668-9707,Fuensanta Vera-Diaz,Fuensanta,Vera-Diaz,,200,
0000-0001-8670-6212,Nicole Yunger Halpern,Nicole,Yunger Halpern,,200,
0000-0001-8675-7626,William Steinhardt,William,Steinhardt,,200,
0000-0001-8676-9256,Alexandra Núñez,Alexandra,Núñez,,200,
0000-0001-8678-5205,Alex B Wang,Alex,Wang,Alex B Wang,200,
0000-0001-8681-5697,Jonathan Masin-Peters,Jonathan,Masin-Peters,,200,
0000-0001-8681-6526,Md Nafiz Hamid,Md Nafiz,Hamid,,200,
0000-0001-8682-3080,Damien Laouteouet,Damien,Laouteouet,,200,
0000-0001-8683-3473,Chao Liu,Chao,Liu,,200,
0000-0001-8683-7044,Mandeep Mehra,Mandeep,Mehra,,200,
0000-0001-8687-9105,Christina Woo,Christina,Woo,,200,
0000-0001-8689-9624,Andy Yu-Der Wang,Andy,Wang,Andy Yu-Der Wang,200,
0000-0001-8690-8412,Laura Germine,Laura,Germine,Laura Germine,200,
0000-0001-8691-4601,Ibrahim Ibrahim,Ibrahim,Ibrahim,,200,
0000-0001-8691-9373,Clarissa Cooley,Clarissa,Cooley,,200,
0000-0001-8692-7656,Christopher Alba,Christopher,Alba,,200,
0000-0001-8694-7235,Ashrafali Mohamed Ismail,Mohamed Ismail,Ashrafali,Ashrafali Mohamed Ismail,200,
0000-0001-8696-5177,ronald levy,ronald,levy,,200,
0000-0001-8697-089X,"Susan M. Goobie, MD, FRCPC",Susan Marie,Goobie,"Susan M. Goobie, MD, FRCPC",200,
0000-0001-8700-1716,Julien Dugnoille,Julien,Dugnoille,,200,
0000-0001-8700-8715,Tianpeng Zhang,Tianpeng,Zhang,,200,
0000-0001-8706-2615,Jill Walsh,Jill,Walsh,,200,
0000-0001-8708-4507,William Zhang,William,Zhang,,200,
0000-0001-8710-8898,Jayoung Ryu,Jayoung,Ryu,,200,
0000-0001-8711-0699,yanmei guo,yanmei,guo,,200,
0000-0001-8712-6666,"Julieta M. Manrique, PhD",Julieta Marina,Manrique,"Julieta M. Manrique, PhD",200,
0000-0001-8715-5950,Benjamin Sachs,Benjamin,Sachs,,200,
0000-0001-8715-6582,Zhu-Xi Luo,Zhu-Xi,Luo,,200,
0000-0001-8716-3045,Tobias Wille,Tobias,Wille,,200,
0000-0001-8718-0638,Nathan  Zuniga,Nathan ,Zuniga,,200,
0000-0001-8718-636X,Rajindra P Aryal,Rajindra P,Aryal,,200,
0000-0001-8724-5649,Patricia L. Musolino,Patricia L.,Musolino,,200,
0000-0001-8727-8088,Xin Dong,Xin,Dong,,200,
0000-0001-8728-092X,Kael Ragnini,Kael,Ragnini,,200,
0000-0001-8730-6309,Corinna Baksik,Corinna,Baksik,,200,
0000-0001-8731-3576,ANDREW SIMPSON,ANDREW,SIMPSON,,200,
0000-0001-8734-2836,Lindie Clark,Lindie,Clark,,200,
0000-0001-8734-6001,Matan Mayer,Matan,Mayer,,200,
0000-0001-8737-4686,Maya Jackson,Maya,Jackson,,200,
0000-0001-8738-2838,Monty Montano,Monty,Montano,,200,
0000-0001-8741-1344,Jackson Weir,Jackson,Weir,,200,
0000-0001-8741-3411,Amitava Banerjee,Amitava,Banerjee,,200,
0000-0001-8741-4430,Jagpreet Chhatwal,Jagpreet,Chhatwal,,200,
0000-0001-8742-249X,Aamir Suhail,Aamir,Suhail,,200,
0000-0001-8742-5666,Rojesh Shrestha,Rojesh,Shrestha,,200,
0000-0001-8743-348X,Luiz Felipe Rossini,Luiz Felipe,Rossini,Luiz Felipe Rossini,200,
0000-0001-8746-282X,Tyler Lanman,Tyler,Lanman,,200,
0000-0001-8747-1101,Charles Davis,Charles,Davis,,200,
0000-0001-8748-7576,Sara McLaughlin,Sara,McLaughlin,,200,
0000-0001-8749-9374,Maryna L. Meretska,Maryna L.,Meretska,,200,
0000-0001-8752-2888,Shahriar Talebi,Shahriar,Talebi,,200,
0000-0001-8753-9938,Patricia Allen,Patricia,Allen,,200,
0000-0001-8756-5968,Zhenyu Li,Zhenyu,Li,,200,
0000-0001-8760-674X,Alden Landry,Alden,Landry,,200,
0000-0001-8762-7479,Beau Sievers,Beau,Sievers,,200,
0000-0001-8764-3137,Ruth Tweedy,Ruth,Tweedy,,200,
0000-0001-8766-7112,Shrinivas Pundlik,Shrinivas,Pundlik,,200,
0000-0001-8768-7033,Katie Grace Deane,Katie Grace,Deane,,200,
0000-0001-8769-0478,Dmitry Kazakov,Dmitry,Kazakov,,200,
0000-0001-8770-0816,Jin Dai,Jin,Dai,,200,
0000-0001-8770-3048,JI ZENG,JI,ZENG,,200,
0000-0001-8770-3267,Seyed Ali Mousavi Shaegh,Seyed Ali,Mousavi Shaegh,,200,
0000-0001-8772-1721,S Dhuppar,S,Dhuppar,,200,
0000-0001-8772-6813,Shashi Kant,Shashi,Kant,,200,
0000-0001-8777-1817,Wenying Liao,Wenying,Liao,,200,
0000-0001-8779-6782,Georgiana McTigue,Georgiana,McTigue,,200,
0000-0001-8779-9289,Andrew Bartuska,Andrew,Bartuska,,200,
0000-0001-8780-7664,Julio Collado-Vides,Julio,Collado-Vides,,200,
0000-0001-8781-6544,Jonathan Chen,Jonathan,Chen,,200,
0000-0001-8782-2215,Lillian Fornof,Lillian,Fornof,,200,
0000-0001-8789-1384,Amanda Speller,Amanda,Speller,,200,
0000-0001-8789-4673,Gabriela Sofia Lecaro Calle,Gabriela Sofia,Lecaro Calle,,200,
0000-0001-8792-3040,Guilherme Dantas Nogueira,Guilherme,Dantas Nogueira,,200,
0000-0001-8794-604X,Ramadhani Chambuso,Ramadhani,Chambuso,,200,
0000-0001-8796-2250,Brandon Keehn,Brandon,Keehn,,200,
0000-0001-8796-9292,Amy  Zamora,Amy ,Zamora,,200,
0000-0001-8798-3270,Dor Verbin,Dor,Verbin,,200,
0000-0001-8801-1115,"Dr. Seyed Navid Shayegh, MD",Seyed Navid,Shayegh,"Dr. Seyed Navid Shayegh, MD",200,
0000-0001-8803-2485,Martin K. Bakht,Martin,Bakht,Martin K. Bakht,200,
0000-0001-8803-7753,Adam South,Adam,South,,200,
0000-0001-8804-4136,Angèle flora Mendy,Angèle flora,Mendy,,200,
0000-0001-8805-4609,Grace Wyshak,Grace,Wyshak,,200,
0000-0001-8806-4858,Regina N. Bradley,Regina N.,Bradley,,200,
0000-0001-8808-5333,Dennis Kasper,Dennis,Kasper,,200,
0000-0001-8808-607X,Nathan Hollinsaid,Nathan,Hollinsaid,,200,
0000-0001-8810-2471,Raheel Sayeed,Raheel,Sayeed,,200,
0000-0001-8812-9463,nida zahid,nida,zahid,,200,
0000-0001-8813-6516,Laura Davidson,Laura,Davidson,,200,
0000-0001-8816-1463,Taylor Burke,Taylor,Burke,,200,
0000-0001-8818-0568,Alan H. Beggs,Alan,Beggs,Alan H. Beggs,200,
0000-0001-8819-1144,Ryan P. Badman,Ryan,Badman,Ryan P. Badman,200,
0000-0001-8819-2315,Matthew Kelly,Matthew,Kelly,,200,
0000-0001-8823-8037,Kadriye Hargett,Kadriye,Hargett,,200,
0000-0001-8823-9152,Katie Zaman,Katie,Zaman,,200,
0000-0001-8824-0372,Zareena  Fathah,Zareena ,Fathah,,200,
0000-0001-8826-8543,Yulia Gromova,Yulia,Gromova,,200,
0000-0001-8829-1575,NADER ARDALAN,NADER,ARDALAN,,200,
0000-0001-8831-1230,Lillian Butler,Lillian,Butler,,200,
0000-0001-8833-2939,Ayla Gerk Rangel,Ayla,Gerk Rangel,,200,
0000-0001-8834-2360,Dr Isaiah Otis Reid  JD Law Student,Dr Isaiah,Otis Reid  JD Law Student,,200,
0000-0001-8834-5975,Muthu Periasamy,Muthu,Periasamy,,200,
0000-0001-8835-920X,Alice Kehoe,Alice,Kehoe,,200,
0000-0001-8836-0235,Sebastian F. Winter,Sebastian F.,Winter,Sebastian F. Winter,200,
0000-0001-8838-6638,Hatem Zayed,Hatem,Zayed,,200,
0000-0001-8838-7147,Moritz Kraemer,Moritz,Kraemer,,200,
0000-0001-8839-4056,Jiho Choi,Jiho,Choi,,200,
0000-0001-8840-2212,Asaf Lubin,Asaf,Lubin,,200,
0000-0001-8841-1282,Yuri-Grace Ohashi,Yuri-Grace,Ohashi,,200,
0000-0001-8843-3887,Rebecca Y. Martin,Rebecca,Martin,Rebecca Y. Martin,200,
0000-0001-8843-402X,Rafid Quayum,Rafid,Quayum,,200,
0000-0001-8846-9767,Dennis J. Selkoe,Dennis J.,Selkoe,,200,
0000-0001-8848-6399,Michael D. Fox,Michael,Fox,Michael D. Fox,200,
0000-0001-8850-4374,Iqbal Shah,Iqbal,Shah,,200,
0000-0001-8851-0758,Alan N. Francis,Alan N.,Francis,Alan N. Francis,200,
0000-0001-8851-1638,Marco Piccardo,Marco,Piccardo,,200,
0000-0001-8851-6594,Christopher Szabla,Christopher,Szabla,,200,
0000-0001-8853-8574,Celia Emmelhainz,Celia,Emmelhainz,,200,
0000-0001-8856-0149,Simone Ispa-Landa,Simone,Ispa-Landa,,200,
0000-0001-8864-9231,Fredrick High,Fredrick,High,,200,
0000-0001-8865-935X,Meir Stampfer,Meir,Stampfer,,200,
0000-0001-8867-7566,Roberto Stefan Foa,Roberto Stefan,Foa,,200,
0000-0001-8868-1100,Masa Josipovic,Masa,Josipovic,,200,
0000-0001-8868-8919,Laurier Cress,Laurier,Cress,,200,
0000-0001-8868-9735,Fabian Clemens Weigend,Fabian Clemens,Weigend,,200,
0000-0001-8872-7738,Xiang Wu,Xiang,Wu,,200,
0000-0001-8877-0832,Caroline Filice Smith,Caroline,Filice Smith,,200,
0000-0001-8878-1072,Asma  Ahmed,Asma ,Ahmed,,200,
0000-0001-8882-9048,Patrick Forrester,Patrick,Forrester,,200,
0000-0001-8886-4804,Anna B. Stephenson,Anna,Stephenson,Anna B. Stephenson,200,
0000-0001-8888-5613,Daniel E. Morse,Daniel E.,Morse,,200,
0000-0001-8891-2714,Dominika Nowakowska,Dominika,Nowakowska,,200,
0000-0001-8892-1557,Ashley Scott,Ashley,Scott,,200,
0000-0001-8892-8695,Michael  Mansour,Michael ,Mansour,,200,
0000-0001-8898-0987,Jong Shin,Jong,Shin,Jong Shin,200,
0000-0001-8898-8508,QI WANG,QI,WANG,,200,
0000-0001-8899-3825,Siobhan M. Phillips,Siobhan,Phillips,Siobhan M. Phillips,200,
0000-0001-8902-9990,Katherine Rosenfeld,Katherine,Rosenfeld,,200,
0000-0001-8905-722X,Brendan McElroy,Brendan,McElroy,,200,
0000-0001-8906-4219,Cameron K. McBride,Cameron K.,McBride,,200,
0000-0001-8907-1232,"Stephanie L. Black, PhD",Stephanie,Black,"Stephanie L. Black, PhD",200,
0000-0001-8908-7891,Richard J. Reddick,Richard,Reddick,Richard J. Reddick,200,
0000-0001-8910-0670,Federico  Manfredi Firmian,Federico ,Manfredi Firmian,,200,
0000-0001-8910-1841,Caio Silva,Caio,Silva,,200,
0000-0001-8912-2271,Larissa C. Engert,Larissa C.,Engert,,200,
0000-0001-8913-7879,Allon Klein,Allon,Klein,,200,
0000-0001-8913-8767,Carolina Mejia Peña,Carolina,Mejia Peña,,200,
0000-0001-8918-2207,Howard BUNN,Howard,BUNN,,200,
0000-0001-8918-2573,Francisco Javier Estrada Diez,Francisco Javier,Estrada Diez,,200,
0000-0001-8921-3464,Satori Iwamoto,Satori,Iwamoto,,200,
0000-0001-8922-9976,Yuchen Liu,Yuchen,Liu,,200,
0000-0001-8926-8836,Joshua Sanes,Joshua,Sanes,,200,
0000-0001-8928-3307,Eleftheria Papadaki,Eleftheria,Papadaki,,200,
0000-0001-8931-4281,Manuel Medrano,Manuel,Medrano,,200,
0000-0001-8935-8524,Jonathan Marron,Jonathan,Marron,,200,
0000-0001-8937-3740,Lewis Day,Lewis,Day,,200,
0000-0001-8937-7397,Ka Yang,Ka,Yang,,200,
0000-0001-8937-8592,Jennifer Oyler-Yaniv,Jennifer,Oyler-Yaniv,,200,
0000-0001-8941-5349,Natalie Baker,Natalie,Baker,,200,
0000-0001-8944-5521,解瑞,Jerry,Kurjian,解瑞,200,
0000-0001-8944-8386,Randall Tyler Mertens,Randall Tyler,Mertens,,200,
0000-0001-8948-319X,Justin Rolando,Justin,Rolando,,200,
0000-0001-8948-7879,Xiangang Huang,Xiangang,Huang,,200,
0000-0001-8952-0288,Anne Marie Cammisa,Anne Marie,Cammisa,,200,
0000-0001-8956-781X,Yu Jiang,Yu,Jiang,,200,
0000-0001-8957-5473,Michael L. McManus,Michael,McManus,Michael L. McManus,200,
0000-0001-8960-3702,Yaniris Molina-Aponte,Yaniris,Molina Aponte,Yaniris Molina-Aponte,200,
0000-0001-8962-1441,Yousef Alshumrani ,Yousef,Alshumrani ,,200,
0000-0001-8962-3076,Barbara A Reich,Barbara,Reich,Barbara A Reich,200,
0000-0001-8963-5616,Xinru You,Xinru,You,,200,
0000-0001-8964-5187,Juan Castillo,Juan,Castillo,,200,
0000-0001-8968-3474,Tabitha Lumour-Mensah,Tabitha,Lumour-Mensah,Tabitha Lumour-Mensah,200,
0000-0001-8970-540X,Jakob T Sieker,Jakob,Sieker,Jakob T Sieker,200,
0000-0001-8971-148X,Srinjoy Saha,Srinjoy,Saha,Srinjoy Saha,200,
0000-0001-8972-9460,Emmy Dove,Emmy,Dove,,200,
0000-0001-8974-9330,Jada Gibbs,Jada,Gibbs,,200,
0000-0001-8975-0382,Alvaro Pascual-Leone,Alvaro,Pascual-Leone,,200,
0000-0001-8977-7411,Dominie Miyasato,Dominie,Miyasato,,200,
0000-0001-8977-9206,Kathleen Tarr,Kathleen,Tarr,,200,
0000-0001-8979-844X,Zongmin Zhao,Zongmin,Zhao,,200,
0000-0001-8986-1103,Simon Evered,Simon,Evered,,200,
0000-0001-8987-6436,Matthew Mah,Matthew,Mah,,200,
0000-0001-8991-1174,Nathan Praschan,Nathan,Praschan,,200,
0000-0001-8993-4413,Stephanie N. DeCross,Stephanie,DeCross,Stephanie N. DeCross,200,
0000-0001-8994-5251,William C. Clark,William,Clark,William C. Clark,200,
0000-0001-8994-7046,Robert Husson,Robert,Husson,,200,
0000-0001-8998-5050,Hiroyuki Yoshida,Hiroyuki,Yoshida,,200,
0000-0001-8999-8062,Jaclyn Matthes,Jaclyn,Matthes,,200,
0000-0001-9000-2998,Stanley Rapoport,Stanley,Rapoport,,200,
0000-0001-9003-3882,Hong Qu,Hong,Qu,,200,
0000-0001-9005-4843,Zeynep Celik Alexander,Zeynep,Celik Alexander,,200,
0000-0001-9006-1859,Jose Castillo,Jose,Castillo,,200,
0000-0001-9007-7295,Daniel Zlotoff,Daniel,Zlotoff,,200,
0000-0001-9011-7066,Lotem Bassan-Nygate,Lotem,Bassan-Nygate,,200,
0000-0001-9013-0105,Scott Lovitch,Scott,Lovitch,,200,
0000-0001-9014-1234,Brianna N. Diaz-Pacheco,Brianna,Diaz-Pacheco,Brianna N. Diaz-Pacheco,200,
0000-0001-9016-1104,Yizhi Jiang,Yizhi,Jiang,,200,
0000-0001-9018-6731,Michael Jerosch-Herold,Michael,Jerosch-Herold,,200,
0000-0001-9022-411X,Aman Patel,Aman,Patel,,200,
0000-0001-9022-8313,Jennifer B. Ford,Jennifer,Ford,Jennifer B. Ford,200,
0000-0001-9026-9342,Galen Missig,Galen,Missig,,200,
0000-0001-9027-3819,William Y. Degbey,William Y.,Degbey,,200,
0000-0001-9035-1629,Erik Nelson,Erik,Nelson,,200,
0000-0001-9035-3843,Konstantinos Karathanasis,Konstantinos,Karathanasis,,200,
0000-0001-9035-6737,William Maloney,William,Maloney,,200,
0000-0001-9037-5989,DR.Antonette Asumptha J,DR.Antonette,Asumptha J,,200,
0000-0001-9039-1022,Di Sun,Di,Sun,Di Sun,200,
0000-0001-9039-5808,Nancy  Sullivan,Nancy ,Sullivan,,200,
0000-0001-9041-7341,Willis Li,Willis,Li,,200,
0000-0001-9043-8169,Zhixing Ma,Zhixing,Ma,,200,
0000-0001-9044-2651,Ziwei Gu,Ziwei,Gu,,200,
0000-0001-9044-8113,Rachel Landsman,Rachel,Landsman,,200,
0000-0001-9045-293X,Joshua Lupkin,Joshua,Lupkin,,200,
0000-0001-9048-3453,Alberto Hazan,Alberto,Hazan,,200,
0000-0001-9051-6091,Xinyi Feng,Xinyi,Feng,,200,
0000-0001-9051-8388,Qixin Wang,Qixin,Wang,,200,
0000-0001-9053-6252,Mukul Narwani,Mukul,Narwani,,200,
0000-0001-9053-6279,Qiuyun Fan,Qiuyun,Fan,,200,
0000-0001-9054-0075,Anthony Bonner,Anthony,Bonner,,200,
0000-0001-9056-3365,Sarah E. Motta,Sarah E.,Motta,,200,
0000-0001-9061-3019,Stephanie Olinger,Stephanie,Olinger,,200,
0000-0001-9062-3399,"Saud H AlDubayan, MD",Saud H,"AlDubayan, MD",,200,
0000-0001-9065-4785,Jiashun Huang,Jiashun,Huang,,200,
0000-0001-9065-7644,Marissa Gredler,Marissa,Gredler,,200,
0000-0001-9067-0910,Heng Du,Heng,Du,,200,
0000-0001-9071-2279,Giulia Semeghini,Giulia,Semeghini,,200,
0000-0001-9073-6318,Judith Kraiczy,Judith,Kraiczy,,200,
0000-0001-9078-8978,"Soham Ghoshal, MD, MBA",Soham,Ghoshal,"Soham Ghoshal, MD, MBA",200,
0000-0001-9081-5702,Niloy Biswas,Niloy,Biswas,,200,
0000-0001-9082-4510,Maobin XIE,Maobin,XIE,,200,
0000-0001-9085-8542,Gabrielle Lim,Gabrielle,Lim,,200,
0000-0001-9087-7321,Charles M Brooks,Charles,Brooks,Charles M Brooks,200,
0000-0001-9093-4322,Kelsey Holt,Kelsey,Holt,,200,
0000-0001-9094-343X,Kumar Sarthak,Kumar,Sarthak,,200,
0000-0001-9094-9663,Naoki Yanagisawa,Naoki,Yanagisawa,,200,
0000-0001-9094-9882,Xiwen Jia,Xiwen,Jia,,200,
0000-0001-9096-5858,Bogdan Bintu,Bogdan,Bintu,,200,
0000-0001-9097-3831,Takeshi Okada,Takeshi,Okada,,200,
0000-0001-9100-4952,Vencel Juhasz,Vencel,Juhász,Vencel Juhasz,200,
0000-0001-9105-1636,Andrew Landau,Andrew,Landau,,200,
0000-0001-9106-7080,Joanna Yang,Joanna,Yang,,200,
0000-0001-9111-6911,Aurelio Mollo,Aurelio,Mollo,,200,
0000-0001-9113-778X,Qiao Jiao,Qiao,Jiao,,200,
0000-0001-9115-3210,Tatiana Roldán Ovalle,Tatiana,Roldán Ovalle,,200,
0000-0001-9116-1464,Michael John McDowell,Michael John,McDowell,,200,
0000-0001-9117-4628,Junsung Kim,Junsung,Kim,,200,
0000-0001-9117-5508,"J.K. Hartsfield, Jr.",James,Hartsfield,"J.K. Hartsfield, Jr.",200,
0000-0001-9118-501X,Kimberly Han,Kimberly,Han,,200,
0000-0001-9120-3580,Sumreen Javed,Sumreen,Javed,,200,
0000-0001-9121-6250,Indraneel Mukhopadhyay,Indraneel,Mukhopadhyay,,200,
0000-0001-9125-074X,Stephen Sachs,Stephen,Sachs,,200,
0000-0001-9125-5436,Carol Atack,Carol,Atack,,200,
0000-0001-9128-1263,Debbie Sorensen,Debbie,Sorensen,,200,
0000-0001-9129-6510,Anne Becker,Anne,Becker,,200,
0000-0001-9130-1586,H. Annie Vu,Hanh Annie,Vu,H. Annie Vu,200,
0000-0001-9133-7685,Matthew Bodie,Matthew,Bodie,,200,
0000-0001-9133-8987,Hawa Dembele,Hawa,Dembele,,200,
0000-0001-9134-1246,Erik Carlson,Erik,Carlson,,200,
0000-0001-9134-9483,Inas Abuali,Inas,Abuali,,200,
0000-0001-9135-7264,Maria Salvador,María,Salvador,Maria Salvador,200,
0000-0001-9137-2595,Yongrui Luo,Yongrui,Luo,,200,
0000-0001-9140-3574,Raphaelle Haywood,Raphaelle,Haywood,,200,
0000-0001-9141-2673,"Kenji Saito MD, JD, FACOEM",Kenji,Saito,"Kenji Saito MD, JD, FACOEM",200,
0000-0001-9141-8282,Eren Ada,Eren,Ada,,200,
0000-0001-9142-7269,Mary Burkhauser,Mary,Burkhauser,,200,
0000-0001-9143-2199,Aoxing Cheng,Aoxing,Cheng,,200,
0000-0001-9143-7248,Kevin Shapiro,Kevin,Shapiro,,200,
0000-0001-9151-0767,Lu Gong,Lu,Gong,,200,
0000-0001-9154-2697,Mehmet Doğan Așık,Mehmet Doğan,Așık,,200,
0000-0001-9156-5653,Corbin Ester,Corbin,Ester,,200,
0000-0001-9157-3012,Arlene Katz,Arlene,Katz,,200,
0000-0001-9158-3341,Mark Hill,Mark,Hill,,200,
0000-0001-9158-9276,Sydney Vach,Sydney,Vach,Sydney Vach,200,
0000-0001-9159-6484,Minhong (Neenah) Huang,Minhong (Neenah),Huang,,200,
0000-0001-9166-0503,Leland Dobbs,Leland,Dobbs,,200,
0000-0001-9168-7255,Ana Laura Boeno Malmaceda,Ana Laura,Boeno Malmaceda,,200,
0000-0001-9169-4180,Delaney Snowden,Delaney,Snowden,,200,
0000-0001-9170-6372,Carolyn M. Warner,Carolyn,Warner,Carolyn M. Warner,200,
0000-0001-9170-9071,Suhui Zhao,Suhui,Zhao,,200,
0000-0001-9172-6672,Ioannis Lempesis,Ioannis,Lempesis,,200,
0000-0001-9175-1990,Nathaniel B. Vilas,Nathaniel,Vilas,Nathaniel B. Vilas,200,
0000-0001-9176-4695,Sharmila Dey,Sharmila,Dey,,200,
0000-0001-9177-1385,Shanshan Sheehy,Shanshan,Sheehy,,200,
0000-0001-9178-1719,Jennifer Rowley,Jennifer,Rowley,,200,
0000-0001-9184-4847,Liisa Vilén,Liisa,Vilén,,200,
0000-0001-9185-3612,Franziska Wachter,Franziska,Wachter,,200,
0000-0001-9186-1110,Jiahui Chen,Jiahui,Chen,,200,
0000-0001-9186-6712,Michelle H. Zhang,Michelle,Zhang,Michelle H. Zhang,200,
0000-0001-9193-2919,Elizabeth Thom,Elizabeth,Thom,,200,
0000-0001-9198-062X,Lucy Zhao,Lucy,Zhao,,200,
0000-0001-9198-2262,carmela canzonieri,carmela,canzonieri,,200,
0000-0001-9201-209X,Navid Mousavi,Seyed Navid,Mousavi,Navid Mousavi,200,
0000-0001-9201-8766,Hiroshi M. Sasaki,Hiroshi,Sasaki,Hiroshi M. Sasaki,200,
0000-0001-9201-9144,George Ainslie,George,Ainslie,,200,
0000-0001-9201-9603,Ricky Cordova,Ricky,Cordova,,200,
0000-0001-9202-9553,Alice Frigerio,Alice,Frigerio,,200,
0000-0001-9210-8809,Mikhail Fedorov,Mikhail,Fedorov,,200,
0000-0001-9211-7895,Suppawat Kongthong,Suppawat,Kongthong,,200,
0000-0001-9212-4948,O.C Olagoke,Olawande,Olagoke,O.C Olagoke,200,
0000-0001-9212-5596,Thomas O'Mealia,Thomas,O'Mealia,,200,
0000-0001-9215-2463,Chiu Fan Bowen Lo,Chiu Fan Bowen,Lo,,200,
0000-0001-9216-8887,Alexander Acht,Alexander,Acht,,200,
0000-0001-9216-9302,Max Krasnow,Max,Krasnow,,200,
0000-0001-9217-2296,GiHun Choi,GiHun,Choi,,200,
0000-0001-9222-4893,Yan Zhe Liu,Yan Zhe,Liu,,200,
0000-0001-9224-3568,Mira Burri,Mira,Burri,,200,
0000-0001-9224-5061,Chaoyu Wang,Chaoyu,Wang,,200,
0000-0001-9229-5317,Julian Gautier,Julian,Gautier,,200,
0000-0001-9230-5810,Paul  McHugh ,Paul ,McHugh ,,200,
0000-0001-9232-0703,Montaña Cámara,Montaña,Cámara,Montaña Cámara,200,
0000-0001-9232-259X,Nicholas Kamp,Nicholas,Kamp,,200,
0000-0001-9232-3218,Jakub Svenda,Jakub,Svenda,,200,
0000-0001-9232-6304,Hossein Alidaee,Hossein,Alidaee,,200,
0000-0001-9232-6320,Mariana Eguren,Mariana,Eguren,,200,
0000-0001-9234-4190,Prerna  Singh ,Prerna ,Singh ,,200,
0000-0001-9242-4094,Denys Shay,Denys,Shay,,200,
0000-0001-9246-1653,Tommaso Baldacchini,Tommaso,Baldacchini,,200,
0000-0001-9247-2168,Dimitra Chousou,Dimitra,Chousou,,200,
0000-0001-9247-8228,Pascal Weber,Pascal,Weber,,200,
0000-0001-9249-114X,Tristan Reed,Tristan,Reed,,200,
0000-0001-9249-8704,Vatsal Naresh,Vatsal,Naresh,,200,
0000-0001-9250-8597,Gonzalo Herrera,Gonzalo,Herrera,,200,
0000-0001-9251-5762,Hao Geng,Hao,Geng,,200,
0000-0001-9252-4896,Nathan Grant,Nathan,Grant,,200,
0000-0001-9252-7448,Jonas Kaiser,Jonas,Kaiser,,200,
0000-0001-9255-2547,Ye Jin,Ye,Jin,,200,
0000-0001-9255-3064,Goncalves L,Lino,Goncalves,Goncalves L,200,
0000-0001-9255-5684,Lisa Tostanoski,Lisa,Tostanoski,,200,
0000-0001-9259-0885,S. Nassir Ghaemi,Seyyed Nassir,Ghaemi,S. Nassir Ghaemi,200,
0000-0001-9260-6816,Lawrence Wills,Lawrence,Wills,,200,
0000-0001-9261-0102,Swarnabh Ghosh,Swarnabh,Ghosh,,200,
0000-0001-9261-0516,Olivia Mae Waring,Olivia Mae,Waring,,200,
0000-0001-9263-7495,Joseph Ogbede,Joseph Uche,Ogbede,Joseph Ogbede,200,
0000-0001-9268-3555,Yide Liu,Yide,Liu,,200,
0000-0001-9269-3163,Nuria Lafuente-Gómez,Nuria,Lafuente Gómez,Nuria Lafuente-Gómez,200,
0000-0001-9271-7284,Joan Steffen,Joan,Steffen,,200,
0000-0001-9272-8266,Mark Kramer,Mark,Kramer,,200,
0000-0001-9277-2515,Yufan Wu,Yufan,Wu,,200,
0000-0001-9277-2662,Hyuk-Jin Cha,Hyuk-Jin,Cha,,200,
0000-0001-9277-3200,Maximillian Rogers,Maximillian,Rogers,,200,
0000-0001-9277-5302,Edward Kong,Edward,Kong,,200,
0000-0001-9280-8733,Shawn Harris,Shawn,Harris,,200,
0000-0001-9282-0230,Gunes Sevinc,Gunes,Sevinc,,200,
0000-0001-9282-1946,Isaiah Dela Cruz,Isaiah,Dela Cruz,,200,
0000-0001-9284-470X,Alice CAPUZ,Alice,CAPUZ,,200,
0000-0001-9284-5745,Ricardo  Hausmann ,Ricardo ,Hausmann ,,200,
0000-0001-9286-0160,Gretchen Wade,Gretchen,Wade,,200,
0000-0001-9287-3551,Mathieu Stouf,Mathieu,Stouf,,200,
0000-0001-9287-4503,Zahir Kanjee,Zahir,Kanjee,,200,
0000-0001-9290-4741,Robert Ietswaart,Robert,Ietswaart,,200,
0000-0001-9290-6667,Gilad Sherman,Gilad,Sherman,,200,
0000-0001-9295-0035,Jennifer Manne-Goehler,Jennifer,Manne-Goehler,,200,
0000-0001-9298-1245,Eslam Khalaf,Eslam,Khalaf,,200,
0000-0001-9299-5401,Stevens Bontemps,Stevens,Bontemps,,200,
0000-0001-9300-1552,Jonah E Pearl,Jonah,Pearl,Jonah E Pearl,200,
0000-0001-9300-7997,Arunabh Ghosh,Arunabh,Ghosh,,200,
0000-0001-9301-4126,Ming  Du,Ming ,Du,,200,
0000-0001-9302-0454,Esther Brandon Kotecha,Esther,Brandon Kotecha,Esther Brandon Kotecha,200,
0000-0001-9302-3911,Patrick Slade,Patrick,Slade,,200,
0000-0001-9303-010X,Gleb Pishchany,Gleb,Pishchany,,200,
0000-0001-9306-8327,Markus Dines Knudsen,Markus Dines,Knudsen,Markus Dines Knudsen,200,
0000-0001-9307-5973,Andrew Dates,Andrew,Dates,,200,
0000-0001-9310-9969,Kanu Okike,Kanu,Okike,,200,
0000-0001-9311-2199,Rami Hussein Halaseh,Rami Hussein,Halaseh,Rami Hussein Halaseh,200,
0000-0001-9312-769X,Ella Cho,Ella,Cho,,200,
0000-0001-9312-9513,Armin Schoech,Armin,Schoech,,200,
0000-0001-9313-9551,David Edwards,David,Edwards,,200,
0000-0001-9315-345X,Jason Alipio,Jason,Alipio,,200,
0000-0001-9315-4145,Alex Y.H. Wong,Alex ,Wong,Alex Y.H. Wong,200,
0000-0001-9318-4512,Mansha Mahajan,Mansha,Mahajan,,200,
0000-0001-9319-7348,Wenshan Zheng,Wenshan,Zheng,,200,
0000-0001-9320-0295,winston thompson,winston,thompson,,200,
0000-0001-9320-2987,Aref S. Sayegh,Aref Samir,Sayegh Saba,Aref S. Sayegh,200,
0000-0001-9320-5360,Side Hu,Side,Hu,,200,
0000-0001-9322-2929,Sandeep Singh,Sandeep,Singh,,200,
0000-0001-9324-057X,Masahiro Morii,Masahiro,Morii,,200,
0000-0001-9326-8193,Jonathan Vogelgsang,Jonathan,Vogelgsang,,200,
0000-0001-9328-4716,Zhonglie Piao,Zhonglie,Piao,,200,
0000-0001-9328-6922,Jea Young Min,Jea Young,Min,,200,
0000-0001-9334-6374,Sheyda Najafi,Sheyda,Najafi,,200,
0000-0001-9334-9508,Maria Rendon,Maria,Rendon,,200,
0000-0001-9345-7939,Anthony Rossi,Anthony,Rossi,,200,
0000-0001-9352-3393,Alexi Matousek,Alexi,Matousek,,200,
0000-0001-9353-7226,Jacob Mirsky,Jacob,Mirsky,Jacob Mirsky,200,
0000-0001-9354-8849,Colleen Frain,Colleen,Frain,,200,
0000-0001-9356-788X,Karthik Balakrishnan,Karthik,Balakrishnan,,200,
0000-0001-9356-892X,Tiziana Caputo,Tiziana,Caputo,,200,
0000-0001-9357-1176,Lea Steininger,Lea,Steininger,,200,
0000-0001-9358-6642,Juan Manuel Ledesma Rangel,Juan Manuel,Ledesma Rangel,,200,
0000-0001-9360-7511,Herminia Rosas,Herminia,Rosas,,200,
0000-0001-9363-4253,John Sedivy,John,Sedivy,,200,
0000-0001-9367-0748,L. Alexander Betts,L. Alexander,Betts,,200,
0000-0001-9373-545X,Shaikha Aldukhail,Shaikha,Aldukhail,,200,
0000-0001-9374-0718,Melissa Leger-Abraham,Melissa,Leger-Abraham,,200,
0000-0001-9377-8353,SYED DANIYAL ASAD,SYED DANIYAL,ASAD,,200,
0000-0001-9378-4147,CHRISTOPHER HICKEY,CHRISTOPHER,HICKEY,,200,
0000-0001-9378-960X,Peter J Park,Peter,Park,Peter J Park,200,
0000-0001-9381-1045,Borwornsom Leerapan,Borwornsom,Leerapan,,200,
0000-0001-9382-2887,Loren M Beard,Loren,Beard,Loren M Beard,200,
0000-0001-9382-5674,Hufeng Zhou,Hufeng,Zhou,Hufeng Zhou,200,
0000-0001-9383-1724,Atqiya Aishah,Atqiya,Aishah,,200,
0000-0001-9385-3739,Alexander Akerberg,Alexander,Akerberg,,200,
0000-0001-9388-3778,De-Kuan Chang,De-Kuan,Chang,,200,
0000-0001-9390-2860,"SONG Gang, HKU",Gang,Song,"SONG Gang, HKU",200,
0000-0001-9393-829X,Melibea Sierra-Ruiz,Melibea,Sierra-Ruiz,,200,
0000-0001-9394-1210,sanyam gandhi,Sanyam,Gandhi,sanyam gandhi,200,
0000-0001-9394-7698,Qian Zhang,Qian,Zhang,,200,
0000-0001-9396-9010,Juven C. Wang,Juven,Wang,Juven C. Wang,200,
0000-0001-9399-2157,Laura MacLatchy,Laura,MacLatchy,,200,
0000-0001-9399-8401,Charles Langmuir,Charles,Langmuir,,200,
0000-0001-9401-008X,Vivian Tsang,Vivian,Tsang,,200,
0000-0001-9401-3117,Catherine Petretti,Catherine,Petretti,,200,
0000-0001-9401-7177,Sea Yun Joung,Sea Yun,Joung,,200,
0000-0001-9406-773X,Benjamin Freedman,Benjamin,Freedman,,200,
0000-0001-9407-4657,Corinna Bauer,Corinna,Bauer,,200,
0000-0001-9408-0408,Syed Sarmad Bukhari,Syed Sarmad,Bukhari,,200,
0000-0001-9410-633X,João Firmino-Machado,João,Firmino-Machado,,200,
0000-0001-9414-0861,Elise LUPON,Elise,LUPON,,200,
0000-0001-9415-1384,Vanessa L. Knutson,Vanessa,Knutson,Vanessa L. Knutson,200,
0000-0001-9415-8009,Nouf K Almaghlouth,Nouf,Almaghlouth,Nouf K Almaghlouth,200,
0000-0001-9417-5335,Bárbaro Marínez-Ruiz,Bárbaro,Marínez-Ruiz,,200,
0000-0001-9420-2428,Ellen Finch,Ellen,Finch,,200,
0000-0001-9421-5341,Colin Shiner,Colin,Shiner,,200,
0000-0001-9421-9596,Kyung Hwa Choi,Kyung Hwa,Choi,,200,
0000-0001-9423-5676,Pablo  Quintero,Pablo ,Quintero,,200,
0000-0001-9429-0659,Avanthika Venkatachalam,Avanthika,Venkatachalam,,200,
0000-0001-9429-8976,Ilya Garber,Ilya,Garber,,200,
0000-0001-9433-6266,Moyses Szklo,Moyses,Szklo,,200,
0000-0001-9437-1352,Seungbok Lee,Robert Seungbok,Lee,Seungbok Lee,200,
0000-0001-9437-3331,Junghyup (Jung) Suh,Junghyup (Jung),Suh,,200,
0000-0001-9437-3577,Elham Fakhro,Elham,Fakhro,,200,
0000-0001-9438-3070,Ben Arnold,Ben,Arnold,,200,
0000-0001-9440-6746,Yu-Kai Chao,Yu-Kai,Chao,Yu-Kai Chao,200,
0000-0001-9444-5710,Roger Rosenblatt,Roger,Rosenblatt,,200,
0000-0001-9444-5833,Megan He,Megan,He,,200,
0000-0001-9445-5652,Jiaqi Wang,Jiaqi,Wang,,200,
0000-0001-9445-8589,Ryan Bos,Ryan,Bos,,200,
0000-0001-9447-7886,Angela Dreßen,Angela,Dreßen,,200,
0000-0001-9448-7929,Bradley W Ellis,Bradley,Ellis,Bradley W Ellis,200,
0000-0001-9449-7166,Michael Phelan,Michael,Phelan,,200,
0000-0001-9458-9597,Steven Most,Steven,Most,,200,
0000-0001-9459-1240,Chaim Zev Chernoff,Chaim Zev,Chernoff,,200,
0000-0001-9461-3067,Swati Chauhan,Swati,Chauhan,Swati Chauhan,200,
0000-0001-9462-7979,Navdar Sever,Navdar,Sever,,200,
0000-0001-9465-3800,Jessica Mitchell,Jessica,Mitchell,,200,
0000-0001-9467-7132,Haley C. Olson,Haley,Olson,Haley C. Olson,200,
0000-0001-9469-301X,Frances Hundley,Frances,Hundley,,200,
0000-0001-9470-6386,Arindam Bhattacharjee,Arindam,Bhattacharjee,,200,
0000-0001-9471-014X,Haci Gunduz,Haci,Gunduz,,200,
0000-0001-9471-6330,Young-Bum Kim,Young-Bum,Kim,,200,
0000-0001-9473-3587,Oluwarotimi Folorunso,Oluwarotimi,Folorunso,,200,
0000-0001-9476-8974,Shayandev  Sinha,Shayandev ,Sinha,,200,
0000-0001-9482-2918,"Jennifer R. Fonda, PhD",Jennifer,Fonda,"Jennifer R. Fonda, PhD",200,
0000-0001-9482-5545,Zheng Gong,Zheng,Gong,,200,
0000-0001-9486-0017,Allison Hamilos,Allison,Hamilos,,200,
0000-0001-9486-4974,Daniel P. Scarnecchia,Daniel,Scarnecchia,Daniel P. Scarnecchia,200,
0000-0001-9488-7893,Wardiya Afshar-Saber,Wardiya,Afshar-Saber,,200,
0000-0001-9489-2377,Ana María León,Ana María,León,,200,
0000-0001-9489-5332,nandini vallavoju,nandini,vallavoju,,200,
0000-0001-9489-7418,Todd Herrington,Todd,Herrington,,200,
0000-0001-9494-1378,Chen Zhang,Chen,Zhang,,200,
0000-0001-9495-1111,Ryan Budish,Ryan,Budish,,200,
0000-0001-9498-2866,Jasmine Akuffo,Jasmine,Akuffo,,200,
0000-0001-9499-5771,Marco Di Gioia,Marco,Di Gioia,,200,
0000-0001-9501-8606,Peggy Lai,Peggy,Lai,,200,
0000-0001-9505-7963,Leandra Ramin-Wright,Leandra,Ramin-Wright,,200,
0000-0001-9506-9665,Federica del Monte,Federica,del Monte,,200,
0000-0001-9507-9003,Pietro Genovese,Pietro,Genovese,,200,
0000-0001-9508-3280,Nandini Mondal,Nandini,Mondal,,200,
0000-0001-9508-649X,Olga Danilchanka,Olga,Danilchanka,,200,
0000-0001-9511-6142,Dr. Rebecca Kahn,Rebecca,Kahn,Dr. Rebecca Kahn,200,
0000-0001-9511-8375,Flemming Javier Olsen,Flemming Javier,Olsen,,200,
0000-0001-9513-6194,Neil Payne,Neil,Payne,,200,
0000-0001-9515-4173,Mateusz Pocięgiel,Mateusz,Pocięgiel,,200,
0000-0001-9521-3276,Elizabeth Cox,Elizabeth,Cox,,200,
0000-0001-9522-8486,Miguel Busquets,Miguel,Busquets,,200,
0000-0001-9523-1183,Emily Gaudiano,Emily,Gaudiano,,200,
0000-0001-9523-5985,Adia Benton,Adia,Benton,,200,
0000-0001-9524-3600,Jeffrey Clark,Jeffrey,Clark,,200,
0000-0001-9525-1862,Jensen Suther,Jensen,Suther,,200,
0000-0001-9525-4860,Benjamin Robinson,Benjamin,Robinson,,200,
0000-0001-9529-124X,Mona Rahmani,Mona,Rahmani,,200,
0000-0001-9531-5627,Lianna Wood,Lianna,Wood,,200,
0000-0001-9532-9965,Harlan J. Shiau,Harlan,Shiau,Harlan J. Shiau,200,
0000-0001-9533-6137,Swarup Dey,Swarup,Dey,,200,
0000-0001-9534-2318,María Frías-Rudolphi,María,Frías-Rudolphi,,200,
0000-0001-9537-3456,Laurie Glimcher,Laurie,Glimcher,,200,
0000-0001-9537-9575,Raquel Sánchez-Mejia,Raquel Mayra,Sánchez Mejia,Raquel Sánchez-Mejia,200,
0000-0001-9539-2999,Kelly Minot McCay,Kelly,McCay,Kelly Minot McCay,200,
0000-0001-9541-3622,Laura Koth,Laura,Koth,,200,
0000-0001-9542-7397,Loïc Pedras,Loïc,Pedras,,200,
0000-0001-9545-3050,Na Li,Na,Li,,200,
0000-0001-9546-2467,Nathan  Drucker,Nathan ,Drucker,,200,
0000-0001-9550-5797,Steven Worthington,Steven,Worthington,,200,
0000-0001-9552-2511,Sogand Goudarzi,Sogand,Goudarzi,,200,
0000-0001-9553-1354,D Rangaprakash,D,Rangaprakash,,200,
0000-0001-9554-776X,Ethan Alexander Perets,Ethan,Perets,Ethan Alexander Perets,200,
0000-0001-9556-106X,Ajami Gikandi,Ajami,Gikandi,,200,
0000-0001-9556-9555,Matteo Parisi,Matteo,Parisi,,200,
0000-0001-9559-972X,Krzysztof Jasiewicz,Krzysztof,Jasiewicz,,200,
0000-0001-9561-3202,Jonathan Galka,Jonathan,Galka,,200,
0000-0001-9561-7852,Yuan Gao,Yuan,Gao,,200,
0000-0001-9564-4447,Longfeng Wu,Longfeng,Wu,,200,
0000-0001-9564-7461,Michael Stein,Michael,Stein,,200,
0000-0001-9566-574X,Don Lipsitt,Don,Lipsitt,,200,
0000-0001-9566-7016,Kai Qiu,Kai,Qiu,,200,
0000-0001-9568-4166,Behrooz Razeghi,Behrooz,Razeghi,Behrooz Razeghi,200,
0000-0001-9569-9915,aleena banerji,aleena,banerji,,200,
0000-0001-9570-0146,Jonathon Penney,Jonathon,Penney,,200,
0000-0001-9570-1560,Si Yang Ke,Si yang,Ke,Si Yang Ke,200,
0000-0001-9570-9749,Xin Xing,Xin,Xing,,200,
0000-0001-9572-6282,Dylan Eiger,Dylan,Eiger,,200,
0000-0001-9573-2682,Yichun He,Yichun,He,,200,
0000-0001-9574-3496,Magdi Elsallab,Magdi,Elsallab,,200,
0000-0001-9576-1475,John Marshall,John,Marshall,,200,
0000-0001-9576-8829,Hongkun Park,Hongkun,Park,,200,
0000-0001-9578-7261,Nour Hammad,Nour,Hammad,,200,
0000-0001-9579-0903,Anasuya Lyons,Anasuya,Lyons,,200,
0000-0001-9580-6784,Shencheng Ge,Shencheng,Ge,,200,
0000-0001-9583-0258,Xi Hu,Xi (Sisi),Hu,Xi Hu,200,
0000-0001-9583-4785,Patricio Sanchez-Campos,Patricio,Sanchez-Campos,,200,
0000-0001-9583-9789,Colin Y. Kim,Colin Younghun,Kim,Colin Y. Kim,200,
0000-0001-9584-1803,Ebru Erbay,Ebru,Erbay,,200,
0000-0001-9584-9696,Yang Tian,Yang,Tian,,200,
0000-0001-9587-3389,Roy Harpaz,Roy,Harpaz,,200,
0000-0001-9588-7254,,,,,200,
0000-0001-9589-2360,George Tsokos,George,Tsokos,,200,
0000-0001-9591-5112,Rachel Slutsky,Rachel,Slutsky,,200,
0000-0001-9598-5719,Yevhenii Monastyrskyi,Yevhenii,Monastyrskyi,,200,
0000-0001-9600-6228,Rodrigo Gameiro,Rodrigo,Rosa Gameiro,Rodrigo Gameiro,200,
0000-0001-9602-3108,Maryann Sargent,Maryann,Sargent,,200,
0000-0001-9603-6283,Mohammed Hannan,Mohammed,Hannan,,200,
0000-0001-9603-7788,Jing Li,Jing,Li,,200,
0000-0001-9604-7708,Anahí Venzor Strader,Anahí,Venzor Strader,Anahí Venzor Strader,200,
0000-0001-9610-8558,M.B. McLatchey,M.B.,McLatchey,,200,
0000-0001-9612-0485,Walid Yassin,Walid,Yassin,Walid Yassin,200,
0000-0001-9612-3643,Andrew Hantel,Andrew,Hantel,,200,
0000-0001-9616-5448,Leland Wexler,Leland,Wexler,,200,
0000-0001-9616-7777,Luz Patricia Hernandez,Luz Patricia,Hernandez,,200,
0000-0001-9617-9460,Ali H. Munawar,Ali,Munawar,Ali H. Munawar,200,
0000-0001-9618-047X,Yuta Inoue,Yuta,Inoue,,200,
0000-0001-9622-4866,Maxime Rischard,Maxime,Rischard,,200,
0000-0001-9624-6539,Emily Pan,Emily,Pan,,200,
0000-0001-9631-8256,MARCELO BARROS DA CUNHA,MARCELO,BARROS DA CUNHA,,200,
0000-0001-9632-3434,Ivan M. Buzurovic,Ivan,Buzurovic,Ivan M. Buzurovic,200,
0000-0001-9633-7481,Limin Wu,Limin,Wu,,200,
0000-0001-9635-8354,Samuel Inverso,Samuel,Inverso,,200,
0000-0001-9636-2345,Heather Brown-Harding,Heather,Brown-Harding,,200,
0000-0001-9636-3209,Joo H. Kang,Joo H.,Kang,,200,
0000-0001-9636-9520,Dr. Damaris-Lois Y Lang,Dr. Damaris-Lois Y,Lang,,200,
0000-0001-9638-4595,German Fuertes Otero,German,Fuertes Otero,,200,
0000-0001-9639-5024,Vanitha Sampath,Vanitha,Sampath,,200,
0000-0001-9639-7708,Stephanie Mohr,Stephanie,Mohr,,200,
0000-0001-9639-8196,Zhiyu Zhang,Zhiyu,Zhang,,200,
0000-0001-9642-653X,Meredith Cox,Meredith,Cox,,200,
0000-0001-9644-8579,Celine Santiago,Celine,Santiago,,200,
0000-0001-9647-2093,Daniella Bar-Yosef,Daniella,Bar-Yosef,,200,
0000-0001-9651-1929,Laurel Chandler,Laurel,Chandler,,200,
0000-0001-9651-3692,Christian San José Campos,Christian,San José Campos,,200,
0000-0001-9652-0067,Dingpeng Zhang,Dingpeng,Zhang,,200,
0000-0001-9652-6653,Benjamin B Daniels,Benjamin B,Daniels,Benjamin B Daniels,200,
0000-0001-9652-8974,Patricia D'Amore,Patricia,D'Amore,,200,
0000-0001-9654-3162,Shoshanah Ferziger Cohen,Shoshanah Ferziger,Cohen,,200,
0000-0001-9657-9456,Michael J. Aziz,Michael,Aziz,Michael J. Aziz,200,
0000-0001-9657-9800,Arjun Manrai,Arjun,Manrai,,200,
0000-0001-9662-6339,Marsel Lino,Marsel,Lino,,200,
0000-0001-9664-7498,Zachary Augur,Zachary,Augur,,200,
0000-0001-9665-8701,Valerio SANTANGELO,Valerio,SANTANGELO,,200,
0000-0001-9671-1234,Katarina Pfeifer,Katarina,Pfeifer,,200,
0000-0001-9672-2793,Bassam Youssef Mohamed,Bassam Youssef,Mohamed,,200,
0000-0001-9672-7746,Deepak Rao,Deepak,Rao,,200,
0000-0001-9675-7902,Miriam Lindner,Miriam,Lindner,,200,
0000-0001-9677-7188,Carla Rosário,Carla Beatriz,Rosário dos Santos,Carla Rosário,200,
0000-0001-9684-9321,MohammadAmin Rezazadehsaatlou,Mars,R Saatlou,MohammadAmin Rezazadehsaatlou,200,
0000-0001-9690-6074,James Anderson,James,Anderson,,200,
0000-0001-9692-5216,Bo Yun Park,Bo Yun,Park,,200,
0000-0001-9692-9305,Kenneth Okwor,Kenneth,Okwor,,200,
0000-0001-9697-5520,Nathalie Goodkin,Nathalie,Goodkin,,200,
0000-0001-9703-6525,Javier Sanchez-Yamagishi,Javier,Sanchez-Yamagishi,,200,
0000-0001-9703-8264,Adam Abdullahi,Adam,Abdullahi,,200,
0000-0001-9704-6635,Joshua Joseph,Joshua,Joseph,,200,
0000-0001-9708-4914,Mohammadreza Pakyari,Mohammadreza,Pakyari,,200,
0000-0001-9709-6544,Elisa Sotgiu,Elisa,Sotgiu,,200,
0000-0001-9711-0713,"Julie K. Silver, MD",Julie K.,Silver,"Julie K. Silver, MD",200,
0000-0001-9711-954X,Liana Merk,Liana,Merk,,200,
0000-0001-9713-1709,Yang Shi,Yang,Shi,,200,
0000-0001-9713-8230,Samuel Singer,Samuel,Singer,,200,
0000-0001-9714-143X,Nathaniel Moir,Nathaniel,Moir,,200,
0000-0001-9718-6910,Amy Hudson,Amy,Hudson,,200,
0000-0001-9719-024X,DEBRA R MILAMED,DEBRA R,MILAMED,,200,
0000-0001-9723-9293,Bulelani Jili,Bulelani,Jili,,200,
0000-0001-9724-9344,Connor S. Holmes,Connor,Holmes,Connor S. Holmes,200,
0000-0001-9725-8398,Lixia He,Lixia,He,,200,
0000-0001-9727-4152,Amanda L Elliott,Amanda,Elliott,Amanda L Elliott,200,
0000-0001-9727-534X,Sergey Yablonsky,Sergey,Yablonsky,,200,
0000-0001-9729-5404,Jijing Wang,Jijing,Wang,,200,
0000-0001-9732-2281,Christopher Matzner,Christopher,Matzner,,200,
0000-0001-9734-0885,Drew Allen,Drew,Allen,,200,
0000-0001-9736-238X,Brian O'Shea,Brian,O'Shea,,200,
0000-0001-9737-6087,Fabio Barili,Fabio,Barili,,200,
0000-0001-9738-5127,Alexander Walker,Alexander,Walker,,200,
0000-0001-9738-786X,Megan Mayer,Megan,Mayer,,200,
0000-0001-9738-882X,S. N. Patek,S. N.,Patek,,200,
0000-0001-9739-770X,Xinwen Lin,Xinwen,Lin,,200,
0000-0001-9741-4039,Jessica,Jessica,,,200,
0000-0001-9743-6334,Ayan Pal,Ayan,Pal,,200,
0000-0001-9746-3420,Bifeng Pan,Bifeng,Pan,,200,
0000-0001-9747-4795,Ellen Long-Middleton,Ellen,Long-Middleton,,200,
0000-0001-9752-8570,Almuatasimbella  elzouki,Almuatasimbella ,elzouki,,200,
0000-0001-9753-2801,Kelly M. Craft,Kelly,Craft,Kelly M. Craft,200,
0000-0001-9758-3959,Shaojun Pei,Shaojun,Pei,,200,
0000-0001-9761-7397,Juen-Kai Wang,Juen-Kai,Wang,,200,
0000-0001-9766-8928,Ahmet Bakirbas,Ahmet,Bakirbas,,200,
0000-0001-9766-9453,Denise Goodman,Denise,Goodman,,200,
0000-0001-9767-6063,Cengiz Pehlevan,Cengiz,Pehlevan,,200,
0000-0001-9767-8069,Lorraine Chow,Lorraine,Chow,,200,
0000-0001-9769-5213,Geordon Frere,Geordon,Frere,,200,
0000-0001-9770-1660,xiaoqiong cao,xiaoqiong,cao,,200,
0000-0001-9770-4482,David Crowley,David,Crowley,,200,
0000-0001-9772-0116,Lillian Gelberg,Lillian,Gelberg,,200,
0000-0001-9775-0438,Joseph tham,Joseph,tham,,200,
0000-0001-9776-6851,Gabriel Salvador,Gabriel,Salvador,,200,
0000-0001-9776-8523,Chantelle Boudreaux,Chantelle,Boudreaux,,200,
0000-0001-9778-1728,Dimitrios  Varrias,Dimitrios ,Varrias,,200,
0000-0001-9780-2218,Maria Luisa Parra,Maria Luisa,Parra,,200,
0000-0001-9780-2998,Sarah F. Porter,Sarah,Porter,Sarah F. Porter,200,
0000-0001-9780-5865,Madhavi Venkatesan,Madhavi,Venkatesan,,200,
0000-0001-9782-2323,"James N. Luo, MD",James ,Luo,"James N. Luo, MD",200,
0000-0001-9782-2841,Gary Hunninghake,Gary,Hunninghake,,200,
0000-0001-9787-0106,Behzad Moghadaszadeh,Behzad,Moghadaszadeh,,200,
0000-0001-9787-342X,Maria Robson-Morrow,Maria,Robson-Morrow,,200,
0000-0001-9787-6487,Martin Dorf,Martin,Dorf,,200,
0000-0001-9788-7274,Murray A. Mittleman,Murray A.,Mittleman,,200,
0000-0001-9789-2268,Mei Mingxue Nan,Mei,Nan,Mei Mingxue Nan,200,
0000-0001-9789-6023,Rebecca Bucci,Rebecca,Bucci,,200,
0000-0001-9792-2746,Cian O'Connor,Cian,O'Connor,,200,
0000-0001-9795-3059,NIKOLAOS TRASANIDIS,NIKOLAOS,TRASANIDIS,,200,
0000-0001-9795-6030,Bruce Lytle,Bruce,Lytle,,200,
0000-0001-9796-513X,Janet Rosenbaum,Janet,Rosenbaum,,200,
0000-0001-9799-0060,Constantine Daskalakis,Constantine,Daskalakis,,200,
0000-0001-9800-8921,Benjamin Land Gorman,Benjamin Land,Gorman,Benjamin Land Gorman,200,
0000-0001-9801-3165,Ilya Soloveychik,Ilya,Soloveychik,,200,
0000-0001-9804-261X,Gao Ce,Gao,Ce,,200,
0000-0001-9804-691X,Chris Harris,Chris,Harris,,200,
0000-0001-9807-0522,Mark Gould,Mark,Gould,,200,
0000-0001-9813-512X,Katherine Merseth,Katherine,Merseth,,200,
0000-0001-9814-1802,Catherine Stamoulis,Catherine,Stamoulis,,200,
0000-0001-9815-4902,Pablo Roca,Pablo,Roca,,200,
0000-0001-9815-6879,Joshua Cook,Joshua,Cook,,200,
0000-0001-9815-7871,Mariela D Petkova,Mariela,Petkova,Mariela D Petkova,200,
0000-0001-9816-3112,Bernard Esquivel,Bernard,Esquivel,,200,
0000-0001-9817-0427,Glenda Carpio,Glenda,Carpio,,200,
0000-0001-9818-030X,Aikaterini Kalargyrou,Aikaterini,Kalargyrou,,200,
0000-0001-9822-806X,Coleman Lindsley,Coleman,Lindsley,,200,
0000-0001-9823-8209,Harrison Ngue,Harrison,Ngue,,200,
0000-0001-9824-2638,Sahar Tavakoli,Sahar,Tavakoli,,200,
0000-0001-9825-4241,Geoffrey M Nelson,Geoffrey,Nelson,Geoffrey M Nelson,200,
0000-0001-9831-9850,Raylin Xu,Raylin,Xu,,200,
0000-0001-9833-9931,Adam Marblestone,Adam,Marblestone,,200,
0000-0001-9834-6795,Tian-Yu Song,Tian-Yu,Song,Tian-Yu Song,200,
0000-0001-9836-3448,Jacqueline Maya,Jacqueline,Maya,,200,
0000-0001-9836-3798,Michelle Wang,Michelle,Wang,,200,
0000-0001-9836-3923,Robert Westervelt,Robert,Westervelt,,200,
0000-0001-9838-1988,Jinghang Zhang,Jinghang,Zhang,,200,
0000-0001-9838-3895,Mian Zhang,Mian,Zhang,,200,
0000-0001-9838-4572,ABHIGYAN SATYAM,ABHIGYAN,SATYAM,,200,
0000-0001-9839-608X,Rongkun Wang,Rongkun,Wang,,200,
0000-0001-9839-7752,Jason D'Cruz,Jason,D'Cruz,,200,
0000-0001-9841-396X,Griffin Radtke,Griffin,Radtke,,200,
0000-0001-9841-628X,Ekaterina Lomperis,Ekaterina,Lomperis,,200,
0000-0001-9843-1877,Josef Turecek,Josef,Turecek,,200,
0000-0001-9843-4402,Xuewei Song,Xuewei,Song,Xuewei Song,200,
0000-0001-9843-9297,Hasan Hasan,Hasan,Hasan,,200,
0000-0001-9845-9693,Elio Challita,Elio,Challita,,200,
0000-0001-9847-4228,Pol Chewcharat,Pol,Chewcharat,,200,
0000-0001-9848-4821,Armando Jimenez San Vicente,Armando,Jimenez San Vicente,,200,
0000-0001-9850-2268,Christopher Harvey,Christopher,Harvey,,200,
0000-0001-9850-8432,Rosalind Segal,Rosalind,Segal,,200,
0000-0001-9852-5259,Hanna McCuistion,Hanna,McCuistion,,200,
0000-0001-9853-2977,Hamed Farhadi,Hamed,Farhadi,,200,
0000-0001-9854-6850,Kristian Olson,Kristian,Olson,,200,
0000-0001-9855-2599,Kerry L Ivey,Kerry,Ivey,Kerry L Ivey,200,
0000-0001-9857-0594,Anqi Chen,Anqi,Chen,,200,
0000-0001-9857-9062,Ganna Palagina,Ganna,Palagina,,200,
0000-0001-9858-606X,Guicheng Tan,Guicheng,Tan,,200,
0000-0001-9858-7863,Christopher C. Hull,Christopher C.,Hull,Christopher C. Hull,200,
0000-0001-9860-0757,Yiqi Wang,Yiqi,Wang,,200,
0000-0001-9864-8785,Gili RS Naveh,Gili,Naveh,Gili RS Naveh,200,
0000-0001-9865-8158,Hayley Dorfman,Hayley,Dorfman,,200,
0000-0001-9870-2294,Laima Eicke,Laima,Eicke,,200,
0000-0001-9871-0120,Raagya Arora,Raagya,Arora,,200,
0000-0001-9872-6974,Grace Baldwin,Grace,Baldwin,,200,
0000-0001-9878-2685,Hyoseok Kim,Hyoseok,Kim,,200,
0000-0001-9878-8198,Blake E. Smith,Blake,Smith,Blake E. Smith,200,
0000-0001-9879-7780,Fabio Pacucci,Fabio,Pacucci,,200,
0000-0001-9881-7294,Benjamin Eidelson,Benjamin,Eidelson,,200,
0000-0001-9882-7740,Shaye Carver,Shaye,Carver,,200,
0000-0001-9883-1037,Stephen Kelty,Stephen,Kelty,,200,
0000-0001-9886-4146,Gabrielle Oliveira,Gabrielle,Oliveira,,200,
0000-0001-9886-5181,Sharlene Swartz,Sharlene,Swartz,,200,
0000-0001-9886-5325,Bilal Nadeem,Bilal,Nadeem,,200,
0000-0001-9886-7785,Angeliki Angelidi,Angeliki,Angelidi,,200,
0000-0001-9888-7401,Kanti Pertiwi,Kanti,Pertiwi,,200,
0000-0001-9889-2155,Michael Schappe,Michael,Schappe,,200,
0000-0001-9892-8218,Kun-Hsing Yu,Kun-Hsing,Yu,,200,
0000-0001-9893-1492,Matthew Baum,Matthew,Baum,,200,
0000-0001-9895-1098,Pyung-Gang Lee,Pyung-Gang,Lee,,200,
0000-0001-9895-1477,Rachel Nethery,Rachel,Nethery,,200,
0000-0001-9895-8679,Jianhua Zhou,Jianhua,Zhou,Jianhua Zhou,200,
0000-0001-9896-8084,Edwin Choy,Edwin,Choy,,200,
0000-0001-9897-2497,Klaus-Peter Ruehmann,Klaus-Peter,Ruehmann,,200,
0000-0001-9897-5049,Piotr Put,Piotr,Put,,200,
0000-0001-9897-9680,Danica Adams,Danica,Adams,,200,
0000-0001-9898-5351,Mario Suva,Mario,Suva,,200,
0000-0001-9902-0500,Kaitlyn Webster,Kaitlyn,Webster,,200,
0000-0001-9904-0966,Kelsey Hickey,Kelsey,Hickey,,200,
0000-0001-9904-2240,Churl-Su Kwon,Churl-Su,Kwon,,200,
0000-0001-9908-4061,Jia Grace Lu,Jia Grace,Lu,,200,
0000-0001-9912-7471,Anuska Kalita,Anuska,Kalita,,200,
0000-0001-9913-6124,Noam Shomron,Noam,Shomron,,200,
0000-0001-9913-7776,Ellie Shahbo,Ellie,Shahbo,,200,
0000-0001-9915-2482,William Li,William,Li,,200,
0000-0001-9916-3982,David Schottenfeld,David,Schottenfeld,,200,
0000-0001-9918-592X,Joseph M. Moran,Joe,Moran,Joseph M. Moran,200,
0000-0001-9921-2027,muhammad arif,muhammad,arif,,200,
0000-0001-9921-7645,Nicolas G. Simonet,Nicolas,Simonet,Nicolas G. Simonet,200,
0000-0001-9921-7899,Shang Gao,Shang,Gao,,200,
0000-0001-9926-2972,Anna Lappala,Anna,Lappala,,200,
0000-0001-9928-6755,Sheng Liu,Sheng,Liu,,200,
0000-0001-9928-9905,Prashanth Thevkar Nagesh,Prashanth,Thevkar Nagesh,,200,
0000-0001-9930-5231,Kevin Mendonca,Kevin,Mendonca,,200,
0000-0001-9934-5786,Aanchal Sahu,Aanchal,Sahu,,200,
0000-0001-9936-1794,Tri Nguyen,Tri,Nguyen,,200,
0000-0001-9938-3272,Dorit Talia Stein,Dorit,Stein,Dorit Talia Stein,200,
0000-0001-9938-7476,Mannudeep K Kalra,Mannudeep K,Kalra,,200,
0000-0001-9938-9332,George Alvarez,George,Alvarez,,200,
0000-0001-9939-5257,Dominic Chang,Dominic,Chang,,200,
0000-0001-9946-9025,Andrew Leon Hanna,Andrew Leon,Hanna,Andrew Leon Hanna,200,
0000-0001-9948-2203,Letizzia Dall' Agnol,Letizzia,Dall' Agnol,,200,
0000-0001-9951-8616,Hannah Davies,Hannah,Davies,,200,
0000-0001-9952-5525,Anna-Katharina Pfitzner,Anna-Katharina,Pfitzner,,200,
0000-0001-9952-6659,Paola Ricaurte,Paola,Ricaurte,,200,
0000-0001-9953-6558,Amy Hauser,Amy,Hauser,,200,
0000-0001-9954-3205,Maheen Rana,Maheen,Rana,,200,
0000-0001-9956-0144,Phenide Ange Beaussejour,Phenide Ange,Beaussejour,,200,
0000-0001-9956-3636,Alissar Yehya,Alissar,Yehya,,200,
0000-0001-9957-4597,Sulochan Malla,Sulochan,Malla,,200,
0000-0001-9966-8366,Andy J. Cohen,Andy,Cohen,Andy J. Cohen,200,
0000-0001-9970-016X,Henry Kyoung,Henry,Kyoung,,200,
0000-0001-9971-8781,Warrick Moses,Warrick,Moses,,200,
0000-0001-9973-3009,Bonnie Wong,Bonnie,Wong,,200,
0000-0001-9973-4933,Md. Golam Kibria,Md. Golam,Kibria,,200,
0000-0001-9974-2036,Faisal Chaudhry,Faisal,Chaudhry,,200,
0000-0001-9975-7991,K. Nasiri Avanaki,Kobra,Nasiri Avanaki,K. Nasiri Avanaki,200,
0000-0001-9977-429X,María Begoña Coco-Martín,María Begoña,Coco-Martín,,200,
0000-0001-9977-5364,Nathalie Roy,Nathalie,Roy,,200,
0000-0001-9978-0905,Jenny Yan,Jenny,Yan,,200,
0000-0001-9981-727X,Jie  Hui,Jie ,Hui,,200,
0000-0001-9982-7283,LILIANA DE JESUS GORDILLO BENAVENTE,LILIANA DE JESUS,GORDILLO BENAVENTE,,200,
0000-0001-9985-8039,Ya Wang,Ya,Wang,,200,
0000-0001-9991-490X,Parimal G. Patil,Parimal G.,Patil,,200,
0000-0001-9993-7490,Luis Alonso Suárez del Real Tostado,Luis Alonso,Suárez del Real Tostado,,200,
0000-0001-9994-4295,Kathryn O'Neill,Kathryn,O'Neill,,200,
0000-0001-9998-2048,Gustavo Lorenzo Escalada Lesme,Gustavo Lorenzo,Escalada Lesme,,200,
0000-0001-9998-4596,Rikki Garner,Rikki,Garner,,200,
0000-0002-0000-8470,Wonju Kim,Wonju,Kim,,200,
0000-0002-0001-4846,Byung Hun Lee,Byung Hun,Lee,,200,
0000-0002-0002-6759,Alex Pickering,Alex,Pickering,,200,
0000-0002-0002-6847,JH Wilbertz,Johannes,Wilbertz,JH Wilbertz,200,
0000-0002-0003-1435,Andrew Davies,Andrew,Davies,,200,
0000-0002-0004-0649,sung wook joh,sung wook,joh,,200,
0000-0002-0008-7877,James L. Adams,James,Adams,James L. Adams,200,
0000-0002-0012-9029,Marlene Hager,Marlene,Hager,,200,
0000-0002-0016-4115,Ana Serrano,Ana,Serrano,,200,
0000-0002-0020-4631,Sang Hun Lee,Sang Hun,Lee,,200,
0000-0002-0020-7365,Mousa Moradi,Mousa,Moradi,,200,
0000-0002-0020-9379,Luciano Greig,Luciano,Greig,,200,
0000-0002-0021-0476,Alan Brown,Alan,Brown,,200,
0000-0002-0021-7627,Julia L Frydman,Julia,Frydman,Julia L Frydman,200,
0000-0002-0021-8275,Ian Vasicka,Ian,Vasicka,,200,
0000-0002-0022-4210,Stephanie H Davis,Stephanie,Davis,Stephanie H Davis,200,
0000-0002-0029-9837,Ngoc Phuong Mai Le,Ngoc Phuong Mai,Le,,200,
0000-0002-0032-4190,Amanda Burcroff,Amanda,Burcroff,,200,
0000-0002-0033-2190,Moren,Moren,,,200,
0000-0002-0035-2079,Jenny Tse,Jenny,Tse,,200,
0000-0002-0036-1071,Sarah M Chang,Sarah M,Chang,,200,
0000-0002-0036-8775,Inchul You,Inchul,You,,200,
0000-0002-0036-9970,Pavithra Nagarajan,Pavithra,Nagarajan,,200,
0000-0002-0043-4269,Sangmi Sandra Lee,Sangmi Sandra,Lee,,200,
0000-0002-0044-9719,Elad Sharon,Elad,Sharon,,200,
0000-0002-0045-0808,Yu Shrike Zhang,Y. Shrike,Zhang,Yu Shrike Zhang,200,
0000-0002-0045-4809,George Demetri,George,Demetri,,200,
0000-0002-0051-3346,Gru Han,Gru,Han,,200,
0000-0002-0051-770X,Eva Lechner,Eva,Lechner,,200,
0000-0002-0052-1901,Lorenzo Gesuita,Lorenzo,Gesuita,,200,
0000-0002-0053-2002,Christopher Anderson,Christopher,Anderson,,200,
0000-0002-0056-8304,Robert Graham Reynolds,Robert Graham,Reynolds,,200,
0000-0002-0057-7120,Laura H. Yang,Laura H.,Yang,Laura H. Yang,200,
0000-0002-0058-9850,Kilean Lucas,Kilean,Lucas,,200,
0000-0002-0061-5473,Chris Beekman,Chris,Beekman,,200,
0000-0002-0063-288X,"Stephanie L. Ferguson, PhD, RN, FAAN",Stephanie,Ferguson,"Stephanie L. Ferguson, PhD, RN, FAAN",200,
0000-0002-0066-0485,Amy Wagers,Amy,Wagers,,200,
0000-0002-0066-1242,Dennis Ross-Degnan,Dennis,Ross-Degnan,,200,
0000-0002-0071-6020,Melissa Callaghan,Melissa,Callaghan,,200,
0000-0002-0071-9969,Andrew Lemer,Andrew,Lemer,,200,
0000-0002-0073-4675,Verneri Anttila,Verneri,Anttila,,200,
0000-0002-0074-6684,Minsu Kim,Minsu,Kim,,200,
0000-0002-0078-1906,Luke Miratrix,Luke,Miratrix,,200,
0000-0002-0079-7545,Nina XIE,Nina,XIE,,200,
0000-0002-0081-4472,Diasynou Fioravante,Diasynou,Fioravante,,200,
0000-0002-0082-8735,Boyang  Fu,Boyang ,Fu,,200,
0000-0002-0087-5101,Gabriel Axel Montes,Gabriel Axel,Montes,,200,
0000-0002-0087-7537,Chuin Wei Tan,Chuin Wei,Tan,,200,
0000-0002-0093-1847,Christian Chacua,Christian,Chacua,,200,
0000-0002-0099-3909,Qiao Zhou,Qiao,Zhou,,200,
0000-0002-0102-0391,Matteo Mitrano,Matteo,Mitrano,,200,
0000-0002-0102-8844,Buna Bhandari,Buna,Bhandari,Buna Bhandari,200,
0000-0002-0104-2929,Matthew Volpe,Matthew,Volpe,,200,
0000-0002-0107-5827,Ibrahim Abdelwahab,Ibrahim,Abdelwahab,,200,
0000-0002-0108-0992,Janne J. Näppi,Janne,Näppi,Janne J. Näppi,200,
0000-0002-0110-4026,Scott MacDonald,Scott,MacDonald,,200,
0000-0002-0110-4966,Blake Chancellor,Blake,Chancellor,,200,
0000-0002-0111-5251,Jessica Colon-Vicente,Jessica,Colon-Vicente,,200,
0000-0002-0113-6933,mandeep sawhney,mandeep,sawhney,,200,
0000-0002-0115-0962,Constantine S. Psimopoulos,Constantine,Psimopoulos,Constantine S. Psimopoulos,200,
0000-0002-0116-4256,Krishna Mohan Padmanabha Das,Krishna Mohan,Padmanabha Das,,200,
0000-0002-0117-6337,Peter Trummer,Peter,Trummer,,200,
0000-0002-0122-3201,Qilin Zhang,Qilin,Zhang,,200,
0000-0002-0128-3458,Sophia Renauld,Sophia,Renauld,,200,
0000-0002-0130-1521,Ann Y. Park,Ann,Park,Ann Y. Park,200,
0000-0002-0130-6744,Simone Rey,Simone,Rey,,200,
0000-0002-0132-9794,Wenyi Zhang,Wenyi,Zhang,,200,
0000-0002-0133-8391,Nathan Malone,Nathan,Malone,,200,
0000-0002-0136-3781,Viviany Taqueti,Viviany,Taqueti,,200,
0000-0002-0137-1968,Silvan Wittwer,Silvan,Wittwer,,200,
0000-0002-0138-7345,Mary L Delaney,Mary L,Delaney,,200,
0000-0002-0140-8329,Tiantian Cai,Tiantian,Cai,,200,
0000-0002-0141-8308,Linda Nieman,Linda,Nieman,,200,
0000-0002-0141-9466,Chris,Chris,,,200,
0000-0002-0144-5971,Courtney Pollack,Courtney,Pollack,,200,
0000-0002-0146-7716,David H. Rosmarin,David H. ,Rosmarin,David H. Rosmarin,200,
0000-0002-0151-3954,Rafael Mayo-Garcia,Rafael,Mayo-Garcia,,200,
0000-0002-0153-8465,Michael Bar-Sinai,Michael,Bar-Sinai,,200,
0000-0002-0153-9134,Alexander Zhu,Alexander,Zhu,,200,
0000-0002-0155-617X,Sanjay Raman,Sanjay,Raman,,200,
0000-0002-0156-2238,Christopher A Walsh,Christopher,Walsh,Christopher A Walsh,200,
0000-0002-0159-8011,Louis Awad,Louis,Awad,,200,
0000-0002-0159-8521,Thomas Y. George,Thomas,George,Thomas Y. George,200,
0000-0002-0161-4229,Antonella Scaglione,Antonella,Scaglione,,200,
0000-0002-0168-1413,Alexandra E. Kralick,Alexandra,Kralick,Alexandra E. Kralick,200,
0000-0002-0168-7268,Marcella Alsan,Marcella,Alsan,,200,
0000-0002-0168-733X,Hae-Ryung Lee,Hae-Ryung,Lee,,200,
0000-0002-0171-3382,Sean Buchanan,Sean,Buchanan,,200,
0000-0002-0172-8090,Enzo Mameli,Enzo,Mameli,,200,
0000-0002-0173-3172,Emily  King,Emily ,King,,200,
0000-0002-0177-6789,Mary Richardson,Mary,Richardson,,200,
0000-0002-0182-3653,JoAnna Pollonais,JoAnna,Pollonais,,200,
0000-0002-0182-543X,Kevin Heath,Kevin,Heath,,200,
0000-0002-0189-2237,Mengting Ge,Mengting,Ge,,200,
0000-0002-0200-4633,Yu-Xin Xu,Yu-Xin,Xu,,200,
0000-0002-0200-5951,Yang Hu,Yang,Hu,,200,
0000-0002-0201-4479,David Payne,David,Payne,,200,
0000-0002-0201-8234,Satya K Kota,Satya Keerthi,Kota,Satya K Kota,200,
0000-0002-0202-1433,Anna Jost,Anna,Jost,,200,
0000-0002-0202-6373,Delia Ungureanu,Delia,Ungureanu,,200,
0000-0002-0204-8978,Hossein Estiri,Hossein,Estiri,,200,
0000-0002-0206-0053,David R Vanderwall,David,Vanderwall,David R Vanderwall,200,
0000-0002-0207-3620,Yuan Ma,Yuan,Ma,,200,
0000-0002-0210-1396,Christer Mjåset,Christer,Mjåset,,200,
0000-0002-0211-7195,Rajesh Kumar,Rajesh,Kumar,,200,
0000-0002-0214-664X,ChonLam Lao,ChonLam,Lao,ChonLam Lao,200,
0000-0002-0214-8960,Mohammad Uzair  Akram,Mohammad Uzair ,Akram,,200,
0000-0002-0220-9516,"CHENG, Yin Cheong",Yin Cheong,CHENG,"CHENG, Yin Cheong",200,
0000-0002-0221-1691,Shi Hai Sun,Shi Hai,Sun,,200,
0000-0002-0222-1099,Jenny Zheng,Jenny,Zheng,,200,
0000-0002-0223-1350,David Streets,David,Streets,,200,
0000-0002-0223-2230,Casey Klofstad,Casey,Klofstad,,200,
0000-0002-0223-3305,Ivan Cohen,Ivan,Cohen,,200,
0000-0002-0224-7387,Carl Nist-Lund,Carl,Nist-Lund,,200,
0000-0002-0228-1075,Giulia Pellizzato,Giulia,Pellizzato,,200,
0000-0002-0228-1884,Anastassia Pogoutse,Anastassia,Pogoutse,,200,
0000-0002-0229-1177,Kristen Chiama,Kristen,Chiama,,200,
0000-0002-0229-9988,CYNTHIA CHARONE,CYNTHIA CYLLENE DE OLIVEIRA,CHARONE,CYNTHIA CHARONE,200,
0000-0002-0234-2704,Irina Filz von Reiterdank,Irina,Filz von Reiterdank,,200,
0000-0002-0235-7543,Paul Avillach,Paul,Avillach,,200,
0000-0002-0235-908X,Divya Venkatasubramanian,Divya,Venkatasubramanian,,200,
0000-0002-0236-6490,Vinayak Viswanadham,Vinayak,Viswanadham,,200,
0000-0002-0236-7143,David Rudner,David,Rudner,,200,
0000-0002-0238-3629,Nikolaos Zacharias,Nikolaos,Zacharias,,200,
0000-0002-0238-8454,Guy E White,Guy E,White,,200,
0000-0002-0238-8729,Amelia Gould,Amelia,Gould,,200,
0000-0002-0241-2442,Jack Bishop,Jack,Bishop,,200,
0000-0002-0243-9274,Daniel Collin,Daniel,Collin,,200,
0000-0002-0244-978X,Madeleine Mejia,Madeleine,Mejia,,200,
0000-0002-0246-6619,Ziwei  Zhang,Ziwei ,Zhang,,200,
0000-0002-0247-511X,Daniel Câmara De Souza,Daniel,De Souza,Daniel Câmara De Souza,200,
0000-0002-0251-8781,Jonathan W. Andersen,Jonathan,Andersen,Jonathan W. Andersen,200,
0000-0002-0253-9267,John Hostage,John,Hostage,,200,
0000-0002-0255-4109,David Ferrero,David,Ferrero,,200,
0000-0002-0257-6631,Tina D Purnat,Tina,PURNAT,Tina D Purnat,200,
0000-0002-0263-0765,Elizabeth R. M. Curtis,Elizabeth,Curtis,Elizabeth R. M. Curtis,200,
0000-0002-0264-4892,Lydia T Pazienza,Lydia,Pazienza,Lydia T Pazienza,200,
0000-0002-0264-8789,Daniel Jones,Daniel,Jones,,200,
0000-0002-0269-1218,Kristen Reikersdorfer,Kristen,Reikersdorfer,,200,
0000-0002-0271-1696,Mahantappa Halimani,Mahantappa,Halimani,,200,
0000-0002-0271-212X,Laura Romero-Castillo,Laura,Romero Castillo,Laura Romero-Castillo,200,
0000-0002-0272-5959,Yoojin Choi,Yoojin,Choi,,200,
0000-0002-0273-2091,Saloni Sharma,Saloni,Sharma,,200,
0000-0002-0277-5745,Anna Shchetinina,Anna,Shchetinina,,200,
0000-0002-0278-2160,Chin-To Fong,Chin-To,Fong,,200,
0000-0002-0280-2774,Jennifer Lewis,Jennifer,Lewis,,200,
0000-0002-0280-7903,Sungwhan F. Oh,Sungwhan,Oh,Sungwhan F. Oh,200,
0000-0002-0281-2630,Francisco Nahum Valenzuela Arizpe,Francisco Nahum,Valenzuela Arizpe,,200,
0000-0002-0283-3474,Seul Ah  Kim,Seul Ah ,Kim,,200,
0000-0002-0286-9346,Saul Noam Zaritt,Saul Noam,Zaritt,,200,
0000-0002-0288-7755,Roy Tsz Hei CHEUNG,Roy Tsz Hei,CHEUNG,,200,
0000-0002-0290-4244,Angela Aristidou,Angela,Aristidou,,200,
0000-0002-0290-7066,Sheila Nirenberg,Sheila,Nirenberg,,200,
0000-0002-0293-9113,Mohammadreza Khorasaninejad,Mohammadreza,Khorasaninejad,,200,
0000-0002-0294-4588,Da In Choi,Da In,Choi,,200,
0000-0002-0297-5413,Karen Brennan,Karen,Brennan,,200,
0000-0002-0301-7655,Jonathan Bauermann,Jonathan,Bauermann,,200,
0000-0002-0302-8231,"Professor Dr. Eugene Stephane Mananga, PH.D., M.Phil., M.SC., J.P.N.M., C.A.B., C.S.M., DEA, M.A., B.SC.",Professor Dr. Eugene Stephane,"Mananga, PH.D., M.Phil., M.SC., J.P.N.M., C.A.B., C.S.M., DEA, M.A., B.SC.",,200,
0000-0002-0303-0518,Isabel Thomas,Isabel,Thomas,,200,
0000-0002-0303-9619,Harun Kundi,Harun,Kundi,,200,
0000-0002-0304-520X,Jonah Brenner,Jonah,Brenner,,200,
0000-0002-0307-9661,Glenn Tiffert,Glenn,Tiffert,,200,
0000-0002-0310-8266,Yael Berda,Yael,Berda,,200,
0000-0002-0313-152X,Orkin Stuart,Orkin,Stuart,,200,
0000-0002-0313-1538,Steven Cheng,Steven,Cheng,,200,
0000-0002-0313-8692,Washington Fajardo,Washington,Fajardo,,200,
0000-0002-0316-7506,Sarah G.O. Nicholson,Sarah,Nicholson,Sarah G.O. Nicholson,200,
0000-0002-0316-8365,Junhan Zhao,Junhan,Zhao,,200,
0000-0002-0317-890X,Paula Tejera,Paula,Tejera,,200,
0000-0002-0318-8016,Jonathan Seiden,Jonathan,Seiden,,200,
0000-0002-0322-0629,Haim Sompolinsky,Haim,Sompolinsky,,200,
0000-0002-0322-147X,Jose Zubizarreta,Jose,Zubizarreta,,200,
0000-0002-0322-4347,Maria Hakonen,Maria,Hakonen,,200,
0000-0002-0324-8285,Joshua Eyitemi,Joshua,Eyitemi,,200,
0000-0002-0326-1658,Yixia Yin,Yixia,Yin,,200,
0000-0002-0327-7377,Evelina Sjöstedt,Evelina,Sjöstedt,,200,
0000-0002-0330-7003,Heidi Williams,Heidi,Williams,,200,
0000-0002-0331-4609,Timothy Heintz,Timothy,Heintz,,200,
0000-0002-0332-2449,Yibing Qyang,Yibing,Qyang,,200,
0000-0002-0335-6622,Jennifer Devereaux,Jennifer,Devereaux,,200,
0000-0002-0339-5672,Cole Meisenhelder,Cole,Meisenhelder,,200,
0000-0002-0341-0799,Afua Oteng Asare,Afua,Asare,Afua Oteng Asare,200,
0000-0002-0344-2002,Madison Silver,Madison,Silver,,200,
0000-0002-0346-3516,Aimee K. Huang,Aimee,Huang,Aimee K. Huang,200,
0000-0002-0348-1001,Xiaoli Mi,Xiaoli,Mi,Xiaoli Mi,200,
0000-0002-0348-6208,Jiho Park,Jiho,Park,,200,
0000-0002-0353-9752,Che-Hang Yu,Che-Hang,Yu,,200,
0000-0002-0355-2842,EZGI CANSU FIRINCIOGULLARI,EZGI CANSU,FIRINCIOGULLARI,,200,
0000-0002-0355-7141,Saeed Nazemidashtarjandi,Saeed,Nazemidashtarjandi,,200,
0000-0002-0358-4297,Bede Sheppard,Bede,Sheppard,,200,
0000-0002-0359-0267,Chiara Corti,Chiara,Corti,,200,
0000-0002-0360-1296,Lucy Shen,Lucy,Shen,,200,
0000-0002-0362-9256,Hannah Kaemmer,Hannah,Kaemmer,,200,
0000-0002-0363-3095,Rockwell Anyoha,Rockwell,Anyoha,,200,
0000-0002-0366-5492,David Berg,David,Berg,,200,
0000-0002-0367-3185,Derek Slagle,Derek,Slagle,,200,
0000-0002-0370-1385,Sylvestre Quevedo,Sylvestre,Quevedo,,200,
0000-0002-0373-2640,Andrew J. Okello,Andrew,J Okello,Andrew J. Okello,200,
0000-0002-0376-6461,Bryan Ostdiek,Bryan,Ostdiek,,200,
0000-0002-0377-5667,Ryuji Morizane,Ryuji,Morizane,,200,
0000-0002-0380-3517,Sanjun Shi,Sanjun,Shi,,200,
0000-0002-0381-5016,Steven R. DePalma,Steven,DePalma,Steven R. DePalma,200,
0000-0002-0382-9290,Maria Schubert,Maria,Schubert,,200,
0000-0002-0385-0428,Marisa A Brake,Marisa,Brake,Marisa A Brake,200,
0000-0002-0387-2133,Mashail Malik,Mashail,Malik,,200,
0000-0002-0388-5807,Cameron Hayes,Cameron,Hayes,,200,
0000-0002-0389-1852,Mustafa Nasir-Moin,Mustafa,Nasir-Moin,,200,
0000-0002-0389-7082,Alief Moulana,Alief,Moulana,,200,
0000-0002-0390-8140,Zuzer Dhoondia,Zuzer,Dhoondia,,200,
0000-0002-0393-1930,Kar-Tong Tan,Kar-Tong,Tan,,200,
0000-0002-0393-4998,William Curley,William,Curley,,200,
0000-0002-0393-8067,Eva Flavia Martinez Orbegozo,Eva Flavia,Martinez Orbegozo,,200,
0000-0002-0398-9307,Katherine H. Schiavoni,Katherine,Schiavoni,Katherine H. Schiavoni,200,
0000-0002-0400-2543,SHIJIE HE,SHIJIE,HE,,200,
0000-0002-0402-4187,,,,,200,
0000-0002-0402-4857,David Breault,David,Breault,,200,
0000-0002-0410-091X,Jonathan Mond,Jonathan,Mond,,200,
0000-0002-0412-1139,Juncheng Yang,Juncheng,Yang,,200,
0000-0002-0412-6239,Daniel Rosen,Daniel,Rosen,,200,
0000-0002-0412-8197,Juliana Brown,Juliana,Brown,,200,
0000-0002-0413-7288,Ashish Dahal,Ashish,Dahal,,200,
0000-0002-0414-228X,Brendan Joyce,Brendan,Joyce,,200,
0000-0002-0415-9655,Alexander (Sasha) Wait Zaranek,Alexander (Sasha) Wait,Zaranek,Alexander (Sasha) Wait Zaranek,200,
0000-0002-0416-2854,Yue Huang,Yue,Huang,,200,
0000-0002-0416-370X,Aditya Jain,Aditya,Jain,,200,
0000-0002-0418-0999,Aaron Schultz,Aaron,Schultz,,200,
0000-0002-0422-6651,Marie-Abele Bind,Marie-Abele,Bind,,200,
0000-0002-0423-7027,Rabia Husain,Rabia,Husain,,200,
0000-0002-0424-0736,Jiawu Xu,Jiawu,Xu,,200,
0000-0002-0424-1771,"Dr. Balkiss Abdelmoula, MD. MPH.",Balkiss,Abdelmoula,"Dr. Balkiss Abdelmoula, MD. MPH.",200,
0000-0002-0425-2067,Felipe  Muñoz Medina,Felipe ,Muñoz Medina,,200,
0000-0002-0426-1326,Yuxuan Yang,Yuxuan,Yang,,200,
0000-0002-0436-3445,Robert Herrick,Robert,Herrick,,200,
0000-0002-0436-3760,Bradford Lowell,Bradford,Lowell,,200,
0000-0002-0443-3853,aleksandra vonica,aleksandra,vonica,,200,
0000-0002-0445-5956,Scott B. Minchenberg,Scott,Minchenberg,Scott B. Minchenberg,200,
0000-0002-0447-2262,Murray Barsky,Murray,Barsky,,200,
0000-0002-0448-8678,Freddy Córdova,Freddy Luis,Córdova Castro,Freddy Córdova,200,
0000-0002-0450-0315,Priscilla Song,Priscilla,Song,,200,
0000-0002-0450-8659,Thomas Force,Thomas,Force,,200,
0000-0002-0451-3298,Jorge Cuartas,Jorge,Cuartas,,200,
0000-0002-0451-8427,Noah F.G. Evers,Noah,Evers,Noah F.G. Evers,200,
0000-0002-0455-2908,Ashley Birkett,Ashley,Birkett,,200,
0000-0002-0456-6488,Shannon Prince,Shannon,Prince,,200,
0000-0002-0456-7552,Laís Canniatti Brazaca,Laís,Canniatti Brazaca,,200,
0000-0002-0457-5421,Nanejae W.W. Nagbe,Nanejae W.W.,Nagbe,,200,
0000-0002-0460-2047,Jody Grewal,Jody,Grewal,,200,
0000-0002-0463-7805,Kierstin Torres,Kierstin,Torres,,200,
0000-0002-0464-508X,Anvit Garg,Anvit,Garg,,200,
0000-0002-0468-2593,Elka Todorova,Elka,Todorova,,200,
0000-0002-0468-5970,Chaoliang Chen,Chaoliang,Chen,,200,
0000-0002-0468-8557,Brodwyn Fischer,Brodwyn,Fischer,,200,
0000-0002-0471-2019,Maarten de Vries,Maarten,de Vries,,200,
0000-0002-0471-6247,Stephen Chaudoin,Stephen,Chaudoin,,200,
0000-0002-0472-2751,Kathryn Restivo,Kathryn,Restivo,Kathryn Restivo,200,
0000-0002-0473-6010,Jennifer Gibbs,Jennifer,Gibbs,,200,
0000-0002-0475-0488,Eunice S. Han,Eunice,Han,Eunice S. Han,200,
0000-0002-0476-9998,Feiyu Chen,Feiyu,Chen,,200,
0000-0002-0477-9969,Anh Phuong Le,Anh Phuong,Le,,200,
0000-0002-0479-128X,Tevis Vitale,Tevis,Vitale,,200,
0000-0002-0479-3373,Charlene Chan,Charlene,Chan,,200,
0000-0002-0484-7327,Anaïs Mattez,Anaïs,Mattez,,200,
0000-0002-0485-8544,Giacomo Maddaloni,Giacomo,Maddaloni,,200,
0000-0002-0486-0038,Irfan Chaudhuri,Irfan,Chaudhuri,,200,
0000-0002-0486-4039,Alejandro Rodríguez Camacho,Alejandro,Rodríguez Camacho,,200,
0000-0002-0486-416X,Valentina Nardi,Valentina,Nardi,,200,
0000-0002-0489-7789,Soheyla Gharib,Soheyla,Gharib,,200,
0000-0002-0489-9645,Sarah N. Manz,Sarah N.,Manz,,200,
0000-0002-0493-8077,Maan Alkharashi,Maan,Alkharashi,,200,
0000-0002-0496-4582,Neil Sardesai,Neil,Sardesai,,200,
0000-0002-0497-0907,Irene Comeig,Irene,Comeig,Irene Comeig,200,
0000-0002-0499-3412,Guido Guidotti,Guido,Guidotti,,200,
0000-0002-0502-4234,Thomas T. Xu,Thomas,Xu,Thomas T. Xu,200,
0000-0002-0503-7334,Michael W. McGarrah,Michael,McGarrah,Michael W. McGarrah,200,
0000-0002-0503-8687,Amogh Jalihal,Amogh,Jalihal,,200,
0000-0002-0504-1659,Longlong Si,Longlong,Si,,200,
0000-0002-0506-1887,Athalia Pyzer,Athalia,Pyzer,,200,
0000-0002-0507-8128,Chinemelu Okafor,Chinemelu,Okafor,,200,
0000-0002-0509-3045,Andreea Micu,Andreea,Micu,,200,
0000-0002-0510-6600,,,,,200,
0000-0002-0511-5566,Pavel Hanč,Pavel,Hanč,Pavel Hanč,200,
0000-0002-0512-5502,Peter Kronheimer,Peter,Kronheimer,,200,
0000-0002-0513-4011,Yuning Liu,Yuning,Liu,,200,
0000-0002-0514-667X,,,,,200,
0000-0002-0517-0952,Fangxu Xing,Fangxu,Xing,,200,
0000-0002-0517-2114,Silvia Sanca-Valeriano,Silvia,Sanca-Valeriano,,200,
0000-0002-0520-0752,Sergei Rudnizky,Sergei,Rudnizky,,200,
0000-0002-0523-2121,Jieun Park,Jieun,Park,,200,
0000-0002-0529-8948,Matthew A. Crane,Matthew,Crane,Matthew A. Crane,200,
0000-0002-0531-4426,Aman Kumar,Aman,Kumar,,200,
0000-0002-0531-7715,Eniko Sajti,Eniko,Sajti,,200,
0000-0002-0537-0719,Kang-Kuen Ni,Kang-Kuen,Ni,,200,
0000-0002-0540-873X,Cuicui Wang,Cuicui,Wang,,200,
0000-0002-0541-0418,Peter Karol,Peter,Karol,,200,
0000-0002-0543-3580,Ted Ladd,Ted,Ladd,,200,
0000-0002-0543-7864,Tiffany Chan,Tiffany,Chan,,200,
0000-0002-0550-9581,Yuhan Zhang,Yuhan,Zhang,,200,
0000-0002-0551-169X,Raymond Kluender,Raymond,Kluender,Raymond Kluender,200,
0000-0002-0554-0191,eleana  stoufi,eleana ,stoufi,,200,
0000-0002-0557-3102,Sarah Perkins,Sarah,Perkins,,200,
0000-0002-0559-5299,Ana Vujic,Ana,Vujic,,200,
0000-0002-0560-1177,Aaron Mendelsohn,Aaron,Mendelsohn,,200,
0000-0002-0565-5482,Rakesh Karmacharya,Rakesh,Karmacharya,,200,
0000-0002-0567-6873,Ion,Ion,,,200,
0000-0002-0567-9193,Clemens Scherzer,Clemens,Scherzer,,200,
0000-0002-0569-1846,Diego Arimany,Diego,Arimany,,200,
0000-0002-0569-9506,Lorena Pacheco,Lorena,Pacheco,,200,
0000-0002-0572-1179,Joseph Gone,Joseph,Gone,,200,
0000-0002-0572-8012,Vedant Chandra,Vedant,Chandra,,200,
0000-0002-0573-1705,Mihir Rajurkar,Mihir,Rajurkar,,200,
0000-0002-0573-4957,Stefan Riedel,Stefan,Riedel,,200,
0000-0002-0573-7832,Julia Markowski,Julia,Markowski,,200,
0000-0002-0573-8907,Anton Graf,Anton,Graf,,200,
0000-0002-0575-7534,Ramfis Nieto-Martínez,Ramfis,Nieto-Martínez,,200,
0000-0002-0579-9347,Alberto Munuzuri,Alberto,Munuzuri,,200,
0000-0002-0582-2105,Jiawei Zhao,Jiawei,Zhao,,200,
0000-0002-0584-8137,Andrew Chang,Andrew,Chang,,200,
0000-0002-0584-8989,Vivek Advani,Vivek,Advani,,200,
0000-0002-0585-4131,Joseph Bridgers,Joseph,Bridgers,,200,
0000-0002-0587-3201,Kiyoul Yang,Kiyoul,Yang,Kiyoul Yang,200,
0000-0002-0587-5741,Bench Ansfield,Bench,Ansfield,,200,
0000-0002-0589-2963,,,,,200,
0000-0002-0591-4747,Dr. Himadri Shekhar Roy,Dr. Himadri,Shekhar Roy,,200,
0000-0002-0595-4669,Timothy Cavanaugh,Timothy,Cavanaugh,,200,
0000-0002-0597-7000,Lauren Bailey,Lauren,Bailey,,200,
0000-0002-0606-2507,Omar Rahman ,Omar,Rahman ,,200,
0000-0002-0607-2270,Xin Lan,Xin,Lan,,200,
0000-0002-0608-4255,Alberto Parisi,Alberto,Parisi,,200,
0000-0002-0610-0550,Haig Alexander Eskandarian,Haig Alexander,Eskandarian,,200,
0000-0002-0610-9803,Ying-Hsuan Lin,Ying-Hsuan,Lin,,200,
0000-0002-0611-0409,Aurélien Dersy,Aurélien,Dersy,,200,
0000-0002-0616-7632,Joel Sher,Joel,Sher,,200,
0000-0002-0619-1595,Yuchen Gao,Yuchen,Gao,,200,
0000-0002-0621-7839,Maati McKinney,Maati,McKinney,,200,
0000-0002-0622-1846,Haley K Sullivan,Haley,Sullivan,Haley K Sullivan,200,
0000-0002-0622-3585,INDIRA GULERIA,INDIRA,GULERIA,,200,
0000-0002-0623-7442,"Tony Succar, PhD, MScMed(OphthSc)",Tony,"Succar, PhD, MScMed(OphthSc)",,200,
0000-0002-0624-647X,Ogan Gurel,Ogan,Gurel,,200,
0000-0002-0625-4525,Gabriela Soto Laveaga,Gabriela,Soto Laveaga,,200,
0000-0002-0626-1346,Hyungsoon Im,Hyungsoon,Im,Hyungsoon Im,200,
0000-0002-0628-5399,Hardeep Dhillon,Hardeep,Dhillon,,200,
0000-0002-0629-0761,Zhen Dai,Zhen,Dai,,200,
0000-0002-0631-281X,Jamillah R. Gabriel,Jamillah,Gabriel,Jamillah R. Gabriel,200,
0000-0002-0632-7966,Sanket Shah,Sanket,Shah,,200,
0000-0002-0633-5149,Carlos A. González,Carlos,Gonzalez,Carlos A. González,200,
0000-0002-0633-623X,Criminología Sin Fronteras Criminology without Borders &Perfilando la Historia,Criminología Sin Fronteras,Criminology without Borders & Perfilando la Historia,Criminología Sin Fronteras Criminology without Borders &Perfilando la Historia,200,
0000-0002-0634-7377,Ting Miao,Ting,Miao,,200,
0000-0002-0636-8936,"Gaiha, Shivani Mathur",Shivani,Gaiha,"Gaiha, Shivani Mathur",200,
0000-0002-0637-9280,Nadjib Dastagir,Nadjib,Dastagir,,200,
0000-0002-0638-539X,Boris Kozinsky,Boris,Kozinsky,Boris Kozinsky,200,
0000-0002-0640-7659,Candelaria Garay,Candelaria,Garay,,200,
0000-0002-0642-2461,Jonathan I. Matsui,Jonathan,Matsui,Jonathan I. Matsui,200,
0000-0002-0643-7209,Tiancheng Fang,Tiancheng,Fang,,200,
0000-0002-0644-760X,Daniel Hoer,Daniel,Hoer,,200,
0000-0002-0648-4128,Owen Ngalamika,Owen,Ngalamika,,200,
0000-0002-0649-7041,Ying Li,Ying,Li,,200,
0000-0002-0649-8677,Christopher Kuzawa,Christopher,Kuzawa,,200,
0000-0002-0652-2630,Anil Chekuri,Anil,Chekuri,,200,
0000-0002-0661-0040,Zongyu Li,Zongyu,Li,,200,
0000-0002-0661-1342,William Mair,William,Mair,,200,
0000-0002-0662-7889,David Brooks,David,Brooks,,200,
0000-0002-0664-0805,Jing Ling Tan,Jing Ling,Tan,,200,
0000-0002-0666-3222,Nathaniel Farouz,Nathaniel,Farouz,,200,
0000-0002-0669-2373,Edward Sellers,Edward,Sellers,,200,
0000-0002-0669-4889,Gil Namkoong,Gil,Namkoong,,200,
0000-0002-0670-9390,Dawson M. White,Dawson,White,Dawson M. White,200,
0000-0002-0671-4376,Atsushi Miyawaki,Atsushi,Miyawaki,,200,
0000-0002-0674-5762,Michael J Mina,Michael,Mina,Michael J Mina,200,
0000-0002-0675-0107,David Chun Yin Li,David Chun Yin,Li,,200,
0000-0002-0683-5004,Zofia Rybkowski,Zofia,Rybkowski,,200,
0000-0002-0685-538X,Karl Koehler,Karl,Koehler,,200,
0000-0002-0687-816X,Antonio Solano,Antonio,Solano,,200,
0000-0002-0689-6384,Michael Wheeler,Michael,Wheeler,,200,
0000-0002-0689-9454,Dushan Wadduwage,Dushan,Wadduwage,,200,
0000-0002-0691-9566,Sneha Shah,Sneha,Shah,,200,
0000-0002-0692-0743,Joseph L Jones,Joseph,Jones,Joseph L Jones,200,
0000-0002-0693-0589,Nuria Domínguez Iturza,Nuria,Domínguez Iturza,,200,
0000-0002-0693-6729,Aisuluu Kubatova,Aisuluu,Kubatova,,200,
0000-0002-0694-805X,Kristin Leimgruber,Kristin,Leimgruber,,200,
0000-0002-0695-920X,Nabil Hajji,Nabil,Hajji,,200,
0000-0002-0697-1444,Vladimir Klyuev,Vladimir,Klyuev,,200,
0000-0002-0702-1395,Joseph Coyle,Joseph,Coyle,,200,
0000-0002-0705-6424,Norma Rivano,Norma,Rivano,,200,
0000-0002-0709-4324,Dhrubajyoti Bandyopadhyay,Dhrubajyoti,Bandyopadhyay,,200,
0000-0002-0709-5976,Negah Rahmati,Negah,Rahmati,,200,
0000-0002-0710-6719,Anny Fenton,Anny,Fenton,,200,
0000-0002-0718-5920,Hasreet K. Gill,Hasreet,Gill,Hasreet K. Gill,200,
0000-0002-0721-148X,J. Antonio Guzmán Q.,Jose Antonio,Guzmán Quesada,J. Antonio Guzmán Q.,200,
0000-0002-0722-1311,Konrad H. Stopsack,Konrad H.,Stopsack,,200,
0000-0002-0723-4841,Isaac Chiu,Isaac,Chiu,,200,
0000-0002-0723-8105,Yong Chen,Yong,Chen,,200,
0000-0002-0723-987X,Alexandra Poret,Alexandra,Poret,,200,
0000-0002-0725-1537,Alain Touwaide,Alain,Touwaide,,200,
0000-0002-0726-9673,John Anthony Fraga,John Anthony,Fraga,,200,
0000-0002-0728-0020,"Trenika J. Williams, MD MS",Trenika,Williams,"Trenika J. Williams, MD MS",200,
0000-0002-0730-2859,Hani Sallum,Hani,Sallum,,200,
0000-0002-0732-9779,Homan Kang,Homan,Kang,,200,
0000-0002-0735-1570,Peter van Galen,Peter,van Galen,,200,
0000-0002-0739-0174,Celeste Royce,Celeste,Royce,,200,
0000-0002-0741-6813,Wei Shi,Wei,Shi,,200,
0000-0002-0742-1911,Peter J. Murray,Peter,Murray,Peter J. Murray,200,
0000-0002-0742-9139,Julia Duvall,Julia,Duvall,,200,
0000-0002-0745-6022,Sarah Aufmkolk,Sarah,Aufmkolk,,200,
0000-0002-0746-2799,Chimwemwe Mwase,Chimwemwe,Mwase,,200,
0000-0002-0751-0201,Surya Vamsi Pulukuri,Surya,Pulukuri,Surya Vamsi Pulukuri,200,
0000-0002-0755-2233,Kimberley Serpico,Kimberley,Serpico,,200,
0000-0002-0755-6867,Jessica Agnew-Blais,Jessica,Agnew-Blais,,200,
0000-0002-0757-6710,Timothy E. McMahon,Timothy E.,McMahon,Timothy E. McMahon,200,
0000-0002-0763-0262,Clarisse Hart,Clarisse,Hart,,200,
0000-0002-0764-6993,Noa L. Ayalon,Noa,L. Ayalon,,200,
0000-0002-0765-6067,Qiutao He,Qiutao,He,,200,
0000-0002-0766-610X,Sanjana Mendu,Sanjana,Mendu,,200,
0000-0002-0769-213X,Maria del Carmen Fernández-Agüera Rodríguez,Maria del Carmen,Fernández-Agüera Rodríguez,,200,
0000-0002-0771-2292,Nelson Gil,Nelson,Gil,,200,
0000-0002-0775-7220,Ahmet Akbiyik,Ahmet,Akbiyik,,200,
0000-0002-0778-3947,Maria Thomas,Maria,Thomas,,200,
0000-0002-0781-4256,Neus Rabaneda-Lombarte,Neus,Rabaneda-Lombarte,,200,
0000-0002-0783-1099,GIULIANA D'ORO,GIULIANA,D'ORO,,200,
0000-0002-0783-4919,Zeev Davidovitch,Zeev,Davidovitch,,200,
0000-0002-0785-0636,Thomas Wollmann,Thomas,Wollmann,,200,
0000-0002-0787-9121,Chance John Luckey,Chance John,Luckey,,200,
0000-0002-0793-3300,Rajet Vatsa,Rajet,Vatsa,,200,
0000-0002-0795-5462,Austin Frakt,Austin,Frakt,,200,
0000-0002-0795-6094,Ryann Joseph,Ryann,Joseph,,200,
0000-0002-0797-5981,Emily Mellen,Emily,Mellen,,200,
0000-0002-0799-6707,Alexander Frenett,Alexander,Frenett,,200,
0000-0002-0800-6998,Xinyu Guan,Xinyu,Guan,,200,
0000-0002-0804-5313,Derrick Tin,Derrick,Tin,,200,
0000-0002-0804-6308,"Hajar Delshad, M.S., PA-C",Hajar,"Delshad, M.S., PA-C",,200,
0000-0002-0808-9199,Elliott Antman,Elliott,Antman,,200,
0000-0002-0809-422X,Jerry A.  Jacobs,Jerry A. ,Jacobs,,200,
0000-0002-0811-4235,David Rodriguez,David,Rodriguez,David Rodriguez,200,
0000-0002-0811-637X,Jeremy L. Muhlich,Jeremy,Muhlich,Jeremy L. Muhlich,200,
0000-0002-0812-4791,Riya Sawhney,Riya,Sawhney,,200,
0000-0002-0814-7010,Ozden Dalgic,Ozden,Dalgic,,200,
0000-0002-0815-1044,David Glenn,David,Glenn,,200,
0000-0002-0816-331X,David van Dyk,David,van Dyk,,200,
0000-0002-0817-6874,Coralie Dessauges,Coralie,Dessauges,,200,
0000-0002-0822-7424,Joseph Badaracco,Joseph,Badaracco,,200,
0000-0002-0823-2856,Myrna Cleofé Sánchez Rossel,Myrna Cleofé,Sánchez Rossel,,200,
0000-0002-0823-5635,Rachel E Wittenberg,Rachel Ek,Wittenberg,Rachel E Wittenberg,200,
0000-0002-0824-3758,Yale Fan,Yale,Fan,,200,
0000-0002-0824-6369,Emily Green,Emily,Green,,200,
0000-0002-0829-9436,Nicholas Bellono,Nicholas,Bellono,,200,
0000-0002-0830-1479,Plamen Krastev,Plamen,Krastev,,200,
0000-0002-0830-4928,Ranga Dias,Ranga,Dias,,200,
0000-0002-0830-5293,S. Bryn Austin,S. Bryn,Austin,S. Bryn Austin,200,
0000-0002-0837-4360,Aleksandar David Kostic,Aleksandar,Kostic,Aleksandar David Kostic,200,
0000-0002-0838-3670,QinQin Yu,QinQin,Yu,,200,
0000-0002-0838-9263,Johnathan Zeng,Johnathan,Zeng,,200,
0000-0002-0839-5321,Inbar Maayan,Inbar,Maayan,,200,
0000-0002-0840-4507,Kamila Muyasarah,Kamila,Muyasarah,,200,
0000-0002-0843-1601,Emrah Yildiz,Emrah,Yildiz,,200,
0000-0002-0848-2345,Sachie Shishido,Sachie,Shishido,,200,
0000-0002-0849-8216,MEGAN GIMMEN,MEGAN,GIMMEN,,200,
0000-0002-0849-9489,Sarah Dryden-Peterson,Sarah,Dryden-Peterson,,200,
0000-0002-0851-1759,Caroline Perner,Caroline,Perner,,200,
0000-0002-0851-6250,Sarah Horn,Sarah,Horn,,200,
0000-0002-0853-3763,Bastijn Joost Gerard van den Boom,Bastijn Joost Gerard,van den Boom,,200,
0000-0002-0854-4147,Mark Elia Issa,Mark Elia,Issa,,200,
0000-0002-0854-864X,David Eidelberg,David,Eidelberg,,200,
0000-0002-0856-0470,Daniel Loftus,Daniel,Loftus,,200,
0000-0002-0858-5467,Stephen Resch,Stephen,Resch,,200,
0000-0002-0862-3072,Meghan Sullivan,Meghan,Sullivan,,200,
0000-0002-0862-3339,Elena Hawryluk,Elena,Hawryluk,,200,
0000-0002-0862-6724,Anh-Duc Hoang,Duc,Hoang,Anh-Duc Hoang,200,
0000-0002-0867-5737,Liza L.  Taylor,Liza L. ,Taylor,,200,
0000-0002-0868-2291,Robert Rasmussen,Robert,Rasmussen,,200,
0000-0002-0868-6604,Andrew Murray,Andrew,Murray,,200,
0000-0002-0871-1064,Brian Polizzotti,Brian,Polizzotti,,200,
0000-0002-0871-4812,Denise Faustman,Denise,Faustman,,200,
0000-0002-0871-6682,Taylor Weary,Taylor,Weary,,200,
0000-0002-0871-8792,Mengyang Fan,Mengyang,Fan,,200,
0000-0002-0871-9576,Peter A. Hall,Peter A.,Hall,,200,
0000-0002-0874-6689,Paul Magnarella,Paul,Magnarella,,200,
0000-0002-0876-4203,Wanyi Chen,Wanyi,Chen,,200,
0000-0002-0877-2932,Ana Anderson,Ana,Anderson,,200,
0000-0002-0878-0844,Susan Deskis,Susan,Deskis,,200,
0000-0002-0878-698X,Allison Hurst,Allison,Hurst,,200,
0000-0002-0880-763X,David Jackson,David,Jackson,,200,
0000-0002-0880-9790,Xiao-Yu Yang,Xiao-Yu,Yang,,200,
0000-0002-0882-8174,Daniel Becker,Daniel,Becker,,200,
0000-0002-0888-8193,Axel Meyer,Axel,Meyer,,200,
0000-0002-0896-3077,Benjamin Morris,Benjamin,Morris,,200,
0000-0002-0897-3048,Dong Wang,Dong,Wang,,200,
0000-0002-0899-0200,Emily Dore,Emily,Dore,,200,
0000-0002-0907-1310,Kanika Kamal,Kanika,Kamal,,200,
0000-0002-0907-1417,Miriam Shakow,Miriam,Shakow,,200,
0000-0002-0908-2423,Sandy Chang,Sandy,Chang,,200,
0000-0002-0908-5819,Zoa Alonso Fernandez,Zoa,Alonso Fernandez,,200,
0000-0002-0909-052X,Mike Bao,Mike,Bao,,200,
0000-0002-0911-7905,Amy Gelfand,Amy,Gelfand,,200,
0000-0002-0912-8268,Alcino Gama,Alcino,Gama,,200,
0000-0002-0913-262X,James R Portman,James R,Portman,,200,
0000-0002-0914-660X,Jocelyn Rodriguez,Jocelyn,Rodriguez,,200,
0000-0002-0917-8265,Alexandra Berroyer,Alexandra,Berroyer,,200,
0000-0002-0919-1179,Ehsan Kamrani,Ehsan,Kamrani,,200,
0000-0002-0921-6313,Mohamed M Emara,Mohamed ,Emara,Mohamed M Emara,200,
0000-0002-0923-3084,Vanessa de Cruz Medina,Vanessa,de Cruz Medina,,200,
0000-0002-0926-0592,Kevin Peng,Kevin,Peng,,200,
0000-0002-0928-0411,Christopher Devine,Christopher,Devine,,200,
0000-0002-0928-1895,Justin Zelin,Justin,Zelin,,200,
0000-0002-0928-7429,Priyanka Sinha,Priyanka,Sinha,,200,
0000-0002-0929-6800,Gene F. Kwan,Gene,Kwan,Gene F. Kwan,200,
0000-0002-0932-9545,Dorothy L Southern,Dorothy L,Southern,,200,
0000-0002-0934-1237,Min Xu,Min,Xu,,200,
0000-0002-0934-4155,Xinyue Liu,Xinyue,Liu,,200,
0000-0002-0935-6404,Peter Nguyen,Peter,Nguyen,,200,
0000-0002-0936-659X,Ketty Wanda María Quezada Thormann,Ketty Wanda María,Quezada Thormann,,200,
0000-0002-0937-1524,Sebastian J. Rowe,Sebastian,Rowe,Sebastian J. Rowe,200,
0000-0002-0939-4670,Douglas Yao,Douglas,Yao,,200,
0000-0002-0942-1608,"Michael Nyika Andrew MD, M.P.H",Michael N.,Andrew,"Michael Nyika Andrew MD, M.P.H",200,
0000-0002-0943-6236,Rosalyn Adam,Rosalyn,Adam,,200,
0000-0002-0943-8194,William Brown,William,Brown,,200,
0000-0002-0944-5263,Diksha Bijlani,Diksha,Bijlani,,200,
0000-0002-0947-7759,Scott C. Grindy,Scott,Grindy,Scott C. Grindy,200,
0000-0002-0947-8284,Debattama Sen,Debattama,Sen,,200,
0000-0002-0948-3876,Thaer Darwish,Thaer,Darwish,,200,
0000-0002-0948-7009,Carlos Larrauri,Carlos,Larrauri,,200,
0000-0002-0949-302X,Momchil Tomov,Momchil,Tomov,,200,
0000-0002-0949-4137,Ajay Rajaram,Ajay,Rajaram,,200,
0000-0002-0954-0869,Rebecca Berman,Rebecca,Berman,,200,
0000-0002-0956-8941,Bon Trinh,Bon,Trinh,,200,
0000-0002-0958-5098,JC Fernandez-Seoane,JC,Fernandez-Seoane,,200,
0000-0002-0962-0850,Mariam Hachimi,Mariam,Hachimi,,200,
0000-0002-0963-1779,Martin Schreiner,Martin,Schreiner,,200,
0000-0002-0963-3205,Ariel Evan Mayse,Evan,Mayse,Ariel Evan Mayse,200,
0000-0002-0963-489X,Bryan Zuniga,Bryan,Zuniga,,200,
0000-0002-0967-1076,Beverley Matthews,Beverley,Matthews,,200,
0000-0002-0967-6109,Tingting Zhao,Tingting,Zhao,,200,
0000-0002-0967-9289,Shan Siddiqi,Shan,Siddiqi,,200,
0000-0002-0968-0538,Zachariah McLean,Zachariah,McLean,,200,
0000-0002-0969-8092,Linda J. Bilmes,Linda J.,Bilmes,,200,
0000-0002-0971-4195,Emily Jones,Emily,Jones,,200,
0000-0002-0972-5580,Aditya Garai,Aditya,Garai,,200,
0000-0002-0973-3951,Monika Betzler,Monika,Betzler,,200,
0000-0002-0973-4313,Ana Nogal,Ana,Nogal,,200,
0000-0002-0976-6788,Michael Pusey,Michael,Pusey,,200,
0000-0002-0979-0956,Harika Dasari,Harika,Dasari,,200,
0000-0002-0980-1176,Majid Fotuhi,Majid,Fotuhi,,200,
0000-0002-0983-9035,Luis Antonio Marin,Luis Antonio,Marin,,200,
0000-0002-0984-5654,Aditya Venkatramani,Aditya,Venkatramani,,200,
0000-0002-0984-8716,Alexandra Medline,Alexandra,Medline,,200,
0000-0002-0985-3769,Tayyaba Jabeen Fazal,Tayyaba Jabeen,Fazal,,200,
0000-0002-0985-4278,Tjarde Savhannah  Schulz,Tjarde Savhannah ,Schulz,,200,
0000-0002-0986-234X,Ranjay Gulati,Ranjay,Gulati,,200,
0000-0002-0988-176X,Carol Bates,Carol,Bates,,200,
0000-0002-0988-3829,Daniyal Zuberi,Daniyal,Zuberi,,200,
0000-0002-0990-815X,Teresa Pegan,Teresa,Pegan,,200,
0000-0002-0991-9588,Timothy J. Ross-Elliott,Timothy,Ross-Elliott,Timothy J. Ross-Elliott,200,
0000-0002-0992-2111,"Chelsea Messinger, MD, PhD",Chelsea,Messinger,"Chelsea Messinger, MD, PhD",200,
0000-0002-0992-6673,Jordan Franklin,Jordan,Franklin,,200,
0000-0002-0996-1356,Anthony Jakob,Anthony,Jakob,,200,
0000-0002-1002-1580,Toyomi Asano,Toyomi,Asano,,200,
0000-0002-1004-8919,Rebecca Herbst,Rebecca,Herbst,,200,
0000-0002-1005-4411,Catherine Millett,Catherine,Millett,,200,
0000-0002-1007-5765,Lourdes Mary Daniel,Lourdes Mary,Daniel,,200,
0000-0002-1010-8395,Silvia Diazgranados,Silvia,Diazgranados,,200,
0000-0002-1011-3258,Bassel  Shanab,Bassel ,Shanab,,200,
0000-0002-1011-6184,Yan Zhang,Yan,Zhang,,200,
0000-0002-1012-4854,Alexandre Tkatchenko,Alexandre,Tkatchenko,,200,
0000-0002-1016-9278,Zijian Ma,Zijian,Ma,,200,
0000-0002-1022-7853,Moufida Ben Nasr,Moufida,Ben Nasr,,200,
0000-0002-1026-7695,Christina Briscoe,Christina,Briscoe,Christina Briscoe,200,
0000-0002-1027-8917,Dan Howitt,Dan Howitt,,,200,
0000-0002-1029-196X,S. Ted Treves,S. Ted,Treves,,200,
0000-0002-1029-5557,Tong Yang,Tong,Yang,,200,
0000-0002-1030-2016,Roey Reichert,Roey,Reichert,,200,
0000-0002-1030-7175,Thomas Travison,Thomas,Travison,,200,
0000-0002-1035-2574,Juan Martinez-Francois,Juan,Martinez-Francois,,200,
0000-0002-1037-962X,Miguel A. Barboza,Miguel A.,Barboza,,200,
0000-0002-1038-8972,Cindy Chwa,Cindy,Chwa,,200,
0000-0002-1039-2998,Haluk Yuzugullu,Haluk,Yuzugullu,,200,
0000-0002-1040-8427,Bhingaradiya Nutan,Bhingaradiya,Nutan,Bhingaradiya Nutan,200,
0000-0002-1042-8452,J William Munger,J William,Munger,,200,
0000-0002-1044-9528,Charles F. Bray,Charles,Bray,Charles F. Bray,200,
0000-0002-1048-1579,Arjun Vishwanath,Arjun,Vishwanath,,200,
0000-0002-1049-7933,Alison C. Emmert,Alison,Emmert,Alison C. Emmert,200,
0000-0002-1050-1357,David Bamford,David,Bamford,,200,
0000-0002-1050-3723,Wissam Farhat,Wissam,Farhat,,200,
0000-0002-1053-1732,Yota Batsaki,Yota,Batsaki,,200,
0000-0002-1053-5792,David Pratt,David,Pratt,,200,
0000-0002-1055-9030,Allison Girasole,Allison,Girasole,,200,
0000-0002-1057-5380,Daniela Lee,Daniela,Lee,,200,
0000-0002-1064-0808,carolyn bernstein,carolyn,bernstein,,200,
0000-0002-1065-5292,Jordan M Sampson,Jordan,Sampson,Jordan M Sampson,200,
0000-0002-1072-8631,ALFREDO RODRIGUEZ,ALFREDO,RODRIGUEZ,,200,
0000-0002-1073-7589,Sowmyan Jegatheesan,Sowmyan,Jegatheesan,,200,
0000-0002-1075-7918,Antonios Lioutas,Antonios,Lioutas,,200,
0000-0002-1080-8762,Xili Liu,Xili,Liu,,200,
0000-0002-1083-6907,I-Min Lee,I-Min,Lee,,200,
0000-0002-1087-2430,Pablo Argárate,Pablo,Argárate,,200,
0000-0002-1090-4068,Qichen Song,Qichen,Song,Qichen Song,200,
0000-0002-1090-819X,Andrew K. Chu,Andrew,Chu,Andrew K. Chu,200,
0000-0002-1092-0068,Jorge Gómez Tejeda Zañudo,Jorge,Gómez Tejeda Zañudo,,200,
0000-0002-1093-3088,Carlos Donado,Carlos,Donado,,200,
0000-0002-1093-3301,Yao Li,Yao,Li,,200,
0000-0002-1094-3884,Mohammed Khan,Mohammed,Khan,,200,
0000-0002-1094-7180,Peter J. Chen,Peter,Chen,Peter J. Chen,200,
0000-0002-1097-6766,Ziqiang Guan,Ziqiang,Guan,,200,
0000-0002-1099-0605,David Owen,David,Owen,,200,
0000-0002-1105-689X,Ralph Mazitschek,Ralph,Mazitschek,,200,
0000-0002-1106-5462,Yi Lin,Yi,Lin,,200,
0000-0002-1110-0096,Curtis Huttenhower,Curtis,Huttenhower,,200,
0000-0002-1110-8039,Accalia Fu,Accalia,Fu,,200,
0000-0002-1112-2834,Ian Boothby,Ian,Boothby,,200,
0000-0002-1115-2099,Shelyn Akari Yamakami,Shelyn,Akari Yamakami,,200,
0000-0002-1117-1679,Agustín Pérez,Agustín,Pérez,,200,
0000-0002-1120-0898,Jeffrey Meyerhardt,Jeffrey,Meyerhardt,,200,
0000-0002-1122-3395,Shintaro Kimura,Shintaro,Kimura,,200,
0000-0002-1124-2676,Ritchell van Dams,Ritchell,van Dams,,200,
0000-0002-1124-4209,Yunlong Ji,Yunlong,Ji,,200,
0000-0002-1124-4284,Matthias Jung,Matthias,Jung,,200,
0000-0002-1124-4559,Evan Koch,Evan,Koch,,200,
0000-0002-1124-7709,Nihaal Rahman,Nihaal,Rahman,,200,
0000-0002-1127-8409,Sanam Shafaattalab,Sanam,Shafaattalab,,200,
0000-0002-1127-8580,Farah Kabir,Farah,Kabir,,200,
0000-0002-1130-0936,Alhun Aydin,Alhun,Aydin,,200,
0000-0002-1133-2962,Sarah Sobieraj,Sarah,Sobieraj,,200,
0000-0002-1136-2651,Hamzeh Mohammadigheymasi,Hamzeh,Mohammadigheymasi,,200,
0000-0002-1138-3217,Bill Zong Jia,Bill,Jia,Bill Zong Jia,200,
0000-0002-1140-4954,Faisal Karmali,Faisal,Karmali,,200,
0000-0002-1142-7945,Dr. Ahmed Mohamed Shaat,Dr. Ahmed Mohamed,Shaat,,200,
0000-0002-1142-9721,Jonathan Franklin,Jonathan,Franklin,,200,
0000-0002-1144-2547,Jason Qian,Jason,Qian,,200,
0000-0002-1148-2995,Sourav Chowdhury,Sourav,Chowdhury,,200,
0000-0002-1151-4563,Subrata Baguli,Subrata,Baguli,,200,
0000-0002-1153-8047,Joseph Loscalzo,Joseph,Loscalzo,,200,
0000-0002-1154-7664,Julia Su Zhou,Julia Su Zhou,,,200,
0000-0002-1158-2179,Marton Keszei,Marton,Keszei,,200,
0000-0002-1161-5209,Jay Olson,Jay,Olson,,200,
0000-0002-1165-4398,Chen-Ya Chiu,Chen-Ya,Chiu,,200,
0000-0002-1167-812X,Louis Cammarata,Louis,Cammarata,,200,
0000-0002-1168-1425,Kevin Gozzi,Kevin,Gozzi,,200,
0000-0002-1168-2081,Brien Garnand,Brien,Garnand,,200,
0000-0002-1168-3332,Dongwook Kristen,Dongwook,Kristen,,200,
0000-0002-1168-4861,Haozhe Shan,Haozhe,Shan,,200,
0000-0002-1170-6610,Sohaib Abdul Rehman,Sohaib,Abdul Rehman,,200,
0000-0002-1172-9003,Hayden Godfrey,Hayden,Godfrey,,200,
0000-0002-1174-3972,Dora Dias-Santagata,Dora,Dias-Santagata,,200,
0000-0002-1174-8597,Eliza Spear,Eliza,Spear,,200,
0000-0002-1176-9515,Surached Siriwongsup,Surached,Siriwongsup,,200,
0000-0002-1179-0840,Yuanchen Yu,Yuanchen,Yu,,200,
0000-0002-1179-2512,Aikaterini-Iliana Rassia,Aikaterini-Iliana,Rassia,,200,
0000-0002-1179-717X,Jacob Anderson,Jacob,Anderson,,200,
0000-0002-1179-7903,Mukta G Palshikar,Mukta Girish,Palshikar,Mukta G Palshikar,200,
0000-0002-1180-1431,Laura Rasmussen Foster,Laura,Rasmussen Foster,,200,
0000-0002-1180-8764,Julia Katherine Rohr,Julia Katherine,Rohr,,200,
0000-0002-1183-011X,Shuai Sun,Shuai,Sun,,200,
0000-0002-1186-4985,Susan A. Dumais,Susan,Dumais,Susan A. Dumais,200,
0000-0002-1186-8492,Tejal Patwardhan,Tejal,Patwardhan,,200,
0000-0002-1188-0002,Douglas Lloyd,Douglas,Lloyd,,200,
0000-0002-1189-7525,Dua' Ghosheh Wahbeh,Dua' Ghosheh,Wahbeh,Dua' Ghosheh Wahbeh,200,
0000-0002-1190-0800,Xuan Mei,Xuan,Mei,,200,
0000-0002-1193-2263,Yiwen Zhang,Yiwen,Zhang,,200,
0000-0002-1193-4824,David Rosenwasser,David,Rosenwasser,,200,
0000-0002-1194-0650,Joanne Hsu,Joanne,Hsu,,200,
0000-0002-1195-0445,Alexander Shakeel Bates,Alexander Shakeel,Bates,,200,
0000-0002-1196-7896,Elias Corey,Elias,Corey,,200,
0000-0002-1198-5533,Hande Sevgi,Hande,Sevgi,,200,
0000-0002-1198-6392,Yuan Yuan,Yuan,Yuan,,200,
0000-0002-1198-9737,Whitney Lieberman,Whitney,Lieberman,,200,
0000-0002-1206-6766,Oleksandra Tarkhanova,Oleksandra,Tarkhanova,,200,
0000-0002-1208-7954,Mengxi Yun,Mengxi,Yun,,200,
0000-0002-1209-5559,Jordan Farrell,Jordan,Farrell,,200,
0000-0002-1215-2912,Zongwei Wang,Zongwei,Wang,,200,
0000-0002-1215-5427,Bing Wang,Bing,Wang,,200,
0000-0002-1218-4877,Shoaib Ashraf,Shoaib,Ashraf,,200,
0000-0002-1218-8982,Luana Marques,Luana,Marques,,200,
0000-0002-1220-6992,Aibin Yan,Aibin,Yan,,200,
0000-0002-1220-8090,Gabe Weinreb,Gabe,Weinreb,,200,
0000-0002-1220-9835,"Emir Ashour, MD., MBBS.",Emir,Ashour,"Emir Ashour, MD., MBBS.",200,
0000-0002-1221-5725,Sanjat Kanjilal,Sanjat,Kanjilal,,200,
0000-0002-1221-9320,Domenico Maisano,Domenico,Maisano,Domenico Maisano,200,
0000-0002-1222-1180,Werdich AA,Andreas Augustinus,Werdich,Werdich AA,200,
0000-0002-1222-4728,Circe Le Compte,Circe,Le Compte,,200,
0000-0002-1223-220X,Xinhe Zhang,Xinhe,Zhang,,200,
0000-0002-1225-5516,Paul Kligfield,Paul,Kligfield,,200,
0000-0002-1226-3532,Anwar Husain,Anwar,Husain,,200,
0000-0002-1229-0098,Jonathan Lee,Jonathan,Lee,,200,
0000-0002-1229-1672,Shu-Fan Chen,Shu-Fan,Chen,,200,
0000-0002-1229-2413,Kazuhide Hayakawa,Kazuhide,Hayakawa,,200,
0000-0002-1231-1266,Dmitri Wiederschain,Dmitri,Wiederschain,,200,
0000-0002-1232-2977,David Flood,David,Flood,,200,
0000-0002-1233-1232,SoYoung Park,SoYoung,Park,,200,
0000-0002-1234-0024,Menuka Karki,Menuka,Karki,,200,
0000-0002-1235-3052,Eleonora Tamilia,Eleonora,Tamilia,,200,
0000-0002-1237-7556,Zongli Li,Zongli,Li,,200,
0000-0002-1238-8132,Sa-Pyung Sean Shin,Sa-Pyung,Shin,Sa-Pyung Sean Shin,200,
0000-0002-1240-9976,Doriana Matraku,Doriana,Matraku,,200,
0000-0002-1245-198X,Alba Gutiérrez-Sacristán,Alba,Gutiérrez-Sacristán,Alba Gutiérrez-Sacristán,200,
0000-0002-1246-5994,Andres Lombana-Bermudez,Andres,Lombana-Bermudez,,200,
0000-0002-1246-6890,Benoit Molinie,Benoit,Molinie,,200,
0000-0002-1246-9039,Insup Lee,Insup,Lee,,200,
0000-0002-1247-062X,Soonwon Choi,Soonwon,Choi,,200,
0000-0002-1247-4364,Anne Smolko,Anne,Smolko,,200,
0000-0002-1252-2928,Zheng Yan,Zheng,Yan,,200,
0000-0002-1255-4196,Jennifer Lerner,Jennifer,Lerner,,200,
0000-0002-1255-820X,James Wolper,James,Wolper,,200,
0000-0002-1256-5362,Fabio Zaina,Fabio,Zaina,,200,
0000-0002-1256-7050,Hong-Yu Zhou,Hong-Yu,Zhou,,200,
0000-0002-1259-9132,Emma-Louise Aveling,Emma-Louise,Aveling,,200,
0000-0002-1260-9011,Viviana Siless,Viviana,Siless,,200,
0000-0002-1261-4929,Fabiana Duarte,Fabiana,Duarte,,200,
0000-0002-1264-1847,John Mark Awad,John Mark,Awad,,200,
0000-0002-1265-8403,Jessi Hanson-DeFusco,Jessi,Hanson-DeFusco,,200,
0000-0002-1266-7828,Leehyeon Kim,Leehyeon,Kim,,200,
0000-0002-1268-2462,John Sowa,John,Sowa,,200,
0000-0002-1271-0638,Jairo Alberto  Dussan-Sarria,Jairo Alberto ,Dussan-Sarria,,200,
0000-0002-1271-6247,Daniel J. D'Orazio,Daniel,D'Orazio,Daniel J. D'Orazio,200,
0000-0002-1273-8171,Yifeng Peng,Yifeng,Peng,,200,
0000-0002-1275-3857,Qin Li,Qin,Li,,200,
0000-0002-1275-8391,Sherry Lin,Sherry,Lin,Sherry Lin,200,
0000-0002-1276-9613,Gautam Reddy,Gautam,Reddy,,200,
0000-0002-1277-819X,Matthew M. Hamill,Matthew M.,Hamill,,200,
0000-0002-1280-3594,Hamid Shokoohi,Hamid,Shokoohi,,200,
0000-0002-1281-4904,Robert G. Lee,Robert G.,Lee,,200,
0000-0002-1291-2993,Marsha Garrison,Marsha,Garrison,,200,
0000-0002-1292-1611,Luis F. Avila-Cobian,Luis F.,Avila-Cobian,Luis F. Avila-Cobian,200,
0000-0002-1302-6088,Lindsay Skay Whitacre,Lindsay,Skay Whitacre,,200,
0000-0002-1309-753X,Yingjie Sun,Yingjie,Sun,,200,
0000-0002-1311-4942,Daniel Fabricant,Daniel,Fabricant,,200,
0000-0002-1311-6702,Dr.Mina Ogbanga,Dr.Mina,Ogbanga,Dr.Mina Ogbanga,200,
0000-0002-1312-0488,Markus Frank,Markus,Frank,,200,
0000-0002-1312-1157,James Sedalia Peters,James Sedalia,Peters,,200,
0000-0002-1312-6089,Tanya McKitrick,Tanya,McKitrick,,200,
0000-0002-1314-8843,nilmini wickramasinghe,nilmini,wickramasinghe,,200,
0000-0002-1314-9715,Kristiaan De Greve,Kristiaan,De Greve,,200,
0000-0002-1320-354X,Thomas Plumb-Reyes,Thomas,Plumb-Reyes,,200,
0000-0002-1322-3444,Donald Davidoff,Donald,Davidoff,,200,
0000-0002-1323-5314,Jonathan Grindlay,Jonathan,Grindlay,,200,
0000-0002-1323-5576,Ilay Romain Ors,Ilay,Ors,Ilay Romain Ors,200,
0000-0002-1324-0164,Nicole Dryburgh,Nicole,Dryburgh,,200,
0000-0002-1330-691X,Isa He,Isa,He,,200,
0000-0002-1332-2960,William G. La Cava,William,La Cava,William G. La Cava,200,
0000-0002-1332-4122,Andrew Strominger,Andrew,Strominger,,200,
0000-0002-1334-3323,Courtney Benoit,Courtney,Benoit,,200,
0000-0002-1335-1120,Johannes Stein,Johannes,Stein,,200,
0000-0002-1335-1454,Catherine E Stewart,Catherine,E Stewart,Catherine E Stewart,200,
0000-0002-1338-2242,Patrick Horgan,Patrick,Horgan,,200,
0000-0002-1342-7308,Kateryna Demekhina,Kateryna,Demekhina,,200,
0000-0002-1344-3594,Ashley E. B. Johnson,Ashley,Johnson,Ashley E. B. Johnson,200,
0000-0002-1346-407X,Pallab Ghosh,Pallab,Ghosh,,200,
0000-0002-1349-4471,Douglas J. Jolly,Douglas J.,Jolly,,200,
0000-0002-1350-8466,Pia Raffler,Pia,Raffler,,200,
0000-0002-1354-4870,Jesse Wolfhagen,Jesse,Wolfhagen,,200,
0000-0002-1360-4976,Rachel L. Harris,Rachel,Harris,Rachel L. Harris,200,
0000-0002-1360-938X,Ahmad Karadagi,Ahmad,Karadagi,,200,
0000-0002-1362-2410,Katie A. McLaughlin,Katie,McLaughlin,Katie A. McLaughlin,200,
0000-0002-1362-7713,Ana Luiza Lemos Queiroz,Ana Luiza,Lemos Queiroz,,200,
0000-0002-1362-9735,Sarah Johnson,Sarah,Johnson,,200,
0000-0002-1363-3793,Xiyuan Bao,Xiyuan,Bao,,200,
0000-0002-1364-4935,JAVIER EMPERADOR MELERO,JAVIER,EMPERADOR MELERO,,200,
0000-0002-1365-034X,Michael L. Skowyra,Michael L.,Skowyra,Michael L. Skowyra,200,
0000-0002-1367-5555,Jordan D. Lemme,Jordan D.,Lemme,Jordan D. Lemme,200,
0000-0002-1367-8828,Stefanie Wade,Stefanie,Wade,,200,
0000-0002-1367-9716,Richard Liu,Richard,Liu,,200,
0000-0002-1372-3107,Brandon J. Aubrey,Brandon,Aubrey,Brandon J. Aubrey,200,
0000-0002-1372-752X,Young-Jin Seo,Young-Jin,Seo,,200,
0000-0002-1372-9015,Chelsey Canavan,Chelsey,Canavan,,200,
0000-0002-1385-9805,Sang Won Lee,Sang Won,Lee,,200,
0000-0002-1386-2844,James Snyder,James,Snyder,,200,
0000-0002-1390-7985,Diankun Yu,Diankun,Yu,,200,
0000-0002-1391-611X,Nick Benik,Nick,Benik,,200,
0000-0002-1391-7921,Yasuko Isoe,Yasuko,Isoe,,200,
0000-0002-1392-227X,Robert Howe,Robert,Howe,,200,
0000-0002-1397-3106,Yinzhu Jin,Yinzhu,Jin,,200,
0000-0002-1397-3798,ANGELA CINALLI,ANGELA,CINALLI,,200,
0000-0002-1399-2294,Yuka Okusha,Yuka,Okusha,,200,
0000-0002-1399-5305,Nelson Marconi,Nelson,Marconi,Nelson Marconi,200,
0000-0002-1401-6068,RAYMOND BERNARD KIHUMURO,RAYMOND BERNARD,KIHUMURO,,200,
0000-0002-1401-8725,Chia-Cheng Li,Chia-Cheng,Li,,200,
0000-0002-1402-7250,Eric Rimm,Eric,Rimm,,200,
0000-0002-1405-3459,Li Xing,Li,Xing,,200,
0000-0002-1405-7062,Dario Rodighiero,Dario,Rodighiero,,200,
0000-0002-1405-7644,Jeffrey Souza,Jeffrey,Souza,,200,
0000-0002-1411-6317,Fumi Katsuki,Fumi,Katsuki,,200,
0000-0002-1411-8750,Jenna Landy,Jenna,Landy,,200,
0000-0002-1412-1378,Max Shad,Max,Shad,,200,
0000-0002-1412-9740,Ogechukwu Ogbogu,Ogechukwu,Ogbogu,Ogechukwu Ogbogu,200,
0000-0002-1414-1280,David Chang,David,Chang,,200,
0000-0002-1420-5563,Jonathan Friedberg,Jonathan,Friedberg,,200,
0000-0002-1423-599X,Brandon R. Clarke,Brandon,Clarke,Brandon R. Clarke,200,
0000-0002-1424-9363,Tao Xu,Tao,Xu,,200,
0000-0002-1425-8489,Hsiao-Ying Wey,Hsiao-Ying,Wey,,200,
0000-0002-1432-2225,Pengwei Xiao,Pengwei,Xiao,,200,
0000-0002-1434-6913,Nadja Drabon,Nadja,Drabon,,200,
0000-0002-1436-6607,Kimberly Kowal Arcand,Kimberly,Arcand,Kimberly Kowal Arcand,200,
0000-0002-1437-1481,Yu Wang,Yu,Wang,,200,
0000-0002-1437-2214,Jax Luo,Jax,Luo,Jax Luo,200,
0000-0002-1441-2618,Youn Soo Jung,Youn Soo,Jung,,200,
0000-0002-1441-7531,GANG LI,GANG,LI,,200,
0000-0002-1443-2176,Xiaoyan Nie,Xiaoyan,Nie,,200,
0000-0002-1444-7343,Adrian Berliner,Adrian,Berliner,,200,
0000-0002-1446-5701,Ildiko Van Rhijn,Ildiko,Van Rhijn,,200,
0000-0002-1448-4566,Qianyi Li,Qianyi,Li,,200,
0000-0002-1449-8802,Eric Sundquist,Eric,Sundquist,,200,
0000-0002-1450-909X,Amy Blum,Amy,Blum,,200,
0000-0002-1451-2344,Henry Tam,Henry,Tam,,200,
0000-0002-1452-1937,Olga Barreiro,Olga,Barreiro,,200,
0000-0002-1453-4594,Morgan Thinel,Morgan,Thinel,,200,
0000-0002-1453-4754,Ari Afilalo,Ari,Afilalo,,200,
0000-0002-1456-5657,Craig Hunter,Craig,Hunter,,200,
0000-0002-1456-8604,Anwesha Sanyal,Anwesha,Sanyal,,200,
0000-0002-1458-4540,Kenro Kusumi,Kenro,Kusumi,,200,
0000-0002-1459-0895,David Maddox,David,Maddox,,200,
0000-0002-1459-0983,Dilan Tulan,Dilan,Tulan,,200,
0000-0002-1459-9638,Rachel Ramoni,Rachel,Ramoni,,200,
0000-0002-1460-8012,Michael Goldstein,Michael,Goldstein,,200,
0000-0002-1463-7593,TANJINA KADER,TANJINA,KADER,,200,
0000-0002-1464-1373,Jordan R. Green,Jordan,Green,Jordan R. Green,200,
0000-0002-1465-2654,Elizabeth Osborn,Elizabeth,Osborn,,200,
0000-0002-1467-1222,Andrew Kruse,Andrew,Kruse,,200,
0000-0002-1468-7558,Stephen Mitchell,Stephen,Mitchell,,200,
0000-0002-1471-5715,Kush Singhal,Kush,Singhal,,200,
0000-0002-1473-0536,Gregory Teague,Gregory,Teague,,200,
0000-0002-1473-5222,Wei Ji,Wei,Ji,,200,
0000-0002-1474-7469,Oluchi Ndulue,Oluchi,Ndulue,,200,
0000-0002-1478-0621,Helena J. Barr,Helena,Barr,Helena J. Barr,200,
0000-0002-1481-1184,Ghazal Darougheh-Daftar,Ghazal,Darougheh-Daftar,,200,
0000-0002-1483-0764,James R. Young,James,Young,James R. Young,200,
0000-0002-1483-9259,Ivan Adzhubey,Ivan,Adzhubey,,200,
0000-0002-1486-7495,Heming Wang,Heming,Wang,,200,
0000-0002-1488-1043,Eric T Strand,Eric,Strand,Eric T Strand,200,
0000-0002-1495-4417,Ihor Chornovol,Ihor,Chornovol,,200,
0000-0002-1496-0374,Eleonor Smith,Eleonor,Smith,,200,
0000-0002-1498-6814,Andrew Almazan,Andrew,Almazan,,200,
0000-0002-1502-502X,Peter Libby,Peter,Libby,,200,
0000-0002-1505-4998,Kenneth Rogoff,Kenneth,Rogoff,,200,
0000-0002-1506-8732,Sebastian V. Morales,Sebastian,Morales Velez,Sebastian V. Morales,200,
0000-0002-1506-925X,Remei Capdevila-Werning,Remei,Capdevila-Werning,,200,
0000-0002-1510-3753,Matthew Lee,Matthew,Lee,,200,
0000-0002-1510-8976,Eric S. Kim,Eric,Kim,Eric S. Kim,200,
0000-0002-1512-1994,Michelle Yu,Michelle,Yu,,200,
0000-0002-1512-9742,Morgan Turner,Morgan,Turner,,200,
0000-0002-1513-0444,Matthew Cook,Matthew,Cook,,200,
0000-0002-1514-0183,Jeeeun Choi,Jeeeun,Choi,,200,
0000-0002-1518-1794,Claire Guinier,Claire,Guinier,,200,
0000-0002-1518-3984,Marc D. Succi,Marc D.,Succi,,200,
0000-0002-1518-8857,Delio J. Fernandez,Delio Jesus,Fernandez Betancourt,Delio J. Fernandez,200,
0000-0002-1525-2433,Evangelos Sfakianakis,Evangelos,Sfakianakis,,200,
0000-0002-1525-3209,Kevin Foster,Kevin,Foster,,200,
0000-0002-1527-2282,Mohamed Elshafie,Mohamed,Elshafie,Mohamed Elshafie,200,
0000-0002-1530-9540,Thrimurtulu Neetipalli,Thrimurtulu,Neetipalli,,200,
0000-0002-1530-9778,Magdalena Siwek,Magdalena,Siwek,,200,
0000-0002-1531-5561,William Carlson,William,Carlson,,200,
0000-0002-1531-5983,Rifat Atun,Rifat,Atun,,200,
0000-0002-1532-9760,Meadhbh Á Brennan,Meadhbh Á,Brennan,,200,
0000-0002-1536-8145,Basil Darras,Basil,Darras,,200,
0000-0002-1540-6244,Jun Huh,Jun,Huh,,200,
0000-0002-1544-0944,Jay Garfield,Jay,Garfield,,200,
0000-0002-1545-7017,Joy Moses,Joy,Moses,,200,
0000-0002-1546-2668,DONGFANG OUYANG,DONGFANG,OUYANG,,200,
0000-0002-1549-6374,Enkhtuul Gantumur,Enkhtuul,Gantumur,,200,
0000-0002-1551-1503,Emily He,Emily,He,,200,
0000-0002-1551-2151,Qi I. Yang,Qi,Yang,Qi I. Yang,200,
0000-0002-1551-4309,Ehab O.A. Hafiz,Ehab,Hafiz,Ehab O.A. Hafiz,200,
0000-0002-1551-4923,John Tayu Lee,John Tayu,Lee,,200,
0000-0002-1552-6705,Amanda Smythers,Amanda,Smythers,,200,
0000-0002-1553-1432,Sheng Meng,Sheng,Meng,,200,
0000-0002-1553-4641,Ruben Monarrez,Ruben,Monarrez,,200,
0000-0002-1556-8067,Alexandra Sophie de Boer,Alexandra Sophie,de Boer,,200,
0000-0002-1557-8329,Cynthia Browne,Cynthia,Browne,,200,
0000-0002-1558-194X,Matina Kouvari,Matina,Kouvari,,200,
0000-0002-1558-1958,Pascal Kaeser,Pascal,Kaeser,,200,
0000-0002-1560-4910,Yusuke Fukuda,Yusuke,Fukuda,,200,
0000-0002-1561-3630,Thiago de Oliveira Teodoro,Thiago,de Oliveira Teodoro,,200,
0000-0002-1562-5703,Matthew Murray,Matthew,Murray,,200,
0000-0002-1562-6650,Enoch Uche,Enoch,Uche,,200,
0000-0002-1563-9750,Christoph Budjan,Christoph,Budjan,,200,
0000-0002-1565-3640,Aaron Fernandez,Aaron,Fernandez,,200,
0000-0002-1565-9276,Carter Newman,Carter,Newman,,200,
0000-0002-1566-5561,Karel F. Liem Jr.,Karel,Liem,Karel F. Liem Jr.,200,
0000-0002-1567-3297,Biplab Paul,Biplab,Paul,,200,
0000-0002-1567-4089,M. William Lensch,William,Lensch,M. William Lensch,200,
0000-0002-1567-7626,Victoria K. Jenkins,Victoria K.,Jenkins,,200,
0000-0002-1568-1975,Amanda  Greenwood,Amanda ,Greenwood,,200,
0000-0002-1569-0513,Breanna Titchen,Breanna,Titchen,,200,
0000-0002-1569-1129,Cesar Castello Branco Martins,Cesar,Castello Branco Martins,,200,
0000-0002-1571-5856,Adam Faye,Adam,Faye,,200,
0000-0002-1576-5247,Jeeyun A. Kim,Jeeyun ,Kim,Jeeyun A. Kim,200,
0000-0002-1580-0778,Jonathan Boulanger-Weill,Jonathan,Boulanger-Weill,,200,
0000-0002-1581-490X,Akos Nyerges,Akos,Nyerges,,200,
0000-0002-1581-7393,Robert A Zucker,Robert,Zucker,Robert A Zucker,200,
0000-0002-1584-0171,Sergi Blanco-Cuaresma,Sergi,Blanco-Cuaresma,,200,
0000-0002-1587-0119,Juan Fernandez Gonzalez,Juan,Fernandez Gonzalez,,200,
0000-0002-1588-1520,Zerong You,Zerong,,Zerong You,200,
0000-0002-1590-2299,Penny Hauser-Cram,Penny,Hauser-Cram,,200,
0000-0002-1591-9795,David Teten,David,Teten,,200,
0000-0002-1592-7170,Katelyn Turner,Katelyn,Turner,,200,
0000-0002-1592-8923,Aisha Yousafzai,Aisha,Yousafzai,,200,
0000-0002-1594-8828,Lu Hu,Lu,Hu,,200,
0000-0002-1596-0667,Simone Monachino,Simone,Monachino,Simone Monachino,200,
0000-0002-1596-983X,Daniel Ben-Isvy,Daniel,Ben-Isvy,,200,
0000-0002-1601-4306,Peter Raffalli,Peter,Raffalli,,200,
0000-0002-1602-3368,John Campbell,John,Campbell,,200,
0000-0002-1604-883X,Wenche Tseng,Wenche,Tseng,,200,
0000-0002-1609-7973,Eric Goralnick,Eric,Goralnick,,200,
0000-0002-1611-6871,Christopher M. Worsham,Christopher,Worsham,Christopher M. Worsham,200,
0000-0002-1613-8616,Luiz Santos,Luiz,Santos,,200,
0000-0002-1615-8633,Syed Rakin Ahmed,Syed Rakin,Ahmed,,200,
0000-0002-1617-1563,Florence Caro,Florence,Caro,,200,
0000-0002-1617-4940,Rachael Serur,Rachael,Serur,,200,
0000-0002-1617-7957,Kaisa Snellman,Kaisa,Snellman,,200,
0000-0002-1619-4159,Mudasir A. Khanday,Mudasir A.,Khanday,,200,
0000-0002-1620-2075,MUHAMMAD AYAZ,MUHAMMAD,AYAZ,,200,
0000-0002-1622-4610,Sabella Kiprono,Sabella,Kiprono,,200,
0000-0002-1624-0119,Steven Dickens,Steven,Dickens,,200,
0000-0002-1624-0143,Xu Wu,Xu,Wu,,200,
0000-0002-1628-5667,antonia ceccarelli,antonia,ceccarelli,,200,
0000-0002-1628-5974,Raghawan AK,Akhouri Kishore,Raghawan,Raghawan AK,200,
0000-0002-1628-6870,Garth Coombs III,Garth,Coombs III,,200,
0000-0002-1633-6372,Elizabeth Christoforetti,Elizabeth,Christoforetti,,200,
0000-0002-1634-8007,Ahmed Ragab,Ahmed,Ragab,,200,
0000-0002-1635-6760,Nikita Sturrock,Nikita,Sturrock,,200,
0000-0002-1641-1061,Alisa Khan,Alisa,Khan,,200,
0000-0002-1643-5987,Timothy Lawn,Timothy,Lawn,,200,
0000-0002-1644-2108,Mattia Bozzetti,Mattia,Bozzetti,,200,
0000-0002-1645-917X,Alon Peltz,Alon,Peltz,,200,
0000-0002-1648-4068,Wendy Liu,Wendy,Liu,,200,
0000-0002-1649-336X,Cheryl Makarewicz,Cheryl,Makarewicz,,200,
0000-0002-1650-3142,David Lamberth,David,Lamberth,,200,
0000-0002-1650-9974,XI LU,XI,LU,,200,
0000-0002-1652-5640,Richard Pildes,Richard,Pildes,,200,
0000-0002-1655-7183,Keren Zhu,Keren,Zhu,,200,
0000-0002-1656-3137,Saad Rahmat,Saad,Rahmat,,200,
0000-0002-1658-857X,Isobel Ronai,Isobel,Ronai,,200,
0000-0002-1659-1496,Axel Ntamatungiro,Axel,Ntamatungiro,,200,
0000-0002-1659-8639,Winthrop Gillis,Winthrop,Gillis,,200,
0000-0002-1662-450X,Raphael Holzinger,Raphael,Holzinger,,200,
0000-0002-1663-9701,Fotios Spyropoulos,Fotios,Spyropoulos,,200,
0000-0002-1667-1699,Laura Patricia Aguilar Franco,Laura Patricia,Aguilar Franco,,200,
0000-0002-1667-5526,Ines Vendrell,Ines,Vendrell,,200,
0000-0002-1671-007X,Jie Shen,Jie,Shen,,200,
0000-0002-1672-8720,Aravinthan Samuel,Aravinthan,Samuel,,200,
0000-0002-1672-982X,Roiy Sayag,Roiy,Sayag,,200,
0000-0002-1673-8312,Michael Chen,Michael,Chen,,200,
0000-0002-1675-8751,Xiaowei Yan,Xiaowei,Yan,,200,
0000-0002-1678-8715,Sunia Trauger,Sunia,Trauger,,200,
0000-0002-1680-4834,Leslie Benson,Leslie,Benson,,200,
0000-0002-1680-8675,Darriya Starr,Darriya,Starr,,200,
0000-0002-1682-5889,Raul Valenzuela,Raul,Valenzuela,,200,
0000-0002-1682-7833,Jungwhan John Choi,Jungwhan,Choi,Jungwhan John Choi,200,
0000-0002-1683-6027,Sisi Yang,Sisi,Yang,,200,
0000-0002-1687-3100,Hyeri Lee,Hyeri,Lee,,200,
0000-0002-1689-151X,Yuang Wu,Yuang,Wu,,200,
0000-0002-1689-1691,Zachary Hunter,Zachary,Hunter,,200,
0000-0002-1690-2055,Elliot Akama-Garren,Elliot,Akama-Garren,,200,
0000-0002-1692-6823,Xu Zhou,Xu,Zhou,,200,
0000-0002-1694-6779,Georges Ayoub,Georges,Ayoub,,200,
0000-0002-1696-0503,zhi-wei tan,zhi-wei,tan,,200,
0000-0002-1696-5638,Mark A Corrales,Mark,Corrales,Mark A Corrales,200,
0000-0002-1696-6657,Francesco Villa,Francesco,Villa,,200,
0000-0002-1698-2024,Shilpy Bhullar,Shilpy,Bhullar,,200,
0000-0002-1701-6899,Maria N. Barrachina,Maria N.,Barrachina,,200,
0000-0002-1703-7526,Felipe Fregni,Felipe,Fregni,,200,
0000-0002-1704-7249,Sergio Gresse Júnior,Sergio,Gresse Júnior,Sergio Gresse Júnior,200,
0000-0002-1705-5310,Christopher Nardone,Christopher,Nardone,,200,
0000-0002-1706-310X,Sushma Venkata Mudigunda,Venkata Sushma,Mudigunda,Sushma Venkata Mudigunda,200,
0000-0002-1709-8230,Walter W. Chan,Walter,Chan,Walter W. Chan,200,
0000-0002-1716-7830,Geylani Can,Geylani,Can,,200,
0000-0002-1719-6586,Jennifer Gustafson,Jennifer,Gustafson,,200,
0000-0002-1722-7936,Steven  Rosefielde,Steven ,Rosefielde,,200,
0000-0002-1725-4942,Ling Chen,Ling,Chen,,200,
0000-0002-1725-5582,Daniel M Tremmel,Dan,Tremmel,Daniel M Tremmel,200,
0000-0002-1729-2359,Claudio Ribeiro,Claudio,Ribeiro,Claudio Ribeiro,200,
0000-0002-1732-3151,Carin-Isabel Knoop,Carin-Isabel,Knoop,,200,
0000-0002-1734-4710,Sarah Morgan,Sarah,Morgan,,200,
0000-0002-1735-2366,Fiammetta Straneo,Fiammetta,Straneo,,200,
0000-0002-1737-1532,Shahid Bashir,Shahid,Bashir,,200,
0000-0002-1739-0389,Hyung Suk Oh,Hyung Suk,Oh,,200,
0000-0002-1741-1995,Yvonne Li,Yvonne,Li,,200,
0000-0002-1741-4117,José Maria Zepeda Torres,José Maria,Zepeda Torres,,200,
0000-0002-1743-2040,Georgia Ning-Yuan Liu,Ning Yuan,Liu,Georgia Ning-Yuan Liu,200,
0000-0002-1743-4935,"Alban Longchamp, MD, PhD",Alban,"Longchamp, MD, PhD",,200,
0000-0002-1744-2601,Matthew N. Noe,Matthew,Noe,Matthew N. Noe,200,
0000-0002-1745-7037,Jisoo Hwang,Jisoo,Hwang,,200,
0000-0002-1746-4819,Alan Michelson,Alan,Michelson,,200,
0000-0002-1746-5790,Sahir Kalim,Sahir,Kalim,,200,
0000-0002-1748-7607,Christy Zheng,Christy,Zheng,,200,
0000-0002-1753-2009,Angel Goenawan,Angel,Goenawan,,200,
0000-0002-1755-1154,Armando Gomes,Armando,Gomes,,200,
0000-0002-1757-0582,Sorcha Ashe,Sorcha,Ashe,,200,
0000-0002-1759-5499,Gabriel Birrane,Gabriel,Birrane,,200,
0000-0002-1760-8827,Zengjie Zhang,Zengjie,Zhang,Zengjie Zhang,200,
0000-0002-1762-3816,Joong-Bae Lee,Joong-Bae,Lee,,200,
0000-0002-1764-2283,EMEKA NKORO,EMEKA,NKORO,,200,
0000-0002-1765-4890,Anna L Beukenhorst,Anna L,Beukenhorst,,200,
0000-0002-1767-1842,Kristin Palmer,Kristin,Palmer,,200,
0000-0002-1770-4675,Sandhya Kumar,Sandhya,Kumar,,200,
0000-0002-1770-5782,Tarek Jabri,Tarek,Jabri,,200,
0000-0002-1775-9377,Guan Yue Hong,Guan Yue,Hong,,200,
0000-0002-1776-7430,Marlena Wilson,Marlena,Wilson,,200,
0000-0002-1777-5158,Kathryn Post,Kathryn,Post,,200,
0000-0002-1778-6906,Zhaoyu Han,Zhaoyu,Han,,200,
0000-0002-1779-106X,Pamela Keay,Pamela,Keay,,200,
0000-0002-1779-1166,Daniel O'Neil,Daniel,O'Neil,,200,
0000-0002-1779-8907,Nicholas Polizzi,Nicholas,Polizzi,,200,
0000-0002-1782-1345,Katharina Tabea Jungo,Katharina,Jungo,Katharina Tabea Jungo,200,
0000-0002-1785-1202,Margarida Mascarenhas,Ana Margarida,Duarte Mascarenhas,Margarida Mascarenhas,200,
0000-0002-1786-9437,Bailey Willett,Bailey,Willett,,200,
0000-0002-1787-5116,Valay Patel,Valay,Patel,,200,
0000-0002-1791-0161,Simon van Haren,Simon,van Haren,,200,
0000-0002-1792-247X,Stephanie Pei Tung Yiu,Stephanie Pei Tung,Yiu,,200,
0000-0002-1795-3575,Hamed Almohammadi,Hamed,Almohammadi,,200,
0000-0002-1796-7977,Juan Gago,Juan,Gago,,200,
0000-0002-1800-5112,Paul A Clemons,Paul,Clemons,Paul A Clemons,200,
0000-0002-1801-043X,David Gow,David,Gow,,200,
0000-0002-1801-6399,Charles  Berde,Charles ,Berde,,200,
0000-0002-1804-6811,Elif Engin,Elif,Engin,,200,
0000-0002-1804-8542,Mafalda Dias,Mafalda,Dias,,200,
0000-0002-1805-1020,Ava Kikut-Stein,Ava,Kikut-Stein,Ava Kikut-Stein,200,
0000-0002-1807-5444,Anshu Shroff,Anshu,Shroff,,200,
0000-0002-1809-8451,Olumide Fagboyegun,Olumide,Fagboyegun,,200,
0000-0002-1810-3708,James Perrin,James,Perrin,,200,
0000-0002-1815-6981,Brian Leahy,Brian,Leahy,,200,
0000-0002-1818-1714,Paolo Bonato,Paolo,Bonato,,200,
0000-0002-1819-0055,Abdelsalam  Ahmed,Abdelsalam ,Ahmed,,200,
0000-0002-1820-9430,Beatrice Hoffmann,Beatrice,Hoffmann,,200,
0000-0002-1822-1173,Edward Huttlin,Edward,Huttlin,,200,
0000-0002-1826-9556,Joyce O'Connell,Joyce,O'Connell,,200,
0000-0002-1829-6511,Wesley B. Fabyan,Wesley,Fabyan,Wesley B. Fabyan,200,
0000-0002-1831-6471,Maura Varley Gutierrez,Maura,Varley Gutierrez,,200,
0000-0002-1832-747X,Kevin C Felt,Kevin,Felt,Kevin C Felt,200,
0000-0002-1834-4368,Stanislav Lazopulo,Stanislav,Lazopulo,,200,
0000-0002-1835-1031,Barry Honig,Barry,Honig,,200,
0000-0002-1837-5578,Araújo HV,Helena Varela,Araújo,Araújo HV,200,
0000-0002-1840-835X,Kristen Cummings,Kristen,Cummings,,200,
0000-0002-1842-9126,Marina Barba-Aliaga,Marina,Barba-Aliaga,,200,
0000-0002-1843-227X,Chloe Jordan,Chloe,Jordan,,200,
0000-0002-1847-9211,Shahin Saberi,Shahin,Saberi,,200,
0000-0002-1849-4876,Crystal Guo,Crystal,Guo,,200,
0000-0002-1849-8930,DR PRASAD BEGDE,DR PRASAD,BEGDE,,200,
0000-0002-1850-4253,Patrick Wallisch,Patrick,Wallisch,,200,
0000-0002-1855-1586,Edward C. Twomey,Edward,Twomey,Edward C. Twomey,200,
0000-0002-1856-2293,Michaela B. Swee,Michaela,Swee,Michaela B. Swee,200,
0000-0002-1857-7874,Peter M. Higgins,Peter M.,Higgins,,200,
0000-0002-1858-4513,Emma Spady,Emma,Spady,,200,
0000-0002-1861-7055,Ruth B. McCole,Ruth,McCole,Ruth B. McCole,200,
0000-0002-1863-359X,Dr. Abha Gupta,Abha,Gupta,Dr. Abha Gupta,200,
0000-0002-1863-5296,Chandan Lodha,Chandan,Lodha,,200,
0000-0002-1866-9189,Amy Bittler,Amy,Bittler,,200,
0000-0002-1869-8764,Joel Salvador Herrera,Joel Salvador,Herrera,,200,
0000-0002-1870-1572,Chinyere Umoga,Chinyere,Umoga,,200,
0000-0002-1871-4234,Maithili Joshi,Maithili,Joshi,Maithili Joshi,200,
0000-0002-1871-8526,gregory sholette,gregory,sholette,,200,
0000-0002-1873-6396,Elizabeth Roux,Elizabeth,Roux,,200,
0000-0002-1873-7516,Talita Honorato- Rzeszewicz,Talita,Honorato- Rzeszewicz,,200,
0000-0002-1874-7300,HENRY O'LAWRENCE,HENRY,O'LAWRENCE,,200,
0000-0002-1875-8165,mattia angeli,mattia,angeli,,200,
0000-0002-1876-8793,J. Bradley Segal,J. Bradley,Segal,,200,
0000-0002-1879-9266,Anu Anwar,Anu,Anwar,,200,
0000-0002-1881-7065,Katharina Hoebel,Katharina,Hoebel,,200,
0000-0002-1882-3019,Javaid Ahmed,Javaid,Ahmed,Javaid Ahmed,200,
0000-0002-1889-1206,Hee Su Sohn,Hee Su,Sohn,,200,
0000-0002-1890-808X,Quentin Denis Malé,Quentin,Malé,Quentin Denis Malé,200,
0000-0002-1891-4252,Kate Abramowitz,Kate,Abramowitz,,200,
0000-0002-1891-9993,Markus Haacker,Markus,Haacker,,200,
0000-0002-1892-0265,Hamid Farrokhi,Hamid,Farrokhi,,200,
0000-0002-1892-8742,Ava Carter,Ava,Carter,,200,
0000-0002-1895-254X,Mustafa Basaran,Mustafa,Basaran,,200,
0000-0002-1897-0983,Diego  Lombardo,Diego ,Lombardo,,200,
0000-0002-1898-1148,Bo Li,Bo,Li,,200,
0000-0002-1899-8599,Adria Razzauti,Adrià,Razzauti Sanfeliu,Adria Razzauti,200,
0000-0002-1901-8265,Soumya Raychaudhuri,Soumya,Raychaudhuri,,200,
0000-0002-1901-8628,Benjamin Peterson,Benjamin,Peterson,,200,
0000-0002-1902-9095,Sung Eun Kim,Sung Eun,Kim,Sung Eun Kim,200,
0000-0002-1903-090X,Shuang Song,Shuang,Song,,200,
0000-0002-1903-7773,Natalia Ordonez,Natalia,Ordonez,,200,
0000-0002-1904-3161,Fredric Schiffer,Fredric,Schiffer,,200,
0000-0002-1906-6611,Hong Chen,Hong,Chen,,200,
0000-0002-1907-4400,Chang Hyung Lee,Chang Hyung,Lee,,200,
0000-0002-1907-6676,Houcine Ben Dali,Houcine,Ben Dali,,200,
0000-0002-1908-7949,Aaron T. Kuan,Aaron,Kuan,Aaron T. Kuan,200,
0000-0002-1908-916X,Natalie Triedman,Natalie,Triedman,,200,
0000-0002-1909-1470,ayobami akenroye,ayobami,akenroye,,200,
0000-0002-1909-6167,Ritwik Bhaduri,Ritwik,Bhaduri,,200,
0000-0002-1909-9341,Dian Kusuma,Dian,Kusuma,,200,
0000-0002-1910-3179,Mariyah Hidayat,Mariyah,Hidayat,Mariyah Hidayat,200,
0000-0002-1910-3427,Keiji Tanaka,Keiji,Tanaka,,200,
0000-0002-1912-7752,Tanoy Dutta,Tanoy,Dutta,,200,
0000-0002-1917-0048,Jonathan P Bonnet,Jonathan,Bonnet,Jonathan P Bonnet,200,
0000-0002-1917-8736,Xueyuan Cui,Xueyuan,Cui,,200,
0000-0002-1918-3463,Blake Alexander Simmons,Blake,Simmons,Blake Alexander Simmons,200,
0000-0002-1919-0268,osama hamdy,osama,hamdy,,200,
0000-0002-1919-0612,Debmalya Sarkar,Debmalya,Sarkar,,200,
0000-0002-1919-2730,Ramesh Narayan,Ramesh,Narayan,Ramesh Narayan,200,
0000-0002-1922-6662,"Harris, NS",N. Stuart,Harris,"Harris, NS",200,
0000-0002-1925-3177,Craig White,Craig,White,,200,
0000-0002-1927-260X,Michael Ehrmann,Michael,Ehrmann,,200,
0000-0002-1927-6512,P. Mangala C.S. De Silva,P. Mangala C.S.,De Silva,,200,
0000-0002-1930-2856,JinShan Yuan,JinShan,Yuan,,200,
0000-0002-1931-1533,Lily An,Lily,An,,200,
0000-0002-1931-5198,Benjamin Wolf,Benjamin,Wolf,,200,
0000-0002-1931-5673,David Palmer,David,Palmer,,200,
0000-0002-1932-6559,Hassan Khalil,Hassan,Khalil,,200,
0000-0002-1935-7515,Ellen M. Greytak,Ellen,Greytak,Ellen M. Greytak,200,
0000-0002-1935-8913,Marc-André Verner,Marc-André,Verner,,200,
0000-0002-1941-5957,ISMAIL SYED,ISMAIL,SYED,,200,
0000-0002-1945-4630,Avinash Moorthy,Avinash,Moorthy,,200,
0000-0002-1946-2366,Dmitry Gil,Dmitry,Gil,,200,
0000-0002-1946-8012,Yaron Meirovitch,Yaron,Meirovitch,Yaron Meirovitch,200,
0000-0002-1946-9023,Nathan Cook,Nathan,Cook,,200,
0000-0002-1947-4818,Maria A Vicent,Maria Alejandra,Vicent Allende,Maria A Vicent,200,
0000-0002-1948-010X,Olubusola Olukoya,Olubusola,Olukoya,,200,
0000-0002-1949-7139,Mark Patterson,Mark,Patterson,,200,
0000-0002-1950-0844,Galiè (née: Schöppe),Franziska,Galiè,Galiè (née: Schöppe),200,
0000-0002-1950-9179,Patrick J. Lenehan,Patrick,Lenehan,Patrick J. Lenehan,200,
0000-0002-1951-5886,Juncheng Xu,Juncheng,Xu,,200,
0000-0002-1951-6061,Stephanie ACKER,Stephanie,ACKER,,200,
0000-0002-1954-5655,Rohini Singh,Rohini,Singh,,200,
0000-0002-1954-9875,Sung Eun Kim,Sung Eun,Kim,,200,
0000-0002-1957-1896,Yuichi Motai,Yuichi,Motai,,200,
0000-0002-1960-8177,Jakob Hartmann,Jakob,Hartmann,,200,
0000-0002-1960-8986,Rebecca Lubin,Rebecca,Lubin,,200,
0000-0002-1962-8653,Thomas Malaby,Thomas,Malaby,,200,
0000-0002-1966-3942,Robert Kirshner,Robert,Kirshner,,200,
0000-0002-1966-6000,Alessandro Villa,Alessandro,Villa,,200,
0000-0002-1966-892X,Slater L. Clay,Slater L.,Clay,,200,
0000-0002-1971-0323,Eve Darian-Smith,Eve,Darian-Smith,,200,
0000-0002-1971-3524,Diogo M Camacho,Diogo,Camacho,Diogo M Camacho,200,
0000-0002-1971-6426,Leyna Shackleton,Leyna,Shackleton,Leyna Shackleton,200,
0000-0002-1971-8923,Malcolm Campbell,Malcolm,Campbell,,200,
0000-0002-1973-2653,Nathan Felt,Nathan,Felt,,200,
0000-0002-1977-962X,Linda Tomasso,Linda,Tomasso,,200,
0000-0002-1979-0036,Samira Escopy,Samira,Escopy,,200,
0000-0002-1979-0335,Chun Yang,Chun,Yang,,200,
0000-0002-1979-5400,Pietro De Placido,Pietro,De Placido,,200,
0000-0002-1979-9575,Allah Nawaz,Allah,Nawaz,,200,
0000-0002-1982-7281,Vladimir Denic,Vladimir,Denic,,200,
0000-0002-1983-1301,Raymond Dattwyler,Raymond,Dattwyler,,200,
0000-0002-1984-206X,Young K. Kim,Young K.,Kim,,200,
0000-0002-1984-7020,Joon-Hyuk Lee,Joon-Hyuk,Lee,,200,
0000-0002-1986-105X,Austin Lin Yee,Austin,Lin Yee,Austin Lin Yee,200,
0000-0002-1989-7087,Timothy K. Chue,Timothy,Chue,Timothy K. Chue,200,
0000-0002-1991-879X,Hope Merens,Hope,Merens,,200,
0000-0002-1991-9071,Carlos J. Zelada,Carlos,Zelada,Carlos J. Zelada,200,
0000-0002-1996-3865,Praveen Jha,Praveen,Jha,,200,
0000-0002-1999-6843,Tanya Talkar,Tanya,Talkar,,200,
0000-0002-2000-8531,Stefan Niekamp,Stefan,Niekamp,,200,
0000-0002-2008-8041,William Coon,William,Coon,,200,
0000-0002-2010-4187,Eric Keto,Eric,Keto,,200,
0000-0002-2014-7582,Frank A.J.L. Scheer,Frank,Scheer,Frank A.J.L. Scheer,200,
0000-0002-2015-3499,Gary Skeete,Gary,Skeete,,200,
0000-0002-2017-3668,Hai Bi,Hai,Bi,,200,
0000-0002-2017-5970,Martin Whyte,Martin,Whyte,,200,
0000-0002-2021-2938,Kristine Oleinika,Kristine,Oleinika,,200,
0000-0002-2022-5069,Omar Samir,Omar,Samir,Omar Samir,200,
0000-0002-2023-1928,Aref G. Ebrahimi,Aref,Ebrahimi,Aref G. Ebrahimi,200,
0000-0002-2023-3173,Nur Hani Zainal,Nur Hani,Zainal,Nur Hani Zainal,200,
0000-0002-2026-5992,Fernando A Seixas,Fernando,Seixas,Fernando A Seixas,200,
0000-0002-2028-1458,Onder Albayram,Onder,Albayram,,200,
0000-0002-2028-8860,Qijia Zhou,Qijia,Zhou,,200,
0000-0002-2032-0496,Tobias Elze,Tobias,Elze,,200,
0000-0002-2032-1704,Manuel A. Navia,Manuel,Navia,Manuel A. Navia,200,
0000-0002-2032-4286,Susan A Murphy,Susan A,Murphy,,200,
0000-0002-2033-5321,Carol da Silva,Carol,da Silva,,200,
0000-0002-2034-4842,Remco Oostendorp,Remco,Oostendorp,,200,
0000-0002-2042-3882,Mariana Susana Hernández-Leal,Mariana Susana,Hernández-Leal,,200,
0000-0002-2042-4885,Donald Hamel,Donald,Hamel,,200,
0000-0002-2043-7838,Raymond Moellering,Raymond,Moellering,,200,
0000-0002-2046-0341,Bryan Davies,Bryan,Davies,,200,
0000-0002-2047-206X,Jun E. Yin,Jun,Yin,Jun E. Yin,200,
0000-0002-2048-9080,Kip Connor,Kip,Connor,,200,
0000-0002-2051-686X,Yeon-jung Ji,Yeon-jung,Ji,,200,
0000-0002-2053-4291,Gerard Quinn,Gerard,Quinn,,200,
0000-0002-2057-1332,Amita Sekar,Amita,Sekar,,200,
0000-0002-2057-7021,zhiguan huang,zhiguan,huang,,200,
0000-0002-2061-243X,Eliana Marostica,Eliana,Marostica,,200,
0000-0002-2061-4224,Lin Wang,Lin,Wang,,200,
0000-0002-2062-131X,H. Vincent Poor,H. Vincent,Poor,,200,
0000-0002-2062-8407,Chelcie Juliet Rowell,Chelcie,Rowell,Chelcie Juliet Rowell,200,
0000-0002-2063-4401,Gerhard Wagner,Gerhard,Wagner,,200,
0000-0002-2064-3711,Steven Hoffman,Steven,Hoffman,,200,
0000-0002-2065-4760,Theresa Oei,Theresa,Oei,,200,
0000-0002-2068-7263,Barry Bloom,Barry,Bloom,,200,
0000-0002-2069-0120,Markus Alexander Brown,Markus Alexander,Brown,,200,
0000-0002-2073-092X,Isabel H Gonzalez-Bocco,Isabel H,Gonzalez-Bocco,,200,
0000-0002-2073-6109,Lenny Dang,Lenny,Dang,,200,
0000-0002-2074-3456,Elizabeth Perez,Elizabeth,Perez,,200,
0000-0002-2075-1448,Richard Howells,Richard,Howells,Richard Howells,200,
0000-0002-2076-6068,Andrea Schwartz,Andrea,Schwartz,,200,
0000-0002-2076-6818,Artur Indzhykulian,Artur,Indzhykulian,,200,
0000-0002-2081-0727,Yuhan Jiang,Yuhan,Jiang,,200,
0000-0002-2081-3709,YiDing Yu,YiDing,Yu,,200,
0000-0002-2083-7436,Colby Banbury,Colby,Banbury,,200,
0000-0002-2084-269X,Elena Rivas,Elena,Rivas,,200,
0000-0002-2086-0150,David Lee,David,Lee,,200,
0000-0002-2088-2253,Rohin Gawdi,Rohin,Gawdi,,200,
0000-0002-2090-2381,Xiaoyuan Zhang,Xiaoyuan,Zhang,,200,
0000-0002-2091-4606,Dmitry Titkov,Dmitry,Titkov,,200,
0000-0002-2102-0858,Jason Biundo,Jason,Biundo,,200,
0000-0002-2103-5873,"Carlo Domingo Casinto, Ph.D., FHEA",Carlo Domingo,"Casinto, Ph.D., FHEA",,200,
0000-0002-2104-0664,John Benson,John,Benson,,200,
0000-0002-2106-4973,Will Brink,Will,Brink,,200,
0000-0002-2106-5159,Subramani Rajkumar,Rajkumar,Subramani,Subramani Rajkumar,200,
0000-0002-2107-6093,Anthony Ryan Shannon,Anthony Ryan,Shannon,Anthony Ryan Shannon,200,
0000-0002-2109-016X,Emma West,Emma,West,,200,
0000-0002-2110-3274,Timothy Troppoli,Timothy,Troppoli,,200,
0000-0002-2110-9174,Philippe Noël,Philippe,Noël,,200,
0000-0002-2115-5031,Xin Li,Xin,Li,,200,
0000-0002-2116-4544,Alex Chan,Alex,Chan,,200,
0000-0002-2116-5985,Judy C Kim,Judy C,Kim,,200,
0000-0002-2119-1841,Neng-Chun Chiu,Neng-Chun,Chiu,,200,
0000-0002-2120-4788,Samuel Wolock,Samuel,Wolock,,200,
0000-0002-2120-9829,Frederick Bieber,Frederick,Bieber,,200,
0000-0002-2122-2003,Hugo Aerts,Hugo,Aerts,,200,
0000-0002-2123-1989,Yuwen Hung,Iris (Yuwen),Hung,Yuwen Hung,200,
0000-0002-2125-2704,Ahmed Tareq Abdulrazzaq,AHMED,TAREQ,Ahmed Tareq Abdulrazzaq,200,
0000-0002-2126-8159,Bochao Zou,Bochao,Zou,,200,
0000-0002-2126-8634,Mansi Srivastava,Mansi,Srivastava,,200,
0000-0002-2128-9232,Wenyu Gao,Wenyu,Gao,,200,
0000-0002-2129-4656,Mark Jordan,Mark,Jordan,,200,
0000-0002-2129-4891,Lubna Al-Sharif,Lubna,Al-Sharif,Lubna Al-Sharif,200,
0000-0002-2131-9825,Tiago A. E. Ferreria,Tiago A. E.,Ferreira,Tiago A. E. Ferreria,200,
0000-0002-2136-9224,Khansa Ben Tarjem,Khansa,Ben Tarjem,,200,
0000-0002-2139-9685,Leonard Schrage,Leonard,Schrage,,200,
0000-0002-2140-814X,Chintan Parmar,Chintan,Parmar,,200,
0000-0002-2142-7324,Rina Zelmann,Rina,Zelmann,,200,
0000-0002-2143-8023,Dana E. Wright,Dana,Wright,Dana E. Wright,200,
0000-0002-2144-9961,Nikhil Chari,Nikhil,Chari,,200,
0000-0002-2146-2955,kari nadeau,kari,nadeau,,200,
0000-0002-2150-8642,Patrice Torcivia Prusko,Patrice,Torcivia Prusko,,200,
0000-0002-2152-5725,Jose A. Canseco,Jose,Canseco,Jose A. Canseco,200,
0000-0002-2155-1050,Kellie Machlus,Kellie,Machlus,,200,
0000-0002-2155-6273,Ryan Huang,Ryan,Huang,,200,
0000-0002-2156-0483,Jia Zhou,Jia,Zhou,,200,
0000-0002-2158-8507,Jinoh Lee,Jinoh,Lee,,200,
0000-0002-2160-2196,VINAY KARTHA,VINAY,KARTHA,,200,
0000-0002-2160-583X,Kate Bowers,Kate,Bowers,Kate Bowers,200,
0000-0002-2162-0722,Po-Ta Chen,Po-Ta,Chen,,200,
0000-0002-2165-7832,Amirhassan Shams-Ansari,Amirhassan,Shams-Ansari,,200,
0000-0002-2166-0521,Adam B. Landman,Adam,Landman,Adam B. Landman,200,
0000-0002-2166-3140,Nick Brown,Nick,Brown,,200,
0000-0002-2167-1140,Miguel Quintana-Navarrete,Miguel,Quintana-Navarrete,,200,
0000-0002-2171-004X,Cortino Sukotjo,Cortino,Sukotjo,,200,
0000-0002-2171-8826,Hao Li,Hao,Li,,200,
0000-0002-2172-5786,Kevin Sitek,Kevin,Sitek,,200,
0000-0002-2173-0083,Scott Freeburg,Scott,Freeburg,,200,
0000-0002-2173-4201,Xin Liu,Xin,Liu,,200,
0000-0002-2175-6611,Sergej Prijic,Sergej,Prijic,,200,
0000-0002-2175-6670,Fei Liu,Fei,Liu,,200,
0000-0002-2177-9426,Brett Campbell,Brett,Campbell,,200,
0000-0002-2177-9741,Stephen Liberles,Stephen,Liberles,,200,
0000-0002-2182-3431,Diego Rodriguez,Diego,Rodriguez,Diego Rodriguez,200,
0000-0002-2182-4434,Margaret Irwin,Margaret,Irwin,,200,
0000-0002-2183-7171,Abhinav Ghosh,Abhinav,Ghosh,,200,
0000-0002-2184-8014,Francisco Javier Garrido,Francisco Javier,Garrido,,200,
0000-0002-2186-9595,Norbert Stefan,Norbert,Stefan,,200,
0000-0002-2187-0801,Thanh Barbie,Thanh,Barbie,,200,
0000-0002-2189-8767,Jeremy Choin,Jeremy,Choin,,200,
0000-0002-2192-5382,Mason T. Dacus,Mason,Dacus,Mason T. Dacus,200,
0000-0002-2193-3673,Emerson Morgan,Emerson Albert,Morgan,Emerson Morgan,200,
0000-0002-2195-233X,R. Lesthaeghe,Ron,Lesthaeghe,R. Lesthaeghe,200,
0000-0002-2195-5469,Daniel Ho,Daniel,Ho,,200,
0000-0002-2195-5776,Yang Jiang,Yang,Jiang,,200,
0000-0002-2198-0736,Prof. Chukwuemeka Chucks Agbakwuru,Prof. Chukwuemeka Chucks,Agbakwuru,,200,
0000-0002-2200-2029,Yohannes  Gemechu,Yohannes ,Gemechu,,200,
0000-0002-2200-6281,Meghan J. Ryan,Meghan J.,Ryan,,200,
0000-0002-2200-8287,Mariusz Pawlak,Mariusz,Pawlak,,200,
0000-0002-2202-3401,Christina M. Boulineaux,Christina M.,Boulineaux,,200,
0000-0002-2204-8174,Caroline Anitha Devadason,Caroline,Devadason,Caroline Anitha Devadason,200,
0000-0002-2205-0522,Arévalo-Ipanaqué JM.,JANET MERCEDES,ARÉVALO IPANAQUÉ,Arévalo-Ipanaqué JM.,200,
0000-0002-2208-4001,Xena Al Qahtani,Xena,Al Qahtani,,200,
0000-0002-2208-8475,Rashid Jamil Javanshir,Rashid Jamil,Javanshir,,200,
0000-0002-2208-9945,Aditi Mukherjee,Aditi,Mukherjee,,200,
0000-0002-2211-8611,Eduardo Maury,Eduardo,Maury,,200,
0000-0002-2215-9931,Issa J. Dahabreh,Issa,Dahabreh,Issa J. Dahabreh,200,
0000-0002-2217-6408,Gong Cheng,Gong,Cheng,,200,
0000-0002-2219-2221,Aleksandar Matovski,Aleksandar,Matovski,,200,
0000-0002-2221-7388,JOSE MONTEALEGRE,JOSE,MONTEALEGRE,,200,
0000-0002-2223-1657,Nancy Rigotti,Nancy,Rigotti,,200,
0000-0002-2225-6942,Ravi Kumar Dutta,Ravi Kumar,Dutta,,200,
0000-0002-2225-8841,Sahil Moza,Sahil,Moza,,200,
0000-0002-2225-9115,Samantha Rosman,Samantha,Rosman,,200,
0000-0002-2228-4740,Russell Charif,Russell,Charif,,200,
0000-0002-2230-1774,Seohyun Kim,Seohyun,Kim,,200,
0000-0002-2232-145X,Daniel Lord Smail,Daniel Lord,Smail,Daniel Lord Smail,200,
0000-0002-2232-5813,Kidist Ashami,Kidist,Ashami,,200,
0000-0002-2233-6926,Bernd Resch,Bernd,Resch,,200,
0000-0002-2234-693X,lei fei-fei,lei,fei-fei,,200,
0000-0002-2235-3275,I-Te Chu,I-Te,Chu,,200,
0000-0002-2237-6645,Marie Hollenhorst,Marie,Hollenhorst,,200,
0000-0002-2240-3893,Karen Christensen,Karen,Christensen,,200,
0000-0002-2243-7903,Hushan Yuan,Hushan,Yuan,,200,
0000-0002-2243-9984,Maria Milagros Pereira Luppi,Maria Milagros,Pereira Luppi,,200,
0000-0002-2246-2471,Buse Demir,Buse,Demir,,200,
0000-0002-2247-0201,Benjamin Fifield,Benjamin,Fifield,,200,
0000-0002-2250-730X,Catherine Zucker,Catherine,Zucker,,200,
0000-0002-2252-2147,Luba Perry,Luba,Perry,,200,
0000-0002-2253-9061,Carlos Alberto Faerron Guzman,Carlos Alberto,Faerron Guzman,,200,
0000-0002-2258-7493,Christopher D. Golden,Christopher D.,Golden,Christopher D. Golden,200,
0000-0002-2261-034X,Jacob Nearing,Jacob,Nearing,,200,
0000-0002-2262-5867,Benjamin Greenberger,Benjamin,Greenberger,,200,
0000-0002-2263-3592,Rolnik DL,Daniel Lorber,Rolnik,Rolnik DL,200,
0000-0002-2263-4317,Fabian Romano-Chernac,Fabian,Romano-Chernac,,200,
0000-0002-2264-1015,Colleen Golja,Colleen,Golja,,200,
0000-0002-2269-5603,Michael Napolitano,Michael,Napolitano,,200,
0000-0002-2270-2981,Sarah F. Eby,Sarah,Eby,Sarah F. Eby,200,
0000-0002-2271-945X,William Mallard,William,Mallard,,200,
0000-0002-2278-5326,Ming-Chieh Ding,Ming-Chieh,Ding,,200,
0000-0002-2278-8201,William Ge,William,Ge,,200,
0000-0002-2279-2753,Diego Lopez Gutierrez,Diego,Lopez Gutierrez,,200,
0000-0002-2279-8848,Vishaal Krishnan,Vishaal,Krishnan,,200,
0000-0002-2280-6297,Ace George Santiago,Ace George,Santiago,,200,
0000-0002-2286-1448,Erin Stringfellow,Erin,Stringfellow,,200,
0000-0002-2288-6602,Timothy J. O'Brien,Timothy,O'Brien,Timothy J. O'Brien,200,
0000-0002-2290-4436,Hooman Mirzakhani,Hooman,Mirzakhani,,200,
0000-0002-2292-7320,Youngjune Gwon,Youngjune,Gwon,,200,
0000-0002-2293-3392,Magda Feres,Magda,Feres,,200,
0000-0002-2293-8070,Edgar Garcia Saiz,Edgar,Garcia Saiz,,200,
0000-0002-2293-8118,Todd Mooring,Todd,Mooring,,200,
0000-0002-2296-9985,Mohammadreza Movahhedi,Mohammadreza,Movahhedi,,200,
0000-0002-2297-9614,Steven J. Atlas,Steven,Atlas,Steven J. Atlas,200,
0000-0002-2298-5336,Megan E. Solan,Megan,Solan,Megan E. Solan,200,
0000-0002-2300-0519,Masahiko Furuya,Masahiko,Furuya,,200,
0000-0002-2305-7873,Jarrel Seah,Jarrel,Seah,,200,
0000-0002-2308-3967,Sarah Cook,Sarah,Cook,,200,
0000-0002-2310-0149,Logan Beyer,Logan,Beyer,,200,
0000-0002-2311-2174,Ingrid E Scheffer,Ingrid Eileen,Scheffer,Ingrid E Scheffer,200,
0000-0002-2313-623X,Jean-Philippe DEDIEU,Jean-Philippe,DEDIEU,,200,
0000-0002-2316-7730,Alexander M J Hall,Alex,Hall,Alexander M J Hall,200,
0000-0002-2319-0818,Ozge Karanfil,Özge,Karanfil,Ozge Karanfil,200,
0000-0002-2321-5085,Kexian Zhu,Kexian,Zhu,,200,
0000-0002-2323-3873,Joanna Laursen Brucker,Joanna Laursen,Brucker,,200,
0000-0002-2324-5292,Tycho E.T. Mevissen,Tycho E.T.,Mevissen,,200,
0000-0002-2324-701X,Richard Knecht,Richard,Knecht,,200,
0000-0002-2326-1030,Kyeong-Yoon Baek,Kyeong-Yoon,Baek,,200,
0000-0002-2333-4527,Tamara Sumarac,Tamara,Sumarac,,200,
0000-0002-2335-5598,Anna Jaffe,Anna,Jaffe,,200,
0000-0002-2335-6873,Jonnell Small,Jonnell,Small,,200,
0000-0002-2336-2958,Takara Stanley,Takara,Stanley,,200,
0000-0002-2336-6182,Yihe Chen,Yihe,Chen,,200,
0000-0002-2337-9290,Kiah Hardcastle,Kiah,Hardcastle,,200,
0000-0002-2338-214X,Gregorio Ponti,Gregorio,Ponti,,200,
0000-0002-2339-5506,Alicia  Agyemang-Sarpong,Alicia ,Agyemang-Sarpong,,200,
0000-0002-2341-8472,Kevin Dong,Kevin,Dong,,200,
0000-0002-2343-3074,Yaren Ulu,Yaren,Ulu,,200,
0000-0002-2350-0193,Marcela Larissa Costa,Marcela,Larissa Costa,,200,
0000-0002-2350-2527,Yuan Fang,Yuan,Fang,,200,
0000-0002-2355-8491,Debraj Ghose,Debraj,Ghose,,200,
0000-0002-2356-1279,Amit Solanki,Amit,Solanki,,200,
0000-0002-2359-1945,Jean Serrano,Jean,Serrano,,200,
0000-0002-2359-4943,Anita Moskowitz,Anita,Moskowitz,,200,
0000-0002-2359-6252,Ayon Ibrahim,Ayon,Ibrahim,,200,
0000-0002-2362-2940,Jintai Lin,Jintai,Lin,,200,
0000-0002-2363-8029,Aya Takai,Aya,Takai,,200,
0000-0002-2364-2482,WEN-SHUO KUO,WEN-SHUO,KUO,,200,
0000-0002-2364-9510,Michael Dworkin,Michael,Dworkin,,200,
0000-0002-2366-9343,Tal Scully,Tal,Scully,,200,
0000-0002-2366-9538,Carla Kim,Carla,Kim,,200,
0000-0002-2370-9819,Javier Ganz,Javier,Ganz,,200,
0000-0002-2371-2161,Jose Carlos Fernandez Salas,Jose Carlos,Fernandez Salas,,200,
0000-0002-2371-9427,Eric Hagsater,Eric,Hagsater,,200,
0000-0002-2373-7481,Charles Zucker,Charles,Zucker,,200,
0000-0002-2375-8485,Leigh Simmons,Leigh,Simmons,,200,
0000-0002-2376-6995,Federica Barone,Federica,Barone,,200,
0000-0002-2379-2018,Keith A. Brown,Keith,Brown,Keith A. Brown,200,
0000-0002-2379-2229,Claudio Fuentes,Claudio,Fuentes,,200,
0000-0002-2388-5425,Sneh M Toprani,Sneh M,Toprani,,200,
0000-0002-2389-249X,Yechaan Joo,Yechaan (Eric),Joo,Yechaan Joo,200,
0000-0002-2390-3320,Matthew Yuyun,Matthew,Yuyun,,200,
0000-0002-2390-813X,Sara Bates,Sara,Bates,,200,
0000-0002-2392-0630,Yuhui Huang,Yuhui,Huang,,200,
0000-0002-2392-253X,Miles Batty,Miles,Batty,,200,
0000-0002-2392-7365,Rachel Rosovsky,Rachel,Rosovsky,,200,
0000-0002-2393-9518,Shuhui Wang,Shuhui,Wang,,200,
0000-0002-2397-7063,Amber Normann,Amber,Normann,,200,
0000-0002-2398-0131,Fernando Fernandez-Monge,Fernando,Fernandez-Monge,,200,
0000-0002-2400-3121,Alvin Luk,Alvin,Luk,,200,
0000-0002-2400-348X,DHARMA CORTES,DHARMA,CORTES,,200,
0000-0002-2403-2221,Michael J. Steinbaugh,Michael,Steinbaugh,Michael J. Steinbaugh,200,
0000-0002-2404-1806,Kerim Munir,Kerim,Munir,,200,
0000-0002-2404-2585,Qi Wang,Qi,Wang,,200,
0000-0002-2405-2070,Dmitriy Atochin,Dmitriy,Atochin,,200,
0000-0002-2405-7410,MASSIMO MORELLI,MASSIMO,MORELLI,,200,
0000-0002-2407-0631,Anu Shah,Anu,Shah,,200,
0000-0002-2409-0181,Talley Lambert,Talley,Lambert,,200,
0000-0002-2411-0621,Alton Gayton,Alton,Gayton,,200,
0000-0002-2411-1333,Marcos Riojas,Marcos,Riojas,,200,
0000-0002-2413-5933,Angela Stegmuller,Angela,Stegmuller,,200,
0000-0002-2418-0806,Janaína de Oliveira e Castro,Janaína,de Oliveira e Castro,,200,
0000-0002-2425-3809,Zhan Hu,Zhan,Hu,,200,
0000-0002-2427-4239,R John Collier,R John,Collier,,200,
0000-0002-2427-647X,Narender Kumar,Narender,Kumar,,200,
0000-0002-2428-5835,Stephen Powell,Stephen,Powell,,200,
0000-0002-2431-0252,Pan Yang,Pan,Yang,,200,
0000-0002-2431-9505,Ana Pereira,Ana,Pereira,,200,
0000-0002-2432-7070,Subir Sachdev,Subir,Sachdev,,200,
0000-0002-2433-5556,Pak Shing Cheung,Pak Shing,Cheung,,200,
0000-0002-2434-3345,Pedro De-la-Torre,Pedro,De-la-Torre,,200,
0000-0002-2438-6716,Bobby Brooke Herrera,Bobby Brooke,Herrera,,200,
0000-0002-2438-7508,Elisabetta Furlanis,Elisabetta,Furlanis,,200,
0000-0002-2439-6519,Lauren Breithaupt,Lauren,Breithaupt,,200,
0000-0002-2440-1998,Lori Newman,Lori,Newman,,200,
0000-0002-2441-0624,levent ertugrul INAN,levent ertugrul,INAN,,200,
0000-0002-2442-652X,M Anayali Estudillo-Guerra,Maria Anayali,Estudillo-Guerra,M Anayali Estudillo-Guerra,200,
0000-0002-2443-1011,Cong Zhang,Cong,Zhang,,200,
0000-0002-2443-1943,Hajnalka Kovacs,Hajnalka,Kovacs,,200,
0000-0002-2443-6592,Yang Zhao,Yang,Zhao,,200,
0000-0002-2444-7486,Lennart Schürmann,Lennart,Schürmann,,200,
0000-0002-2445-0845,Chuang Liu,Chuang,Liu,,200,
0000-0002-2445-3202,Gerald P. Koocher,Gerald,Koocher,Gerald P. Koocher,200,
0000-0002-2446-3339,Rebecka Sepela,Rebecka,Sepela,,200,
0000-0002-2447-605X,Kayla Roche,Kayla,Roche,,200,
0000-0002-2448-0294,Fernando Barbosa,Fernando,Barbosa,,200,
0000-0002-2449-0548,Daisuke Kato,Daisuke,Kato,,200,
0000-0002-2449-7280,Zahra Al-Ahmed,Zahra,Al-Ahmed,,200,
0000-0002-2450-521X,Yangzhong Qin,Yangzhong,Qin,,200,
0000-0002-2451-3041,Miguel Angel Vargas Cruz,Miguel Angel,Vargas Cruz,,200,
0000-0002-2456-4834,Michael Lingzhi Li,Michael Lingzhi,Li,,200,
0000-0002-2460-6061,Daniel Schacter,Daniel,Schacter,,200,
0000-0002-2462-8535,Teixeira SA,Silvia Aparecida,Teixeira,Teixeira SA,200,
0000-0002-2463-4855,Nancy Oriol,Nancy,Oriol,,200,
0000-0002-2463-5911,Tara Nicola,Tara,Nicola,,200,
0000-0002-2466-3867,Christian Fieseler,Christian,Fieseler,,200,
0000-0002-2471-6383,C. Daniel Schnorr,Charles Daniel,Schnorr,C. Daniel Schnorr,200,
0000-0002-2479-5317,Ahmed Al Saedi,Ahmed,Al Saedi,,200,
0000-0002-2479-7793,Ludovica  Martins Almeida,Ludovica ,Martins Almeida,,200,
0000-0002-2482-4050,Juliana Karras,Juliana,Karras,,200,
0000-0002-2482-8801,Francesco Limone,Francesco,Limone,,200,
0000-0002-2487-1084,David Johnston,David,Johnston,,200,
0000-0002-2489-0058,Simon Torracinta,Simon,Torracinta,,200,
0000-0002-2489-3582,Nancy E Hill,Nancy,Hill,Nancy E Hill,200,
0000-0002-2490-1888,Carol Ann Johnston,Carol Ann,Johnston,Carol Ann Johnston,200,
0000-0002-2491-0581,Paula Alonso,Paula,Alonso,,200,
0000-0002-2491-7572,Daniel Liebman,Daniel,Liebman,,200,
0000-0002-2495-5464,Ludwig Geistlinger,Ludwig,Geistlinger,,200,
0000-0002-2501-9352,Keiko Weir,Keiko,Weir,,200,
0000-0002-2508-1324,Shriya S. Srinivasan,Shriya,Srinivasan,Shriya S. Srinivasan,200,
0000-0002-2511-208X,Juan Ignacio Sanguinetti-Scheck,Juan Ignacio,Sanguinetti-Scheck,,200,
0000-0002-2519-7765,Yu Pan,Yu,Pan,,200,
0000-0002-2519-9381,Kaden Venugopal,Kaden,Venugopal,,200,
0000-0002-2523-0027,Maribel Okiye,Maribel,Okiye,,200,
0000-0002-2531-1804,Uttara Partap,Uttara,Partap,,200,
0000-0002-2531-9953,Tamara Hundorova,Tamara,Hundorova,Tamara Hundorova,200,
0000-0002-2532-9326,Caitlin O'Connell-Rodwell,Caitlin,O'Connell-Rodwell,,200,
0000-0002-2533-8484,,,,,200,
0000-0002-2536-5271,Maya Woolfolk,Maya,Woolfolk,,200,
0000-0002-2537-6093,Nicholas Jourjine,Nicholas,Jourjine,,200,
0000-0002-2537-7010,Ryan S. Nett,Ryan,Nett,Ryan S. Nett,200,
0000-0002-2537-8371,Miguel A. Aguilar Ramos,Miguel,Aguilar Ramos,Miguel A. Aguilar Ramos,200,
0000-0002-2543-0635,Demetrice R Jordan,Demetrice R.,Jordan,Demetrice R Jordan,200,
0000-0002-2543-7415,Cameron J. Owen,Cameron,Owen,Cameron J. Owen,200,
0000-0002-2547-4814,Joan Brugge,Joan,Brugge,,200,
0000-0002-2549-7741,Roger Figueroa,Roger,Figueroa,,200,
0000-0002-2550-2002,Eric Chaisson,Eric,Chaisson,,200,
0000-0002-2553-7109,Sreyankar Nandy,Sreyankar,Nandy,,200,
0000-0002-2555-8380,Christopher Havasy,Christopher,Havasy,,200,
0000-0002-2556-4078,Cedrella Jones-Taylor,Cedrella,Jones-Taylor,,200,
0000-0002-2558-8715,Anika Staccone,Anika,Staccone,,200,
0000-0002-2559-0831,Lidiya Ahmed,Lidiya,Ahmed,,200,
0000-0002-2560-7736,Frans Spaepen,Frans,Spaepen,,200,
0000-0002-2562-7526,Jacqueline Guan-Ting You,Jacqueline,You,Jacqueline Guan-Ting You,200,
0000-0002-2567-0313,Xiran Zhou,Xiran,Zhou,,200,
0000-0002-2567-1404,Tayyab Rashid,Tayyab,Rashid,Tayyab Rashid,200,
0000-0002-2573-0611,Yufei Wang,Yufei,Wang,,200,
0000-0002-2575-869X,Jillian Wise,Jillian,Wise,,200,
0000-0002-2577-0082,Kyoko Konishi,Kyoko,Konishi,,200,
0000-0002-2579-9141,Reiko Nishihara,Reiko,Nishihara,,200,
0000-0002-2580-5097,Sayan Chakraborty,Sayan,Chakraborty,,200,
0000-0002-2585-8615,Peter Marsden,Peter,Marsden,,200,
0000-0002-2589-4720,Michael Christopher Stark,Michael,Stark,Michael Christopher Stark,200,
0000-0002-2591-4963,Bilal Obeid,Bilal,Obeid,,200,
0000-0002-2593-0859,José Manuel Magallanes,José Manuel,Magallanes,,200,
0000-0002-2593-8543,Emily Coolidge Toker,Emily,Coolidge Toker,,200,
0000-0002-2595-9715,Allan Camba,Allan,Camba,,200,
0000-0002-2596-7328,Abdullah Albassam,Abdullah,Albassam,,200,
0000-0002-2597-7091,Abraham J. Wu,Abraham J.,Wu,,200,
0000-0002-2597-881X,Griffin M Weber,Griffin,Weber,Griffin M Weber,200,
0000-0002-2598-5710,Ghada Gomaa A. Mohamed,Ghada,Mohamed,Ghada Gomaa A. Mohamed,200,
0000-0002-2599-1838,Andrew Feldman,Andrew,Feldman,,200,
0000-0002-2603-4685,Richard Panayiotou,Richard,Panayiotou,,200,
0000-0002-2604-0743,Gokce  Yurdakul,Gokce ,Yurdakul,,200,
0000-0002-2607-2016,Ludovic Decultot,Ludovic,Decultot,,200,
0000-0002-2607-218X,Umut Serdar Civici,Umut Serdar,Civici,Umut Serdar Civici,200,
0000-0002-2607-3828,Saoirse McSharry,Saoirse,McSharry,,200,
0000-0002-2608-4084,Caitlin Mills,Caitlin,Mills,,200,
0000-0002-2608-8405,Olumide Agboola,Olumide,Agboola,,200,
0000-0002-2608-8456,Geoffroy Gagliardi,Geoffroy,Gagliardi,,200,
0000-0002-2609-8793,Blin Arnaud,Blin,Arnaud,,200,
0000-0002-2613-8230,TSUN-JEN CHENG,TSUN-JEN,CHENG,,200,
0000-0002-2614-4665,Rachel Franklin,Rachel,Franklin,Rachel Franklin,200,
0000-0002-2615-2294,Kaiden Power,Kaiden,Power,,200,
0000-0002-2616-8288,Dr. Ahmed N Alkanaq,Ahmed N,Alkanaq,Dr. Ahmed N Alkanaq,200,
0000-0002-2620-7582,Martina H Lundberg Slingsby,Martina H,Slingsby,Martina H Lundberg Slingsby,200,
0000-0002-2624-691X,Sarah Roumas,Sarah,Roumas,,200,
0000-0002-2625-6595,Adam Zuiani,Adam,Zuiani,,200,
0000-0002-2626-4093,Amanda Graveline,Amanda,Graveline,,200,
0000-0002-2627-0506,Garrett Dunlap,Garrett,Dunlap,,200,
0000-0002-2627-5331,José Pedro Castro,José Pedro,Castro,José Pedro Castro,200,
0000-0002-2628-7148,ALBERT BRESSAND,ALBERT,BRESSAND,,200,
0000-0002-2631-7722,Jae-Hyun Lee,Jae-Hyun,Lee,,200,
0000-0002-2632-8368,Dorinda Carter Andrews,Dorinda,Carter Andrews,,200,
0000-0002-2637-6036,Jennifer R. Rider,Jennifer,Rider,Jennifer R. Rider,200,
0000-0002-2637-9050,Jan Cooper,Jan,Cooper,,200,
0000-0002-2637-9712,Lizhou Zhang,Lizhou,Zhang,,200,
0000-0002-2640-1596,Liam B. Healy,Liam,Healy,Liam B. Healy,200,
0000-0002-2641-0855,M.K.S. VERMA,M.K.S.,VERMA,,200,
0000-0002-2641-4688,Kizzmekia Corbett-Helaire,Kizzmekia,Corbett-Helaire,,200,
0000-0002-2643-3504,Murat Bastepe,Murat,Bastepe,,200,
0000-0002-2644-6858,Johanna Calderon,Johanna,Calderon,,200,
0000-0002-2646-2495,Justin H. Lo,Justin,Lo,Justin H. Lo,200,
0000-0002-2646-4482,Patricia Rodríguez-Morales,Patricia,Rodríguez-Morales,,200,
0000-0002-2647-0508,Danilo Pellin,Danilo,Pellin,,200,
0000-0002-2648-2349,Victor Gurewich,Victor,Gurewich,,200,
0000-0002-2657-6222,Judith A. Lerner,Judith A.,Lerner,Judith A. Lerner,200,
0000-0002-2659-9352,Germán Carnevali,Germán,Carnevali,,200,
0000-0002-2660-5935,Fabio Giardina,Fabio,Giardina,,200,
0000-0002-2661-9157,Claudia Danilowicz,Claudia,Danilowicz,,200,
0000-0002-2662-719X,Liliana Goumnerova,Liliana,Goumnerova,,200,
0000-0002-2664-3106,Stephen J. Dorgan,Stephen J.,Dorgan,Stephen J. Dorgan,200,
0000-0002-2665-9693,Martin Reuter,Martin,Reuter,,200,
0000-0002-2667-8624,Christopher ODonnell,Christopher,ODonnell,,200,
0000-0002-2667-9344,James Peyton,James,Peyton,,200,
0000-0002-2669-2610,Kuang Gong,Kuang,Gong,,200,
0000-0002-2672-5507,Douglas J Kenny,Douglas,Kenny,Douglas J Kenny,200,
0000-0002-2674-1064,Sean Carney,Sean,Carney,,200,
0000-0002-2677-2581,Kenneth Strzepek,Kenneth,Strzepek,,200,
0000-0002-2678-7652,Karla Martinez Nevarez,Karla,Martinez Nevarez,,200,
0000-0002-2678-9148,Anindita Mitra,Anindita,Mitra,,200,
0000-0002-2679-2056,Eric Davis,Eric,Davis,,200,
0000-0002-2683-2871,viorel Simion,viorel,Simion,,200,
0000-0002-2683-341X,Michal Szurek,Michal,Szurek,,200,
0000-0002-2688-5949,Lucas Amoudruz,Lucas,Amoudruz,,200,
0000-0002-2691-0032,Rasha S. Farag,Rasha,Farag,Rasha S. Farag,200,
0000-0002-2693-3859,Mohammad Hamza  Khalil,Mohammad Hamza ,Khalil,,200,
0000-0002-2695-297X,Sarah  Darling ,Sarah ,Darling ,,200,
0000-0002-2695-8714,Ranjit sah,Ranjit,sah,,200,
0000-0002-2697-3236,Alexandra Hillcoat,Alexandra,Hillcoat,,200,
0000-0002-2699-3878,Bruno A. Benitez,Bruno A.,Benitez,,200,
0000-0002-2701-3114,Sangwoo Park,Sangwoo,Park,,200,
0000-0002-2702-5879,John Quackenbush,John,Quackenbush,,200,
0000-0002-2706-953X,Yuhan Huang,Yuhan,Huang,,200,
0000-0002-2708-3016,Mayo Fuster Morell,Mayo,Fuster Morell,Mayo Fuster Morell,200,
0000-0002-2708-3315,Zaza Ndhlovu,Zaza,Ndhlovu,,200,
0000-0002-2710-8228,Anna Goldstein,Anna,Goldstein,,200,
0000-0002-2712-173X,Christoph Wippel,Christoph,Wippel,,200,
0000-0002-2713-8507,Kim Hazelwood,Kim,Hazelwood,,200,
0000-0002-2713-8961,Prashanth Amireddy,Prashanth,Amireddy,,200,
0000-0002-2717-9755,Elyse A. Olesinski,Elyse A.,Olesinski,,200,
0000-0002-2719-2634,Edmond Olguin,Edmond,Olguin,,200,
0000-0002-2720-3495,Punyanganie de Silva,Punyanganie,de Silva,,200,
0000-0002-2724-7404,Jennifer Yeh,Jennifer,Yeh,,200,
0000-0002-2730-0543,Wanhua Li,Wanhua,Li,,200,
0000-0002-2733-6490,Mulong Du,Mulong,Du,,200,
0000-0002-2739-1238,Suil Kim,Suil,Kim,,200,
0000-0002-2741-1630,Kristen Pearson,Kristen,Pearson,,200,
0000-0002-2741-169X,Binxu Wang,Binxu,Wang,,200,
0000-0002-2744-2875,Aref Shahini,Aref,Shahini,,200,
0000-0002-2744-917X,Conor Walsh,Conor,Walsh,,200,
0000-0002-2745-4323,Yan Jiang,Yan,Jiang,,200,
0000-0002-2748-1022,Kosuke Imai,Kosuke,Imai,,200,
0000-0002-2748-6253,MICAELA ANTONUCCI,MICAELA,ANTONUCCI,,200,
0000-0002-2748-9550,Xiang Liu,Xiang,Liu,,200,
0000-0002-2749-8625,Stephen Carr,Stephen,Carr,,200,
0000-0002-2754-8944,Alya Alsager,Alya,Alsager,,200,
0000-0002-2756-4899,Yu Yan,Yu,Yan,,200,
0000-0002-2756-6384,Eri Muramoto,Eri,Muramoto,,200,
0000-0002-2757-5395,Yue Luo,Yue,Luo,,200,
0000-0002-2764-7483,Mei Wang,Mei,Wang,,200,
0000-0002-2767-0528,Thao H. Nguyen,Thao,Nguyen,Thao H. Nguyen,200,
0000-0002-2767-2355,Katherine  Rich,Katherine ,Rich,,200,
0000-0002-2767-3796,Gina Zurlo,Gina,Zurlo,,200,
0000-0002-2769-364X,Lee LaFleur,LeRoy Jason,LaFleur,Lee LaFleur,200,
0000-0002-2769-6357,Peng Yin,Peng,Yin,,200,
0000-0002-2775-0173,Irene de Lázaro,Irene,de Lázaro,,200,
0000-0002-2777-532X,Jeremy Koob,Jeremy,Koob,,200,
0000-0002-2780-0855,Carlos Augusto Rossetti,Carlos Augusto,Rossetti,,200,
0000-0002-2781-0412,Evan Hale,Evan,Hale,,200,
0000-0002-2782-3029,Mohammed Ibahrine,Mohammed,Ibahrine,,200,
0000-0002-2783-1926,M. Lourdes Santos Pérez,M. Lourdes,Santos Pérez,,200,
0000-0002-2784-6255,Luke Murphy,Luke,Murphy,,200,
0000-0002-2786-1148,Tianxin Liu,Tianxin,Liu,,200,
0000-0002-2787-8433,Anne Murray,Anne,Murray,,200,
0000-0002-2789-0811,Yi Zhang,Yi,Zhang,,200,
0000-0002-2791-5011,Razieh Emami Meibody,Razieh,Emami Meibody,,200,
0000-0002-2791-7842,sciencv tester22,sciencv,tester22,,200,
0000-0002-2792-2799,Manasi Murthy Mittinty,Manasi Murthy,Mittinty,,200,
0000-0002-2793-7560,Julio Jacobo Rotemberg,Julio,Rotemberg,Julio Jacobo Rotemberg,200,
0000-0002-2802-7577,Ioana Petrescu,Ioana,Petrescu,,200,
0000-0002-2803-5024,Abdellatif El Khayari,Abdellatif,El Khayari,,200,
0000-0002-2812-0923,Maahika Srinivasan,Maahika,Srinivasan,,200,
0000-0002-2812-7674,Ashwin S Shetty,Ashwin,Shetty,Ashwin S Shetty,200,
0000-0002-2813-2174,Francine Laden,Francine,Laden,,200,
0000-0002-2813-5324,Ryan Hauser,Ryan,Hauser,,200,
0000-0002-2814-5274,Fernando Ramirez Guadiana,Fernando,Ramirez Guadiana,,200,
0000-0002-2819-2011,Elliot Ratzman,Elliot,Ratzman,,200,
0000-0002-2820-8458,Jongcheol Jeon,Jongcheol,Jeon,,200,
0000-0002-2822-9021,Rose Goldman,Rose,Goldman,,200,
0000-0002-2823-6643,Guifu Wu,Guifu,Wu,,200,
0000-0002-2824-2154,xiaomeng cui,xiaomeng,cui,,200,
0000-0002-2826-3318,Shi Yu Chen,Shi Yu,Chen,,200,
0000-0002-2826-4935,Dan Orbach,Dan,Orbach,,200,
0000-0002-2828-9569,Sivanujan Suthaharan,Sivanujan,Suthaharan,,200,
0000-0002-2829-6072,Margaret Dalton,Margaret,Dalton,,200,
0000-0002-2830-8483,Daniel Atwood,Daniel,Atwood,,200,
0000-0002-2832-8345,Jukka-Pekka Heikkilä,Jukka-Pekka,Heikkilä,,200,
0000-0002-2833-3953,Jordan Pyda,Jordan,Pyda,,200,
0000-0002-2835-1000,Lexiang Zhang,Lexiang,Zhang,,200,
0000-0002-2835-3188,Edilin Edgecomb,Edilin,Edgecomb,,200,
0000-0002-2841-5406,James Strong,James,Strong,,200,
0000-0002-2847-588X,Mohamed Sayegh,Mohamed,Sayegh,,200,
0000-0002-2850-0846,Derek Murphy,Derek,Murphy,,200,
0000-0002-2851-7760,Ariana Vora,Ariana,Vora,,200,
0000-0002-2853-7104,Andrew Bennett,Andrew,Bennett,,200,
0000-0002-2857-4650,JOSE BAZAN,JOSE,BAZAN,,200,
0000-0002-2858-6707,,,,,200,
0000-0002-2858-8876,Hui Si Kwok,Hui Si,Kwok,,200,
0000-0002-2859-6358,Ilona Cenolli,Ilona,Cenolli,,200,
0000-0002-2861-2071,Raj Gopal,Raj,Gopal,,200,
0000-0002-2861-2573,Mahmoud Obeidat,Mahmoud,Obeidat,,200,
0000-0002-2864-6618,Louise Marie Beelen,Louise Marie,Beelen,,200,
0000-0002-2865-6234,Shivangi Shree,Shivangi,Shree,,200,
0000-0002-2866-4920,Michelle Barrett,Michelle,Barrett,,200,
0000-0002-2866-6416,Wasundara Athukoralalage,Wasundara,Athukoralalage,,200,
0000-0002-2867-1450,Paulo J. M. Bispo ,Paulo ,Bispo,Paulo J. M. Bispo ,200,
0000-0002-2870-5040,Melvyn Lurie,Melvyn,Lurie,,200,
0000-0002-2872-5893,Mohammed Adnan Sheerazi,Mohammed Adnan,Sheerazi,,200,
0000-0002-2872-9560,Wenting Pan,Wenting,Pan,,200,
0000-0002-2875-4977,Mary Helen Immordino-Yang,Mary Helen,Immordino-Yang,,200,
0000-0002-2876-7639,Matthew MacNeil,Matthew,MacNeil,,200,
0000-0002-2877-6535,Ann-Marcia Tukpah,Ann-Marcia,Tukpah,,200,
0000-0002-2880-4081,Adam Slavney,Adam,Slavney,,200,
0000-0002-2886-7525,Michael Volk,Michael,Volk,,200,
0000-0002-2887-2850,Abdurahman Khalil,Abdurahman,Khalil,,200,
0000-0002-2888-4640,Muhammad Suhail Mohamed Yazid,Muhammad Suhail,Mohamed Yazid,,200,
0000-0002-2889-2229,Dean Paxson,Dean,Paxson,,200,
0000-0002-2892-6986,Kjetil Bjornevik,Kjetil,Bjornevik,,200,
0000-0002-2895-7731,Efe Murat Balıkçıoğlu,Efe Murat,Balıkçıoğlu,,200,
0000-0002-2901-1040,Liao Cheng,Liao,Cheng,,200,
0000-0002-2901-7012,Michael Aizenberg,Michael,Aizenberg,,200,
0000-0002-2911-9684,Emily Perito,Emily,Perito,,200,
0000-0002-2912-343X,Shinichi Nakahara,Shinichi,Nakahara,,200,
0000-0002-2913-6046,Aparna Raghuram,Aparna,Raghuram,,200,
0000-0002-2913-7030,Nicola Molinari,Nicola,Molinari,,200,
0000-0002-2914-5022,Federico Augustovski,Federico,Augustovski,,200,
0000-0002-2924-7424,George Guo,George,Guo,,200,
0000-0002-2926-702X,Manuel J Ruiz,Manuel J,Ruiz,,200,
0000-0002-2929-0860,Inés Lucía Patop,Inés Lucía,Patop,,200,
0000-0002-2931-0200,"SURIANO, Enrico",Enrico,Suriano,"SURIANO, Enrico",200,
0000-0002-2932-7280,Ludovica Galeazzo,Ludovica,Galeazzo,,200,
0000-0002-2933-0789,Margot Manning,Margot,Manning,,200,
0000-0002-2933-8107,Warachaya Phanphruk,Warachaya,Phanphruk,,200,
0000-0002-2935-2363,Markus Greiner,Markus,Greiner,,200,
0000-0002-2941-0287,Janice Chung,Janice,Chung,,200,
0000-0002-2941-5328,"Liu, R.",Rongxin,Liu,"Liu, R.",200,
0000-0002-2943-6153,Parmeshwaran Ramakrishnan,Parmeshwaran,Ramakrishnan,,200,
0000-0002-2946-1957,Thaddeus Herzog,Thaddeus,Herzog,,200,
0000-0002-2948-3339,Zhitao Hu,Zhitao,Hu,,200,
0000-0002-2948-880X,Junling Guo,Junling,Guo,,200,
0000-0002-2949-0774,Kajal Hamidzadeh,Kajal,Hamidzadeh,,200,
0000-0002-2951-3120,Krzysztof Włodarczyk,Krzysztof,Włodarczyk,,200,
0000-0002-2951-3673,Clare Stanton,Clare,Stanton,,200,
0000-0002-2953-3930,Lige Zhang,Lige,Zhang,,200,
0000-0002-2953-8133,Allyson Freedy,Allyson,Freedy,,200,
0000-0002-2954-2917,Yousef Fouad,Yousef,Fouad,,200,
0000-0002-2955-0976,Soha Hammam,Soha,Hammam,,200,
0000-0002-2956-0664,Zeynep Toraman,Zeynep,Toraman,,200,
0000-0002-2956-8068,Benjamin C. Schafer,Benjamin,Schafer,Benjamin C. Schafer,200,
0000-0002-2957-4871,Clifford Tabin,Clifford,Tabin,,200,
0000-0002-2964-856X,Domenico Giuseppe Muscianisi,Domenico Giuseppe,Muscianisi,,200,
0000-0002-2967-3351,Stephanie Rouse,Stephanie,Rouse,,200,
0000-0002-2974-3460,Hartmut Wohlrab,Hartmut,Wohlrab,,200,
0000-0002-2974-4893,Daphne Miller,Daphne,Miller,,200,
0000-0002-2974-8392,Xinyuan Zhang,Xinyuan,Zhang,,200,
0000-0002-2977-1699,Daniel Resnick,Daniel,Resnick,,200,
0000-0002-2979-2844,Ana Langer,Ana,Langer,,200,
0000-0002-2981-1785,A Kevin Reinhart,A Kevin,Reinhart,,200,
0000-0002-2983-2893,yangyang Zhu,yangyang,Zhu,,200,
0000-0002-2983-7870,Cynthia Lemere,Cynthia,Lemere,,200,
0000-0002-2985-462X,Brian Liau,Brian,Liau,,200,
0000-0002-2987-3257,Rebecca Hurwitz,Rebecca,Hurwitz,,200,
0000-0002-2989-9086,HS Huang; AH Huang,Amy H.,Huang,HS Huang; AH Huang,200,
0000-0002-2993-5198,,,,,200,
0000-0002-2997-4760,Sangyeon Cho,Sangyeon,Cho,,200,
0000-0002-2998-0757,Michael N Hall,Michael N,Hall,,200,
0000-0002-2998-9014,Michael Z. Chen,Michael Z,Chen,Michael Z. Chen,200,
0000-0002-3001-7407,Han Chen,Han,Chen,,200,
0000-0002-3003-002X,Mahsa Khayat-Khoei,Mahsa,Khayat-Khoei,,200,
0000-0002-3004-4923,Nathan Schauer,Nathan,Schauer,,200,
0000-0002-3006-4887,Tuulia Vallius,Tuulia,Vallius,,200,
0000-0002-3010-5538,Pablo Ferrara,Pablo,Ferrara,,200,
0000-0002-3012-1044,pinglei zhou,pinglei,zhou,,200,
0000-0002-3012-9273,Stefan Bjelosevic,Stefan,Bjelosevic,,200,
0000-0002-3020-8043,Rüdiger Eberhard Scharf,Rüdiger Eberhard,Scharf,,200,
0000-0002-3023-8998,Hannah Cole,Hannah,Cole,,200,
0000-0002-3025-5042,Urban Senica,Urban,Senica,,200,
0000-0002-3025-5931,Joshua Petimar,Joshua,Petimar,,200,
0000-0002-3032-7069,"Marinos G. Sotiropoulos, M.D.",Marinos,Sotiropoulos,"Marinos G. Sotiropoulos, M.D.",200,
0000-0002-3033-0698,Derek Miller,Derek,Miller,,200,
0000-0002-3033-1682,Matthew Quinn,Matthew,Quinn,,200,
0000-0002-3034-2445,Junzhe Lou,Junzhe,Lou,,200,
0000-0002-3034-5523,Yuncheng Man,Yuncheng,Man,,200,
0000-0002-3037-6338,Yuki Weber,Yuki,Weber,,200,
0000-0002-3038-0644,Matthew Romo,Matthew,Romo,Matthew Romo,200,
0000-0002-3038-2199,Jocelyn Viterna,Jocelyn,Viterna,,200,
0000-0002-3041-7793,Jorrit De Jong,Jorrit,De Jong,,200,
0000-0002-3042-239X,Yasmin Zandomenico,Yasmin,Zandomenico Vasconcelos,Yasmin Zandomenico,200,
0000-0002-3042-9161,Dianbo Liu,Dianbo,Liu,,200,
0000-0002-3044-5057,Viridiana Kocaba,Viridiana,Kocaba,,200,
0000-0002-3044-9031,Renata Goncalves,Renata,Goncalves,,200,
0000-0002-3047-1589,Alessandra Mancini,Alessandra,Mancini,,200,
0000-0002-3048-2093,Max Furman,Max,Furman,,200,
0000-0002-3049-3243,Megan Garcia,Megan,Garcia,,200,
0000-0002-3052-3780,John Deighton,John,Deighton,,200,
0000-0002-3052-5663,Petra Molnar,Petra,Molnar,,200,
0000-0002-3056-948X,Jenna Becker,Jenna,Becker,,200,
0000-0002-3057-8167,Nayeli Gutiérrez,Nayeli,Gutiérrez,,200,
0000-0002-3058-0371,Julia R Pozuelo,Julia,Ruiz Pozuelo,Julia R Pozuelo,200,
0000-0002-3061-2484,Suzanne Osorio Lujan,Suzanne,Osorio Lujan,,200,
0000-0002-3061-7218,Monique A. Wyatt,Monique,Wyatt,Monique A. Wyatt,200,
0000-0002-3063-0578,Andres Florez,Andres,Florez,,200,
0000-0002-3070-3079,Sauro Succi,Sauro,Succi,,200,
0000-0002-3072-6238,Bin Z. He,Bin,He,Bin Z. He,200,
0000-0002-3073-625X,Ting-Yu Wei,Ting-Yu,Wei,,200,
0000-0002-3075-5944,Maureen E. Brady,Maureen E.,Brady,Maureen E. Brady,200,
0000-0002-3078-3718,Ashley Tseng,Ashley,Tseng,,200,
0000-0002-3079-0053,Sven Bostyn,Sven,Bostyn,,200,
0000-0002-3080-5083,Majed AlMourgi,Majed,AlMourgi,,200,
0000-0002-3080-5921,Shaoju Wu,Shaoju,Wu,,200,
0000-0002-3082-097X,Lingluo Chu,Lingluo,Chu,,200,
0000-0002-3086-5326,Alex Miranda Rodriguez,Alex,Miranda Rodriguez,,200,
0000-0002-3087-5698,Dana Born,Dana,Born,,200,
0000-0002-3088-4375,Christina Ellervik,Christina,Ellervik,,200,
0000-0002-3089-9016,John S. Lowe,John S.,Lowe,John S. Lowe,200,
0000-0002-3090-4022,Ashlyn Whitlock,Ashlyn,Whitlock,,200,
0000-0002-3094-0664,nalton ferraro,nalton,ferraro,,200,
0000-0002-3096-0753,Johan Casper Grove Petersen,Johan Casper Grove,Petersen,,200,
0000-0002-3104-1943,Daping Yang,Daping,Yang,,200,
0000-0002-3105-1519,Juan Aponte-Santini,Juan,Aponte-Santini,,200,
0000-0002-3106-5814,Emily Harris,Emily,Harris,,200,
0000-0002-3107-1878,Brenden Roberts,Brenden,Roberts,,200,
0000-0002-3107-7110,Juan Egea,Juan,Egea,,200,
0000-0002-3111-1198,Omodanisi E. O,Omodanisi,Ope,Omodanisi E. O,200,
0000-0002-3111-8795,Steven Brzozowski,Steven,Brzozowski,,200,
0000-0002-3112-3236,Nina Chung,Nina,Chung,,200,
0000-0002-3113-1877,Gregory Tanaka,Gregory,Tanaka,,200,
0000-0002-3114-3229,Noah Miller,Noah,Miller,,200,
0000-0002-3115-7372,Kathryn Hall,Kathryn,Hall,,200,
0000-0002-3117-0382,Jing,Jing,,,200,
0000-0002-3120-7659,Shakchhi Joshi,Shakchhi,Joshi,,200,
0000-0002-3120-8459,Mohammad Seyyedi,Mohammad,Seyyedi,,200,
0000-0002-3121-8905,Elizabeth Jiang,Elizabeth,Jiang,,200,
0000-0002-3122-0298,Jonathan Zittrain,Jonathan,Zittrain,,200,
0000-0002-3122-052X,Mariano Narodowski,Mariano,Narodowski,,200,
0000-0002-3125-7111,Ricardo Navia,Ricardo Joaquín,Navia Antelo,Ricardo Navia,200,
0000-0002-3126-0732,Christoph Mikulaschek,Christoph,Mikulaschek,,200,
0000-0002-3128-3547,Robert Handsaker,Robert,Handsaker,,200,
0000-0002-3129-1651,Selena T. Lee,Selena,Lee,Selena T. Lee,200,
0000-0002-3129-6671,Jean  Augustinack,Jean ,Augustinack,,200,
0000-0002-3129-7105,Diane Rielinger,Diane,Rielinger,,200,
0000-0002-3133-2089,Steven Wofsy,Steven,Wofsy,,200,
0000-0002-3136-1496,Sandy C. Li,Sandy C.,Li,,200,
0000-0002-3138-0777,Joseph H Chou,Joseph,Chou,Joseph H Chou,200,
0000-0002-3142-6747,Sebastiano Trattaro,Sebastiano,Trattaro,,200,
0000-0002-3143-5627,Benjamin Wipper,Benjamin,Wipper,,200,
0000-0002-3143-9230,Stephen Macknik,Stephen,Macknik,,200,
0000-0002-3144-5913,Qingyang Xiao,Qingyang,Xiao,,200,
0000-0002-3145-6014,Juliana Cohen,Juliana,Cohen,,200,
0000-0002-3146-0662,Julia Rhyder,Julia,Rhyder,,200,
0000-0002-3147-2356,James S. Cho,James,Cho,James S. Cho,200,
0000-0002-3150-0732,Kelila Kahane,Kelila,Kahane,,200,
0000-0002-3154-7338,Alan Jesus Mejia Maza,Alan Jesus,Mejia Maza,,200,
0000-0002-3159-1371,Abrania Marrero,Abrania,Marrero,,200,
0000-0002-3159-5284,Serhii Kryhin,Serhii,Kryhin,,200,
0000-0002-3160-8014,Michelle White,Michelle,White,,200,
0000-0002-3161-5601,Michael Bouzinier,Michael,Bouzinier,,200,
0000-0002-3163-5231,Catalina Romero-Aristizabal,Catalina,Romero-Aristizabal,,200,
0000-0002-3168-4607,Patrick McNeal,Patrick,McNeal,,200,
0000-0002-3176-1553,Antonia Wallrapp,Antonia,Wallrapp,,200,
0000-0002-3176-3751,Paula Rettl,Paula,Rettl,,200,
0000-0002-3177-0812,Alexander Veit,Alexander,Veit,,200,
0000-0002-3177-3271,Xiaoying Zhou,Xiaoying,Zhou,,200,
0000-0002-3182-7671,Peter Flynn,Peter,Flynn,,200,
0000-0002-3183-7343,Alexandra Vaccaro,Alexandra,Vaccaro,,200,
0000-0002-3184-9213,Yifei LIN,Yifei,LIN,,200,
0000-0002-3187-2501,Cole Tibbs,Cole,Tibbs,,200,
0000-0002-3188-5185,VIJAY KUMAR,VIJAY,KUMAR,,200,
0000-0002-3189-2190,Douglas Richardson,Douglas,Richardson,,200,
0000-0002-3192-9117,Joseph Arboleda-Velasquez,Joseph,Arboleda-Velasquez,,200,
0000-0002-3195-323X,Joe C.  Gonzales,Joe C. ,Gonzales,,200,
0000-0002-3195-6430,"Siddharth, Kumar",Kumar,Siddharth,"Siddharth, Kumar",200,
0000-0002-3196-1440,Eddy Tzintzun-Tapia,Eddy,Tzintzun-Tapia,,200,
0000-0002-3201-4410,Katarina Swanson,Katarina,Swanson,,200,
0000-0002-3202-6921,Alexandra Balshi,Alexandra,Balshi,,200,
0000-0002-3203-3638,Christopher Sudfeld,Christopher,Sudfeld,,200,
0000-0002-3205-6784,FATHELRAHMAN SHENDI,FATHELRAHMAN,SHENDI,,200,
0000-0002-3207-5731,Daniel Varon,Daniel,Varon,,200,
0000-0002-3209-5492,Michelle Fry,Michelle,Fry,,200,
0000-0002-3211-2563,Marty Fernandez,Marty,Fernandez,,200,
0000-0002-3211-4112,Luis Alberto Aldama,Luis,Aldama,Luis Alberto Aldama,200,
0000-0002-3217-5142,Carlos Erban,Carlos,Erban,,200,
0000-0002-3221-5415,Albert Ward,Albert,Ward,,200,
0000-0002-3222-0994,Laura F. Orlando,Laura,Orlando,Laura F. Orlando,200,
0000-0002-3225-3198,Jeremy Warner,Jeremy,Warner,,200,
0000-0002-3225-3649,Katherine Michaelis,Katherine,Michaelis,,200,
0000-0002-3225-5791,Christopher von Rueden,Christopher,von Rueden,,200,
0000-0002-3227-0844,Shani Israel,Shani,Israel,,200,
0000-0002-3231-0367,Rickey Shah,Rickey,Shah,,200,
0000-0002-3231-0762,Sarat Chandra Gundavarapu,Sarat Chandra,Gundavarapu,,200,
0000-0002-3231-1984,Katherine Wasden,Katherine,Wasden,,200,
0000-0002-3236-5587,Rachel Petherbridge,Rachel,Petherbridge,,200,
0000-0002-3239-3799,Noemi Salmeri,Noemi,Salmeri,,200,
0000-0002-3241-1272,Samuel Barritt,Samuel,Barritt,,200,
0000-0002-3241-5062,,,,,200,
0000-0002-3242-5279,Amanda R. Clark,Amanda ,Clark,Amanda R. Clark,200,
0000-0002-3244-9123,Siti Rahmayanti,Siti,Rahmayanti,,200,
0000-0002-3246-7524,Tom Conley,Tom,Conley,,200,
0000-0002-3247-8442,Natasha Heller,Natasha,Heller,,200,
0000-0002-3249-5971,Ciprian Catana,Ciprian,Catana,,200,
0000-0002-3250-5746,Masahiko Haraguchi,Masahiko,Haraguchi,,200,
0000-0002-3255-9525,Aakash M. Suchak,Aakash Madhusudan,Suchak,Aakash M. Suchak,200,
0000-0002-3258-8000,Amir Baniassadi,Amir,Baniassadi,,200,
0000-0002-3259-7636,Nayantara Biswas,Nayantara,Biswas,,200,
0000-0002-3260-9692,Jochem Klompmaker,Jochem,Klompmaker,,200,
0000-0002-3261-8185,Tony V Pham,Tony V,Pham,Tony V Pham,200,
0000-0002-3268-6153,Ahmed Awd,Ahmed,Awd,,200,
0000-0002-3271-3561,Cristian Zanoci,Cristian,Zanoci,,200,
0000-0002-3271-4927,Kwok-leong Tang,Kwok-leong,Tang,,200,
0000-0002-3272-4826,Vladimir Valtchinov,Vladimir,Valtchinov,,200,
0000-0002-3276-0448,João Filipe Simões,João Filipe,Simões,João Filipe Simões,200,
0000-0002-3276-2064,Claudio Macias Trevino,Claudio,Macias Trevino,,200,
0000-0002-3276-9282,Vasilis Kostakis,Vasilis,Kostakis,,200,
0000-0002-3278-8280,Runze Huang,Runze,Huang,,200,
0000-0002-3283-0346,Jade Ealy,Jade,Ealy,,200,
0000-0002-3294-9662,Sofia A. Perez,Sofia A.,Perez,,200,
0000-0002-3296-458X,Kook Han,Kook,Han,,200,
0000-0002-3296-6999,Ryan Babineau,Ryan,Babineau,,200,
0000-0002-3300-0176,Erika Eitland,Erika,Eitland,,200,
0000-0002-3302-8494,Jacqueline Stefkovich,Jacqueline,Stefkovich,,200,
0000-0002-3305-9063,Robert Brown,Robert,Brown,,200,
0000-0002-3306-1999,Shon Koren,Shon,Koren,,200,
0000-0002-3306-8912,Catarina Rosa Domingues,Catarina,Rosa Domingues,,200,
0000-0002-3310-1452,Meghan Pierce,Meghan,Pierce,,200,
0000-0002-3312-7556,Arvind von Keudell,Arvind,von Keudell,,200,
0000-0002-3316-5894,James Barrett,James,Barrett,,200,
0000-0002-3317-0300,Yue Miao,Yue,Miao,,200,
0000-0002-3317-6569,Margaret Zimmer,Margaret,Zimmer,,200,
0000-0002-3318-3777,Tracy Wang,Tracy,Wang,,200,
0000-0002-3318-4550,Giacomo Canesin,Giacomo,Canesin,,200,
0000-0002-3319-0926,Yifan Bu,Yifan,Bu,,200,
0000-0002-3320-4742,Afolarin Amodu,Afolarin,Amodu,,200,
0000-0002-3320-5534,JUAN F SILVA,JUAN F,SILVA,,200,
0000-0002-3326-5924,Colm Kelleher,Colm,Kelleher,,200,
0000-0002-3331-8600,Lisa Goodrich,Lisa,Goodrich,,200,
0000-0002-3331-9312,Rifat Rahman,Rifat,Rahman,,200,
0000-0002-3332-3020,Judith Kaye,Judith,Kaye,,200,
0000-0002-3334-8818,Rishov Goswami,Rishov,Goswami,,200,
0000-0002-3338-0009,Dr. Kholoud Alwosaibai,Dr. Kholoud,Alwosaibai,,200,
0000-0002-3338-0324,Alexander Atanasov,Alexander,Atanasov,,200,
0000-0002-3338-7163,Shannon Nangle,Shannon,Nangle,,200,
0000-0002-3339-4160,Alessandra Gudila Rodriguez Mercado,Alessandra Gudila,Rodriguez Mercado,,200,
0000-0002-3339-5200,Annabelle Bohrdt,Annabelle,Bohrdt,,200,
0000-0002-3340-738X,Tessa Fitch,Tessa,Fitch,,200,
0000-0002-3340-9254,Sabrina Mutinelli,Sabrina,Mutinelli,,200,
0000-0002-3341-6681,John Da Silva,John,Da Silva,,200,
0000-0002-3342-1026,Giulia Paoletti,Giulia,Paoletti,,200,
0000-0002-3342-1229,Aaron Specht,Aaron,Specht,Aaron Specht,200,
0000-0002-3348-3788,H. T. Kung,H. T/,Kung,H. T. Kung,200,
0000-0002-3348-6321,Ethan Schaffer,Ethan,Schaffer,,200,
0000-0002-3350-4868,Emily Carrero Mustelier,Emily,Carrero Mustelier,,200,
0000-0002-3350-8586,VALERIA CAMPOS,VALERIA,CAMPOS,,200,
0000-0002-3352-9336,Sarah James,Sarah,James,,200,
0000-0002-3355-7644,Zhaoning Wang,Zhaoning,Wang,,200,
0000-0002-3359-0380,Jerry JiaHong LING,Jerry,Ling,Jerry JiaHong LING,200,
0000-0002-3362-857X,Veronica Ballerini,Veronica,Ballerini,,200,
0000-0002-3363-3846,Justin Schmidt,Justin,Schmidt,,200,
0000-0002-3364-1838,Peter K Sorger,Peter,Sorger,Peter K Sorger,200,
0000-0002-3364-2347,Barbara Dworetzky,Barbara,Dworetzky,,200,
0000-0002-3365-5308,Patrick Bletsis,Patrick,Bletsis,,200,
0000-0002-3365-7485,Chloe Roske,Chloe,Roske,,200,
0000-0002-3370-0367,James Mallet,James,Mallet,,200,
0000-0002-3372-5505,Madeline Levy,Madeline,Levy,,200,
0000-0002-3373-4874,Julie Wetherill,Julie,Wetherill,,200,
0000-0002-3374-5709,Guillermo Ortiz,Guillermo,Ortiz,,200,
0000-0002-3377-7655,Partha Jyoti Das,Partha Jyoti,Das,,200,
0000-0002-3379-5271,Javier A. Villafuerte Galvez,Javier,Villafuerte Galvez,Javier A. Villafuerte Galvez,200,
0000-0002-3379-7998,Christiane Ferran,Christiane,Ferran,,200,
0000-0002-3382-815X,Randy Williams,Randy,Williams,,200,
0000-0002-3386-7650,Daniel Simon,Daniel,Simon,,200,
0000-0002-3389-072X,Carlos Santos Saint Romain,Carlos,Santos Saint Romain,,200,
0000-0002-3389-2303,Robert C Daniels,Robert Clinton,Daniels,Robert C Daniels,200,
0000-0002-3389-2813,Francesca Barradale,Francesca,Barradale,,200,
0000-0002-3389-6582,Christoph Sandmann,Christoph,Sandmann,,200,
0000-0002-3390-0000,Matthew Ellman,Matthew,Ellman,,200,
0000-0002-3390-9494,Krishan Gupta,Krishan,Gupta,,200,
0000-0002-3393-6927,,,,,200,
0000-0002-3397-2063,Sandra María Vélez Cuervo,Sandra María,Vélez Cuervo,,200,
0000-0002-3397-2944,Caroline A. Bulstra,Caroline A.,Bulstra,,200,
0000-0002-3397-7446,Celene Ibrahim,Celene,Ibrahim,,200,
0000-0002-3399-2910,Ashish Saksule,Ashish,Saksule,,200,
0000-0002-3402-1964,Perry Ellis,Perry,Ellis,,200,
0000-0002-3406-6492,Atul Sharma,Atul,Sharma,,200,
0000-0002-3406-7655,Vinny Chandran Suja,Vinny,Chandran Suja,,200,
0000-0002-3407-4978,Stewart Peck,Stewart,Peck,,200,
0000-0002-3408-0788,Leonardo L. Sta. Romana,Leonardo L.,Sta. Romana,,200,
0000-0002-3408-8085,Biju Parekkadan,Biju,Parekkadan,,200,
0000-0002-3408-9942,Saadia Sediqzadah,Saadia,Sediqzadah,,200,
0000-0002-3409-4389,Lara Schultes,Lara,Schultes,,200,
0000-0002-3410-9464,Patrick McCormack,Patrick,McCormack,,200,
0000-0002-3410-9675,Kristen Leeman,Kristen,Leeman,,200,
0000-0002-3415-5882,Yannis Stamos,Yannis,Stamos,,200,
0000-0002-3416-0235,Alexander L Young,Alexander,Young,Alexander L Young,200,
0000-0002-3416-3866,Emek Karakilic,Emek,Karakilic,,200,
0000-0002-3416-7488,Eileen McGivney,Eileen,McGivney,,200,
0000-0002-3417-7803,Gabrielle A. Law,Gabrielle,Law,Gabrielle A. Law,200,
0000-0002-3419-2990,Vincent Liu,Vincent,Liu,,200,
0000-0002-3421-3966,Hadar Fisher,Hadar,Fisher,,200,
0000-0002-3424-1174,Jason Wells,Jason,Wells,,200,
0000-0002-3435-3264,Trystan S. Goetze,Trystan,Goetze,Trystan S. Goetze,200,
0000-0002-3443-3504,Joy Zeng,Joy,Zeng,,200,
0000-0002-3444-1547,Mariah S. Lewis,Mariah,Lewis,Mariah S. Lewis,200,
0000-0002-3444-5767,Kenneth Wong,Kenneth,Wong,,200,
0000-0002-3448-2226,Mark Pusung,Mark,Pusung,,200,
0000-0002-3451-2368,Nishant Shah,Nishant,Shah,,200,
0000-0002-3453-9384,Timothy Padera,Timothy,Padera,,200,
0000-0002-3455-105X,Maria Francesca Soddu,Maria Francesca,Soddu,,200,
0000-0002-3455-2992,Douaa Mugahid,Doaa,Megahed,Douaa Mugahid,200,
0000-0002-3455-658X,Carole Mitnick,Carole,Mitnick,,200,
0000-0002-3455-7160,Eyoel Kebede,Eyoel,Kebede,,200,
0000-0002-3458-3131,Vikhashni Nagesh,Vikhashni,Nagesh,,200,
0000-0002-3463-2976,Sara Rankin,Sara,Rankin,,200,
0000-0002-3470-8539,Iavor Bojinov,Iavor,Bojinov,,200,
0000-0002-3473-9191,Joel Goh,Joel,Goh,,200,
0000-0002-3475-5706,Brice Gaudilliere,Brice,Gaudilliere,,200,
0000-0002-3477-8190,Cameron Hill,Cameron,Hill,,200,
0000-0002-3480-5988,Samuel Berry,Samuel,Berry,,200,
0000-0002-3483-1377,Marilyn Morgan Westner,Marilyn,Morgan Westner,,200,
0000-0002-3483-2580,Maya  Bergamasco,Maya ,Bergamasco,,200,
0000-0002-3483-2775,Joseph Guillermo Pinete Hnath,Joseph Guillermo Pinete,Hnath,,200,
0000-0002-3485-8094,Wade Regehr,Wade,Regehr,,200,
0000-0002-3486-8794,Katherine Melton,Katherine,Melton,Katherine Melton,200,
0000-0002-3486-9260,Michael Ruff,Michael,Ruff,,200,
0000-0002-3488-2959,Aleena Garner,Aleena,Garner,,200,
0000-0002-3489-3682,Emily King,Emily,King,,200,
0000-0002-3490-5356,Talieh S. Ghiasi,Talieh S.,Ghiasi,,200,
0000-0002-3490-8477,Johannes Wedel,Johannes,Wedel,,200,
0000-0002-3496-2086,Ekaterina Zhuravskaya,Ekaterina,Zhuravskaya,,200,
0000-0002-3498-0516,Lamyaâ Achary,Lamyaâ,Achary,Lamyaâ Achary,200,
0000-0002-3498-236X,Hang Lee,Hang,Lee,,200,
0000-0002-3500-0196,Chris Desmond,Chris,Desmond,,200,
0000-0002-3501-4643,Changming Chen,Changming,Chen,,200,
0000-0002-3502-7364,luca mariani,luca,mariani,,200,
0000-0002-3508-4924,Luk Vandenberghe,Luk,Vandenberghe,,200,
0000-0002-3510-8623,Dr. Ian Hudson,Dr. Ian,Hudson,,200,
0000-0002-3512-0542,Edoardo Airoldi,Edoardo,Airoldi,,200,
0000-0002-3512-1115,Chengbo Zeng,Chengbo,Zeng,,200,
0000-0002-3523-665X,Felipe Santos,Felipe,Santos,,200,
0000-0002-3532-7754,Alicia G Harley,Alicia,Harley,Alicia G Harley,200,
0000-0002-3533-9034,Fabrício H. Chagas-Bastos,Fabrício H.,Chagas-Bastos,,200,
0000-0002-3539-0200,Evangelos Messaris,Evangelos,Messaris,,200,
0000-0002-3540-1491,Carolyn Taylor,Carolyn,Taylor,,200,
0000-0002-3540-6452,Yao Zhang,Yao,Zhang,,200,
0000-0002-3541-8752,Ranjit Singha,Ranjit,Singha,,200,
0000-0002-3547-3145,Yuichiro Nakai,Yuichiro,Nakai,,200,
0000-0002-3547-448X,Xiaolu Cambronne,Xiaolu,Cambronne,,200,
0000-0002-3549-0594,Stephen Raskin,Stephen,Raskin,,200,
0000-0002-3551-9502,Kathleen Higgins,Kathleen,Higgins,,200,
0000-0002-3554-2059,Corey Allard,Corey,Allard,,200,
0000-0002-3556-1436,Vincent Huson,Vincent,Huson,,200,
0000-0002-3557-5838,Victoria M Marando,Victoria,Marando,Victoria M Marando,200,
0000-0002-3558-2886,Emre Bektik,Emre,Bektik,,200,
0000-0002-3563-0577,Josselyn Vergara Cobos,Josselyn,Vergara Cobos,,200,
0000-0002-3563-0956,Leonard Levin,Leonard,Levin,,200,
0000-0002-3566-7505,Guzman Sanchez-Schmitz,Guzman,Sanchez-Schmitz,,200,
0000-0002-3568-5615,Erin Ryan,Erin,Ryan,,200,
0000-0002-3571-7509,Alebachew Birru,Alebachew,Birru,,200,
0000-0002-3574-0258,Gerald Fraser,Gerald,Fraser,,200,
0000-0002-3577-2890,Peter Suber,Peter,Suber,Peter Suber,200,
0000-0002-3581-9652,Wafa Malik,Wafa,Malik,,200,
0000-0002-3583-3024,Lauren Cohen,Lauren,Cohen,,200,
0000-0002-3585-1628,Nicholas L. Cuccia,Nicholas,Cuccia,Nicholas L. Cuccia,200,
0000-0002-3586-1041,Ariel Dora Stern,Ariel Dora,Stern,,200,
0000-0002-3591-0552,Erica Eva Colmenares,Erica Eva,Colmenares,,200,
0000-0002-3591-1870,Jun-Rong Wei,Jun-Rong,Wei,,200,
0000-0002-3591-6620,Julius A. Tabin,Julius,Tabin,Julius A. Tabin,200,
0000-0002-3592-0478,Eamon Duede,Eamon,Duede,,200,
0000-0002-3592-484X,Hazel Pearson,Hazel,Pearson,,200,
0000-0002-3594-6213,Soohyun Lee,Soohyun,Lee,,200,
0000-0002-3599-3124,Adel Boudi,Adel,Boudi,,200,
0000-0002-3599-8160,Peter Girguis,Peter,Girguis,,200,
0000-0002-3599-9024,Anthony Paul Farley,Anthony Paul,Farley,,200,
0000-0002-3602-5109,Barnaly Rashid,Barnaly,Rashid,,200,
0000-0002-3605-8066,Viral Shah,Viral,Shah,,200,
0000-0002-3609-8834,João Paulo Oliveira-Costa,João Paulo,Oliveira-Costa,,200,
0000-0002-3618-5356,Christopher J. Buswinka,Christopher,Buswinka,Christopher J. Buswinka,200,
0000-0002-3620-2582,Hanspeter Pfister,Hanspeter,Pfister,,200,
0000-0002-3626-189X,Nilson N. Mendes Neto,Nilson,N. Mendes Neto,,200,
0000-0002-3626-7546,Christian Reece,Christian,Reece,,200,
0000-0002-3627-3233,Wesley Hanson,Wesley,Hanson,,200,
0000-0002-3628-2359,Steven Hyman,Steven,Hyman,,200,
0000-0002-3628-3802,Yongfei Cai,Yongfei,Cai,,200,
0000-0002-3632-1688,Dharaniya Sakthivel,Dharaniya,Sakthivel,,200,
0000-0002-3632-2867,Takeru Igusa,Takeru,Igusa,,200,
0000-0002-3632-4336,khadija hafidh,khadija,hafidh,,200,
0000-0002-3633-3806,Asaf Bitton,Asaf,Bitton,,200,
0000-0002-3634-6973,Stefan K. Ehrlich,Stefan K.,Ehrlich,,200,
0000-0002-3634-8813,Deepash Kothiwal,Deepash,Kothiwal,,200,
0000-0002-3636-897X,Blake Johnson,Blake,Johnson,,200,
0000-0002-3638-956X,Kavya Pathak,Kavya,Pathak,,200,
0000-0002-3641-3961,Vilma Khmaladze,Vilma,Khmaladze,,200,
0000-0002-3642-2446,Tobias. J. Looser,Tobias Jakob,Looser,Tobias. J. Looser,200,
0000-0002-3642-4425,Sarah E. Bratt,Sarah,Bratt,Sarah E. Bratt,200,
0000-0002-3643-8018,Susan L. Swain,Susan L.,Swain,,200,
0000-0002-3643-9600,Anna Malandrino,Anna,Malandrino,,200,
0000-0002-3648-8496,David Sobreira Bezerra de Menezes,David,Sobreira Bezerra de Menezes,,200,
0000-0002-3649-0879,Melanie Boling,Melanie,Boling,,200,
0000-0002-3651-5167,Timothy R. O’Meara,Timothy,O'Meara,Timothy R. O’Meara,200,
0000-0002-3652-3693,Christopher Bahl,Christopher,Bahl,,200,
0000-0002-3652-7969,Mohammad Naghi,Mohammad,Naghi,,200,
0000-0002-3653-4704,David Hutto,David,Hutto,,200,
0000-0002-3654-9535,Erhard Ploedereder,Erhard,Ploedereder,,200,
0000-0002-3655-1504,James Hogle,James,Hogle,,200,
0000-0002-3657-5127,Nicole K. Taylor,Nicole,Taylor,Nicole K. Taylor,200,
0000-0002-3658-2888,Jesse Snedeker,Jesse,Snedeker,,200,
0000-0002-3659-0765,Pouria Salehi Nowbandegani,Pouria,Salehi Nowbandegani,,200,
0000-0002-3659-6665,Ramon Romano,Ramon,Romano,Ramon Romano,200,
0000-0002-3661-8983,Cristina Contreras Casado,Cristina,Contreras Casado,,200,
0000-0002-3662-235X,Bernhard Nickel,Bernhard,Nickel,,200,
0000-0002-3662-9164,Eoin Byrne,Eoin,Byrne,,200,
0000-0002-3663-9311,Rohan Bhattacharya,Rohan,Bhattacharya,,200,
0000-0002-3664-8883,Richard Dzeng,Richard,Dzeng,,200,
0000-0002-3665-2006,Marianna Cortese,Marianna,Cortese,,200,
0000-0002-3667-6585,Eana X. Meng,Eana,Meng,Eana X. Meng,200,
0000-0002-3672-4575,Karla Milcic,Karla,Milcic,Karla Milcic,200,
0000-0002-3673-444X,Paul J. Morris,Paul,Morris,Paul J. Morris,200,
0000-0002-3674-9043,Ludwig Alexander Hoffmann,Ludwig Alexander,Hoffmann,,200,
0000-0002-3676-2707,Howard Hu,Howard,Hu,,200,
0000-0002-3677-1996,Raul San Jose Estepar,Raul,San Jose Estepar,,200,
0000-0002-3677-701X,Aaron Bembenek,Aaron,Bembenek,,200,
0000-0002-3680-2238,Phil Grayson,Phil,Grayson,,200,
0000-0002-3685-4572,Hetal Shah,Hetal,Shah,,200,
0000-0002-3689-4275,Carmine Gentile,Carmine,Gentile,,200,
0000-0002-3689-9527,Matthew Blackwell,Matthew,Blackwell,,200,
0000-0002-3694-1115,Amir H. Haghi,Amir H.,Haghi,,200,
0000-0002-3694-2951,Zammit NW,Nathan,Zammit,Zammit NW,200,
0000-0002-3696-0439,Riddhi Deshpande,Riddhi,Deshpande,,200,
0000-0002-3698-799X,Diane,Diane,,,200,
0000-0002-3699-0021,Bruce Troen,Bruce,Troen,,200,
0000-0002-3699-2406,Linsey Gani,Linsey,Gani,,200,
0000-0002-3699-9317,Le,Le,,,200,
0000-0002-3701-8066,Seba Qussini,Seba,Qussini,,200,
0000-0002-3702-4271,Hansong Li,Hansong,Li,,200,
0000-0002-3705-2731,Caroline B. Palavicino-Maggio,Caroline,Palavicino-Maggio,Caroline B. Palavicino-Maggio,200,
0000-0002-3707-2724,Helena Alviar García,Helena,Alviar García,,200,
0000-0002-3707-9301,Richard Ostfeld,Richard,Ostfeld,,200,
0000-0002-3708-0038,Mohammad Rashidian,Mohammad,Rashidian,,200,
0000-0002-3708-0118,robert beatty,robert,beatty,,200,
0000-0002-3708-2965,Iannis Adamopoulos,Iannis,Adamopoulos,,200,
0000-0002-3709-6515,Jessica Whited,Jessica,Whited,,200,
0000-0002-3713-4059,Clayton C. Covington,Clayton C.,Covington,,200,
0000-0002-3717-0244,Duygu Payzin-Dogru,Duygu,Payzin-Dogru,,200,
0000-0002-3720-5670,"R. M. Neilio, Jr.",R. Michael,"Neilio, Jr.","R. M. Neilio, Jr.",200,
0000-0002-3722-6666,Alex Legaria,Alex,Legaria,,200,
0000-0002-3723-7891,Apoorva Baluapuri,Apoorva,Baluapuri,,200,
0000-0002-3725-4392,Nelson Merhcan,Nelson,Merhcan,,200,
0000-0002-3727-1045,Michael Menietti,Michael,Menietti,,200,
0000-0002-3727-4545,Yongho Park,Yongho,Park,,200,
0000-0002-3727-9231,Idriss Paul-Armand Fofana,Idriss,Fofana,Idriss Paul-Armand Fofana,200,
0000-0002-3730-6180,James Zieske,James,Zieske,,200,
0000-0002-3732-7547,Byeong-Rak Keum,Byeong-Rak,Keum,Byeong-Rak Keum,200,
0000-0002-3734-8145,Peter Huybers,Peter,Huybers,,200,
0000-0002-3739-0415,Wenhao Zhang,Wenhao,Zhang,,200,
0000-0002-3740-4418,Jacob Barandes,Jacob,Barandes,,200,
0000-0002-3744-9149,Jacqueline Lane,Jacqueline,Lane,,200,
0000-0002-3746-1041,Anthony Kam,Anthony,Kam,,200,
0000-0002-3746-199X,Oscar Castanon Velasco,Oscar,Castanon Velasco,,200,
0000-0002-3746-2829,Brittney Love,Brittney,Love,,200,
0000-0002-3747-6884,Leah Somerville,Leah,Somerville,,200,
0000-0002-3752-5519,Lilianne R. Mujica-Parodi,Lilianne Rivka,Mujica-Parodi,Lilianne R. Mujica-Parodi,200,
0000-0002-3755-0263,Sarah Garfinkel,Sarah,Garfinkel,,200,
0000-0002-3756-0568,"Ulatan, Jeffrey C.",Jeffrey,Ulatan,"Ulatan, Jeffrey C.",200,
0000-0002-3757-541X,Felix Kraus,Felix,Kraus,,200,
0000-0002-3759-2770,Boris Johannes Nachtsheim,Boris Johannes,Nachtsheim,,200,
0000-0002-3761-540X,Frank Nagle,Frank,Nagle,,200,
0000-0002-3762-5595,Sameh N. Wahba,Sameh Naguib,Wahba,Sameh N. Wahba,200,
0000-0002-3764-2707,Rodrigo T. Conceição,RODRIGO,CONCEIÇÃO,Rodrigo T. Conceição,200,
0000-0002-3767-7205,Jenny M Tam,Jenny,Tam,Jenny M Tam,200,
0000-0002-3775-0628,Michael O. Allen,Michael,Allen,Michael O. Allen,200,
0000-0002-3777-0397,Comfort Oluremilekun Kusimo,Comfort Oluremilekun,Kusimo,,200,
0000-0002-3779-7258,Gabriele Pasquale,Gabriele,Pasquale,,200,
0000-0002-3780-3590,Nelson Aprobato Filho,Nelson,Aprobato Filho,,200,
0000-0002-3782-4770,Jon Willcox,Jon,Willcox,,200,
0000-0002-3782-4797,Milson Munakami,Milson,Munakami,,200,
0000-0002-3783-539X,Nabig A. Chaudhry,Nabig Ahmed,Chaudhry,Nabig A. Chaudhry,200,
0000-0002-3784-1896,Samuel Zimmerman,Samuel,Zimmerman,,200,
0000-0002-3784-8238,Benjamin Dekel,Benjamin,Dekel,,200,
0000-0002-3784-8457,Suen Wang,Suen,Wang,,200,
0000-0002-3786-5644,Afreen Siddiqi,Afreen,Siddiqi,,200,
0000-0002-3790-7322,Yuhao Wang,Yuhao,Wang,,200,
0000-0002-3791-459X,Sarah Skye Yoden,Sarah Skye,Yoden,Sarah Skye Yoden,200,
0000-0002-3791-4872,Adam N. Carte,Adam Nathaniel,Carte,Adam N. Carte,200,
0000-0002-3797-3354,Minguk Han,Minguk,Han,,200,
0000-0002-3797-9369,F. Sessions Cole,F. Sessions,Cole,,200,
0000-0002-3806-2536,Ishika Nag,Ishika,Nag,,200,
0000-0002-3807-9717,Ye Fu,Ye,Fu,,200,
0000-0002-3809-4044,Katherine Oppenheimer,Katherine,Oppenheimer,,200,
0000-0002-3811-3364,Jennifer Waters,Jennifer,Waters,,200,
0000-0002-3812-3474,Abhishek Sharma,Abhishek,Sharma,,200,
0000-0002-3816-7071,Yongkang Li,Yongkang,Li,,200,
0000-0002-3818-4541,Thomas Dohlman,Thomas,Dohlman,,200,
0000-0002-3824-3599,Elizabeth Scala,Elizabeth,Scala,,200,
0000-0002-3824-6546,Laura Valenzuela-Vallejo,Laura,Valenzuela-Vallejo,,200,
0000-0002-3825-5899,Alican Ozkan,Alican,Ozkan,,200,
0000-0002-3827-0001,Kenji Kitamura,Kenji,Kitamura,,200,
0000-0002-3830-4304,Alessandro Doria,Alessandro,Doria,,200,
0000-0002-3831-000X,Sheldon Park,Sheldon,Park,,200,
0000-0002-3832-1390,Guillaume Jaume,Guillaume,Jaume,,200,
0000-0002-3832-8955,Elamaran Meibalan,Elamaran,Meibalan,,200,
0000-0002-3835-1290,Hassan A. Khalil,Hassan,Khalil,Hassan A. Khalil,200,
0000-0002-3836-2440,Kevin Pritchard,Kevin,Pritchard,,200,
0000-0002-3837-0635,Chiara Maffei,Chiara,Maffei,,200,
0000-0002-3837-4564,Patric Vaelli,Patric,Vaelli,,200,
0000-0002-3838-368X,Adrián Leandro  Lewandowski,Adrián Leandro ,Lewandowski,,200,
0000-0002-3838-7517,Giannis Perperidis,Giannis,Perperidis,,200,
0000-0002-3841-2970,Ian Robert Dinwoodie,Ian,Dinwoodie,Ian Robert Dinwoodie,200,
0000-0002-3851-7406,Wen Li,Wen,Li,,200,
0000-0002-3851-9911,Nikolas Bowie,Nikolas,Bowie,,200,
0000-0002-3853-1558,Todd Zickler,Todd,Zickler,,200,
0000-0002-3854-6151,Moshe Shemesh,Moshe,Shemesh,,200,
0000-0002-3855-192X,Shahab Masoumi,Shahab,Masoumi,,200,
0000-0002-3861-9592,Andrea M Salazar,Andrea,Salazar,Andrea M Salazar,200,
0000-0002-3862-1705,Juan Olivella,Juan Camilo,Olivella Gomez,Juan Olivella,200,
0000-0002-3865-3678,Zhipan Wang,Zhipan,Wang,,200,
0000-0002-3866-8108,Theda Skocpol,Theda,Skocpol,,200,
0000-0002-3867-7629,Xiaofei Tian,Xiaofei,Tian,,200,
0000-0002-3868-7499,Brian O'Gara,Brian,O'Gara,,200,
0000-0002-3869-0057,Jessica D Cundiff,Jessica D,Cundiff,,200,
0000-0002-3869-1893,Mark S. Sherwin,Mark,Sherwin,Mark S. Sherwin,200,
0000-0002-3871-5760,Maha Farhat,Maha,Farhat,,200,
0000-0002-3873-7943,Shafqat,Shafqat,,,200,
0000-0002-3874-6671,Yiwen Zhu,Yiwen,Zhu,,200,
0000-0002-3875-0945,Ashuin Kammar-García,Ashuin,Kammar-García,,200,
0000-0002-3875-871X,Max A Horlbeck,Max,Horlbeck,Max A Horlbeck,200,
0000-0002-3876-8651,Ran Zhuo,Ran,Zhuo,,200,
0000-0002-3878-5283,Fernanda Guilhaume Correa,Fernanda,Guilhaume Correa,,200,
0000-0002-3879-6126,IM Magodoro,Itai M`yambo,Magodoro,IM Magodoro,200,
0000-0002-3880-1052,Lynda Mugglestone,Lynda,Mugglestone,,200,
0000-0002-3882-0712,Kalyan Kumar Chakravarty,Kalyan Kumar,Chakravarty,,200,
0000-0002-3882-2128,Anvar Abdullaev,Anvar,Abdullaev,,200,
0000-0002-3882-457X,Rebecca T. Beuschel,Rebecca,Beuschel,Rebecca T. Beuschel,200,
0000-0002-3884-9961,Sepideh  Parvanian ,Sepideh ,Parvanian ,,200,
0000-0002-3889-1529,Yahya E. Choonara,Yahya,Choonara,Yahya E. Choonara,200,
0000-0002-3891-732X,Dean Li,Dean,Li,,200,
0000-0002-3894-8425,Rui Sun,Rui,Sun,,200,
0000-0002-3901-7980,"Dr. med. Dr. Asma BEN-TEKAYA HALLAB, MSc.",Dr. med. Dr. MSc. Asma,Hallab,"Dr. med. Dr. Asma BEN-TEKAYA HALLAB, MSc.",200,
0000-0002-3902-1939,Stepan Jerabek,Stepan,Jerabek,,200,
0000-0002-3903-9055,Michael Lewis,Michael,Lewis,,200,
0000-0002-3904-7207,Jonathan K. Doyon,Jonathan K,Doyon,Jonathan K. Doyon,200,
0000-0002-3908-7620,Matteo Vissani,Matteo,Vissani,,200,
0000-0002-3911-1686,Antuan V Tran,Antuan V,Tran,,200,
0000-0002-3911-5943,Sheila Reiss Reddy,Sheila,Reiss Reddy,,200,
0000-0002-3912-5113,Chen-Yu Wang,Chen-Yu,Wang,,200,
0000-0002-3914-2431,Karmel W. Choi,Karmel,Choi,Karmel W. Choi,200,
0000-0002-3916-0293,Siddharth Raju,Siddharth,Raju,,200,
0000-0002-3917-9808,Miguel A. Martinez-Gonzalez,Miguel A.,Martinez-Gonzalez,,200,
0000-0002-3922-1797,Hsien-Ya Lin,Hsien-Ya,Lin,,200,
0000-0002-3925-9752,Martin Meiske,Martin,Meiske,,200,
0000-0002-3928-2442,Pruthvi Gowda,Pruthvi,Gowda,,200,
0000-0002-3935-926X,Sithara Wijeratne,Sithara,Wijeratne,,200,
0000-0002-3936-2899,Ursula Friedman,Ursula,Friedman,,200,
0000-0002-3938-1707,Marie McCormmick,Marie,McCormmick,,200,
0000-0002-3939-1315,Suraj Srinivasan,Suraj,Srinivasan,,200,
0000-0002-3940-5617, Villasenor-Altamirano Ana B,Ana Beatriz,Villaseñor Altamirano, Villasenor-Altamirano Ana B,200,
0000-0002-3942-7648,Huaming Sun,Huaming,Sun,,200,
0000-0002-3944-4309,Rafael A. Irizarry,Rafael,Irizarry,Rafael A. Irizarry,200,
0000-0002-3945-2974,Sarah J DeMott,Sarah J,DeMott,,200,
0000-0002-3946-5003,Shuze Liu,Shuze,Liu,,200,
0000-0002-3947-2860,Xiaoling Hu,Xiaoling,Hu,,200,
0000-0002-3947-7741,Victor Chiruta,Victor,Chiruta,,200,
0000-0002-3951-1890,Daozheng Gong,Daozheng,Gong,,200,
0000-0002-3956-7288,Minkyoung Lee,Minkyoung,Lee,,200,
0000-0002-3957-8307,Dylan Holden,Dylan,Holden,,200,
0000-0002-3958-829X,Sandrine Crener,Sandrine,Crener,,200,
0000-0002-3960-7796,Zoe Fonseca-Kelly,Zoe,Fonseca-Kelly,,200,
0000-0002-3961-6609,A Heather Eliassen,A Heather,Eliassen,,200,
0000-0002-3963-1518,Vassiliki Boussiotis,Vassiliki,Boussiotis,,200,
0000-0002-3964-6752,Benjamin Lewis,Benjamin,Lewis,,200,
0000-0002-3966-3309,Kangjin Kim,Kangjin,Kim,,200,
0000-0002-3966-5734,Professor Nikhil Vasdev,Nikhil,Vasdev,Professor Nikhil Vasdev,200,
0000-0002-3967-2715,Rahul S. Gandhi,Rahul S.,Gandhi,,200,
0000-0002-3967-2854,Amineh Mohseni,Amineh,Mohseni,,200,
0000-0002-3968-0459,Ishani Sharma,Ishani,Sharma,,200,
0000-0002-3968-0571,Yuyang Chen,Yuyang,Chen,,200,
0000-0002-3969-4199,Zhengzheng Sophia Liang,Zhengzheng,Liang,Zhengzheng Sophia Liang,200,
0000-0002-3970-9960,Zachary Millman,Zachary,Millman,,200,
0000-0002-3971-5359,Elizabeth Kiraly,Elizabeth,Kiraly,Elizabeth Kiraly,200,
0000-0002-3974-159X,Dániel Seidl,Dániel,Seidl,,200,
0000-0002-3975-1165,Nancy Etcoff,Nancy,Etcoff,,200,
0000-0002-3980-5848,Rebecca Zarch,Rebecca,Zarch,,200,
0000-0002-3981-2730,Diana Țâmbală,Diana,Țâmbală,,200,
0000-0002-3986-4303,Maimuna Shahnaz Majumder,Maimuna,Majumder,Maimuna Shahnaz Majumder,200,
0000-0002-3986-838X,Amir Moghaddam,Amir,Moghaddam,Amir Moghaddam,200,
0000-0002-3986-8734,Osiris Rankin,Osiris,Rankin,,200,
0000-0002-3987-7198,Roy Blum,Roy,Blum,,200,
0000-0002-3989-8693,,,,,200,
0000-0002-3991-4657,Katelyn Dannheim,Katelyn,Dannheim,,200,
0000-0002-3992-8864,Brian Odom,Brian,Odom,,200,
0000-0002-3993-907X,Anush Chiappino-Pepe,Anush,Chiappino Pepe,Anush Chiappino-Pepe,200,
0000-0002-3995-6742,Elizabeth Partan,Elizabeth,Partan,,200,
0000-0002-3997-5839,Yohannes Tesfaigzi,Yohannes,Tesfaigzi,,200,
0000-0002-3997-6073,John Mulcahy,John,Mulcahy,,200,
0000-0002-4001-0807,Carlos Rios Perez,Carlos,Rios Perez,,200,
0000-0002-4001-7638,Sung Eun Choi,Sung Eun,Choi,,200,
0000-0002-4006-5285,Julien Dilly,Julien,Dilly,,200,
0000-0002-4007-2207,Zachary J Ward,Zachary,Ward,Zachary J Ward,200,
0000-0002-4008-6203,Jason Hoffman,Jason,Hoffman,,200,
0000-0002-4011-7372,Andrea Appleton,Andrea,Appleton,,200,
0000-0002-4014-1954,Julia Whelan,Julia,Whelan,,200,
0000-0002-4015-4106,SANDEEP BASU,SANDEEP,BASU,,200,
0000-0002-4017-7690,Rosa Turco,Rosa,Turco,,200,
0000-0002-4018-5527,Vikram Khurana,Vikram,Khurana,,200,
0000-0002-4022-8144,Matthew Wittmann,Matthew,Wittmann,,200,
0000-0002-4023-7331,Gabriela Carrillo,Gabriela,Carrillo,,200,
0000-0002-4024-2034,Laura E Dodge,Laura,Dodge,Laura E Dodge,200,
0000-0002-4027-233X,Fawwaz Habbal,Fawwaz,Habbal,,200,
0000-0002-4027-7907,Craig Thomas,Craig,Thomas,,200,
0000-0002-4029-9903,Yu-Chia Chen,Yu-Chia,Chen,,200,
0000-0002-4033-9960,Maya Ball-Burack,Maya,Ball-Burack,,200,
0000-0002-4035-743X,Jennifer Cruz,Jennifer,Cruz,,200,
0000-0002-4039-2235,Laura Kubzansky,Laura,Kubzansky,,200,
0000-0002-4040-3678,Mei Wang,Mei,Wang,Mei Wang,200,
0000-0002-4043-5709,Sachin Khiste,Sachin,Khiste,,200,
0000-0002-4045-8564,Dragan IF,Irina F.,Dragan,Dragan IF,200,
0000-0002-4050-4778,DES RAJ BAJWA,PROF.(DR.) DES RAJ,BAJWA,DES RAJ BAJWA,200,
0000-0002-4050-9413,Yufan Wu,Yufan,Wu,,200,
0000-0002-4052-6897,Radhika Basheer,Radhika,Basheer,,200,
0000-0002-4053-378X,Andrea Yung,Andrea,Yung,,200,
0000-0002-4053-669X,J.M. Michlich,Jenny,Michlich,J.M. Michlich,200,
0000-0002-4053-7692,Duc Giao,Duc,Giao,,200,
0000-0002-4053-8927,Boaz Barak,Boaz,Barak,,200,
0000-0002-4056-2628,Prakriti Tayalia,Prakriti,Tayalia,,200,
0000-0002-4057-7766,Sabina Berretta,Sabina,Berretta,,200,
0000-0002-4057-9841,MABEL CHUNG,MABEL,CHUNG,,200,
0000-0002-4058-5985,cigall kadoch,cigall,kadoch,,200,
0000-0002-4059-1234,Min Wu,Min,Wu,,200,
0000-0002-4060-1738,Jacob Zavatone-Veth,Jacob,Zavatone-Veth,,200,
0000-0002-4060-7232,Maren Rehnelt,Maren,Rehnelt,,200,
0000-0002-4062-1675,Haley V. Solomon,Haley,Solomon,Haley V. Solomon,200,
0000-0002-4069-5324,Daniel L. Hall,Daniel,Hall,Daniel L. Hall,200,
0000-0002-4070-5289,Laha Ale,Laha,Ale,,200,
0000-0002-4073-2527,Carolina Fonseca Valencia,Carolina,Fonseca Valencia,Carolina Fonseca Valencia,200,
0000-0002-4074-0420,Corey Hardin,Corey,Hardin,,200,
0000-0002-4076-5337,Gloria Ha,Gloria,Ha,,200,
0000-0002-4079-8673,Christopher Ford,Christopher,Ford,,200,
0000-0002-4080-4762,William Tsiaras,William,Tsiaras,,200,
0000-0002-4081-5058,Phillip Kim,Phillip,Kim,,200,
0000-0002-4084-6030,Ka Ying Sharon Hung,Ka Ying Sharon,Hung,,200,
0000-0002-4085-8963,Rishab Jain,Rishab,Jain,,200,
0000-0002-4087-0647,Joseph Campain,Joseph,Campain,,200,
0000-0002-4090-6005,Kenneth Zhang,Kenneth,Zhang,Kenneth Zhang,200,
0000-0002-4091-4187,Hanna Kim,Hanna,Kim,,200,
0000-0002-4094-9347,Iosif Lazaridis,Iosif,Lazaridis,,200,
0000-0002-4094-9638,Brian Kelly,Brian,Kelly,,200,
0000-0002-4097-9861,Winiffer D Conce Alberto,Winiffer D,Conce Alberto,,200,
0000-0002-4098-2016,Joel Paulin Mendoza,Joel Paulin,Mendoza,Joel Paulin Mendoza,200,
0000-0002-4099-3946,Susana Vacas,Susana,Vacas,,200,
0000-0002-4099-4789,Muhammad Mudassir Saleem,Muhammad Mudassir,Saleem,,200,
0000-0002-4100-656X,Ava E. Allwardt,Ava,Allwardt,Ava E. Allwardt,200,
0000-0002-4101-3858,Nigel Gray,Nigel,Gray,,200,
0000-0002-4101-9432,Marta Korbonits,Marta,Korbonits,,200,
0000-0002-4105-5660,John O'Leary,John,O'Leary,,200,
0000-0002-4106-7055,Adrian D. Haimovich,Adrian,Haimovich,Adrian D. Haimovich,200,
0000-0002-4108-0575,Josh Tycko,Josh,Tycko,,200,
0000-0002-4111-5678,Tatyana Olivari,Tatyana,Olivari,,200,
0000-0002-4112-6473,Lucas Camargo,Lucas Ken Itsi,Ono de Camargo,Lucas Camargo,200,
0000-0002-4113-6065,Colby Chiang,Colby,Chiang,Colby Chiang,200,
0000-0002-4116-404X,Sean Brummel,Sean,Brummel,,200,
0000-0002-4117-1282,Daniel Zeve,Daniel,Zeve,,200,
0000-0002-4127-5014,Sarah Osmulski,Sarah,Osmulski,,200,
0000-0002-4127-576X,Abhineet Maini,Abhineet,Maini,,200,
0000-0002-4128-9328,Ceejay Lee,Ceejay,Lee,,200,
0000-0002-4129-2412,Joanna DiSpirito,Joanna,DiSpirito,,200,
0000-0002-4130-3580,L. Robert Hollingsworth,Louis,Hollingsworth,L. Robert Hollingsworth,200,
0000-0002-4131-1855,Nicholas Krasnow,Nicholas,Krasnow,,200,
0000-0002-4131-9259,Kelly Sagar,Kelly,Sagar,,200,
0000-0002-4132-4621,Chaker Adra,Chaker,Adra,,200,
0000-0002-4134-2846,Zhen Kai Ngian,Zhen Kai,Ngian,,200,
0000-0002-4134-7612,Ayshwarya Subramanian,Ayshwarya,Subramanian,,200,
0000-0002-4139-032X,Xiaoqing Zhou,Xiaoqing,Zhou,,200,
0000-0002-4139-7628,Robyn Rosenberg,Robyn,Rosenberg,,200,
0000-0002-4140-5181,Daniela Cammack,Daniela,Cammack,,200,
0000-0002-4142-2424,Kehuan Lin,Kehuan,Lin,,200,
0000-0002-4143-7247,Dr shyam Prasad. B. R.,Dr shyam,Prasad. B. R.,,200,
0000-0002-4143-8485,Matthew Pase,Matthew,Pase,,200,
0000-0002-4150-995X,Daniel Aldrich,Daniel,Aldrich,,200,
0000-0002-4152-7066,Vijak Sethaput,Vijak,Sethaput,,200,
0000-0002-4152-9627,Eleni Angelaki,Eleni,Angelaki,,200,
0000-0002-4153-7336,Wenfei Wang,Wenfei,Wang,,200,
0000-0002-4154-080X,Shamai A Grossman,Shamai,Grossman,Shamai A Grossman,200,
0000-0002-4154-6726,Rushabh Doshi,Rushabh,Doshi,,200,
0000-0002-4155-5091,Synho Do,Synho,Do,,200,
0000-0002-4157-0777,Silke Beck,Silke,Beck,,200,
0000-0002-4160-421X,Peter S. Liang,Peter,Liang,Peter S. Liang,200,
0000-0002-4161-0265,Daniel Garces,Daniel,Garces,,200,
0000-0002-4162-1132,Timothy Kunz,Timothy,Kunz,,200,
0000-0002-4163-3598,Haim Moore,Haim,Moore,,200,
0000-0002-4165-4751,Timothy Wannier,Timothy,Wannier,,200,
0000-0002-4166-647X,Haopeng Xiao,Haopeng,Xiao,,200,
0000-0002-4166-9830,Jumanah Alshenaifi,Jumanah,Alshenaifi,,200,
0000-0002-4171-4339,Ousmane Kane,Ousmane,Kane,,200,
0000-0002-4173-4372,"Lin, PY",Pei Yin,Lin,"Lin, PY",200,
0000-0002-4173-9763,Tomoko Takahashi,Tomoko,Takahashi,,200,
0000-0002-4176-3800,Paula Gottlieb,Paula,Gottlieb,,200,
0000-0002-4179-2580,Hasan Zaidi,Hasan,Zaidi,,200,
0000-0002-4181-7856,Kevin Struhl,Kevin,Struhl,,200,
0000-0002-4182-4212,Till Bärnighausen,Till,Bärnighausen,,200,
0000-0002-4182-8010,M Lozano,Manuel,Lozano Rodríguez,M Lozano,200,
0000-0002-4185-7313,Rachel Plummer,Rachel,Plummer,,200,
0000-0002-4186-7570,Johannes Walter,Johannes,Walter,,200,
0000-0002-4194-5516,George E. Clark,George,Clark,George E. Clark,200,
0000-0002-4195-2409,Yoshiya Sekiguchi,Yoshiya,Sekiguchi,,200,
0000-0002-4197-7729,Caterina Gasperini,Caterina,Gasperini,,200,
0000-0002-4198-7548,Sergey Karamnov,Sergey,Karamnov,,200,
0000-0002-4200-7409,Rahi Navelkar,Rahi,Navelkar,,200,
0000-0002-4201-1061,Suchita P. Nety,Suchita P.,Nety,,200,
0000-0002-4203-0270,Robert Fletcher,Robert,Fletcher,,200,
0000-0002-4205-9639,David Skurnik,David,Skurnik,,200,
0000-0002-4209-8726,Steve Lynton,Steve,Lynton,,200,
0000-0002-4210-7127,Tingyi Cao,Tingyi,Cao,,200,
0000-0002-4210-7928,Rebecca Cagnina,Rebecca,Cagnina,,200,
0000-0002-4211-4490,Joshua W. Ohde,Joshua,Ohde,Joshua W. Ohde,200,
0000-0002-4213-8636,Magdalena Brzezinska,Magdalena,Brzezinska,,200,
0000-0002-4215-8530,Alisha Holland,Alisha,Holland,,200,
0000-0002-4222-3697,Prof Fatima Cassim,Fatima,Cassim,Prof Fatima Cassim,200,
0000-0002-4225-2690,Lindsey Marmont,Lindsey,Marmont,,200,
0000-0002-4226-6806,Sheng Hui,Sheng,Hui,,200,
0000-0002-4226-8596,Mahdi AlBasri,Mahdi,AlBasri,,200,
0000-0002-4227-0258,Stephanie C. Gee,Stephanie,Gee,Stephanie C. Gee,200,
0000-0002-4228-5310,Jordan Solomonic,Jordan,Solomonic,,200,
0000-0002-4229-2852,Adam Haber,Adam,Haber,,200,
0000-0002-4229-2916,Thomas Kupper,Thomas,Kupper,,200,
0000-0002-4231-0256,Pencho Yordanov,Pencho,Yordanov,,200,
0000-0002-4232-9141,Yun Han Kwon,Yun Han,Kwon,,200,
0000-0002-4234-7999,Joy Shi,Joy,Shi,,200,
0000-0002-4236-3921,Agus Harimurti Yudhoyono,Agus Harimurti,Yudhoyono,,200,
0000-0002-4238-3383,Victoria Votaw,Victoria,Votaw,,200,
0000-0002-4242-486X,Yvonne Teng,Yvonne,Teng,,200,
0000-0002-4243-9113,Sun Young Park,Sun Young,Park,,200,
0000-0002-4244-1141,Walid Alrayashi,Walid,Alrayashi,,200,
0000-0002-4244-4529,Giacomo Caio,Giacomo,Caio,,200,
0000-0002-4244-4553,Raviteja Anantha,Raviteja,Anantha,,200,
0000-0002-4245-3142,Jennifer Molinsky,Jennifer,Molinsky,,200,
0000-0002-4246-7093,Rocky Stroud II,Rocky,Stroud II,,200,
0000-0002-4248-4635,Natalie Andresen,Natalie,Andresen,Natalie Andresen,200,
0000-0002-4257-1851,Alan Le Goallec,Alan,Le Goallec,,200,
0000-0002-4257-3611,"Olaitan I. Awe, PhD",Olaitan I.,Awe,"Olaitan I. Awe, PhD",200,
0000-0002-4258-6869,Zili Huang,Zili,Huang,,200,
0000-0002-4259-7816,Alexandra Rudolph,Alexandra,Rudolph,,200,
0000-0002-4261-7282,Sebastian Kaltenbach,Sebastian,Kaltenbach,,200,
0000-0002-4264-2752,Peter Doubilet,Peter,Doubilet,,200,
0000-0002-4265-7487,Renata Prôa Dalle Lucca,Renata,Prôa Dalle Lucca,,200,
0000-0002-4269-7454,Liang Ye,Liang,Ye,Liang Ye,200,
0000-0002-4273-2184,Denis Sukachev,Denis,Sukachev,,200,
0000-0002-4273-4681,Lydia Lynch,Lydia,Lynch,,200,
0000-0002-4275-2951,Shunping Wang,Shunping,Wang,,200,
0000-0002-4282-2542,Wenbo Wang,Wenbo,Wang,,200,
0000-0002-4285-6048,j. Siguru Wahutu,j.,Siguru Wahutu,,200,
0000-0002-4291-2847,MERYEM YUCEL,MERYEM,YUCEL,,200,
0000-0002-4291-7787,Vikas Kumar,Vikas,Kumar,,200,
0000-0002-4292-8232,Dr. Marguerite Nyhan,Dr. Marguerite,Nyhan,,200,
0000-0002-4294-1234,Lama Hassoun Ayoub,Lama,Hassoun Ayoub,,200,
0000-0002-4294-2501,M. Connor Sullivan,Matthew,Sullivan,M. Connor Sullivan,200,
0000-0002-4294-7142,Raheelah Ahmad,Raheelah,Ahmad,,200,
0000-0002-4298-3450,Michael Deem,Michael,Deem,,200,
0000-0002-4299-1389,Stecia-Marie Fletcher,Stecia-Marie,Fletcher,,200,
0000-0002-4299-1485,Olivia Zhang,Olivia,Zhang,,200,
0000-0002-4299-6761,Kimberly Lovie Murdaugh,Kimberly,Murdaugh,Kimberly Lovie Murdaugh,200,
0000-0002-4302-1771,Douglas Causey,Douglas,Causey,,200,
0000-0002-4304-2417,Wenyan Guan,Wenyan,Guan,,200,
0000-0002-4304-5271,Maria C Schneeweiss,Maria,Schneeweiss,Maria C Schneeweiss,200,
0000-0002-4304-7437,Pushkal Shrivastava,Pushkal,Shrivastava,,200,
0000-0002-4305-8099,Marinna Madrid,Marinna,Madrid,,200,
0000-0002-4306-3293,Qi Wang,Qi,Wang,,200,
0000-0002-4306-8828,Diyaselis Delgado,Diyaselis,Delgado,Diyaselis Delgado,200,
0000-0002-4307-5649,Yu-Tig Huang,Yu-Tig,Huang,,200,
0000-0002-4308-1213,Gregory Brown,Gregory,Brown,,200,
0000-0002-4308-2339,Pere Guerra,Pere,Guerra,,200,
0000-0002-4310-9183,Mason Marks,Mason,Marks,,200,
0000-0002-4311-138X,Marcela Garita-Hernandez,Marcela,Garita-Hernandez,,200,
0000-0002-4311-584X,Peng Gao,Peng,Gao,,200,
0000-0002-4314-5248,Maria Cedeno-Bruzual,Maria,Cedeno-Bruzual,Maria Cedeno-Bruzual,200,
0000-0002-4314-8713,Charles Liu,Charles,Liu,,200,
0000-0002-4319-6520,Donald E. Ingber ,Donald,Ingber,Donald E. Ingber ,200,
0000-0002-4319-9836,Julie E M McGeoch,Julie E M,McGeoch,,200,
0000-0002-4321-0580,Jielu  Zhang,Jielu ,Zhang,,200,
0000-0002-4322-9564,Victoria Martin,Victoria,Martin,,200,
0000-0002-4326-0609,Richard B. Parad,Richard,Parad,Richard B. Parad,200,
0000-0002-4326-3033,Ben Ewen-Campen,Ben,Ewen-Campen,,200,
0000-0002-4326-7720,Ann M Graybiel,Ann,Graybiel,Ann M Graybiel,200,
0000-0002-4326-8168,Luke Mueller,Luke,Mueller,,200,
0000-0002-4333-7581,Fan Liu,Fan,Liu,,200,
0000-0002-4338-3393,Benjamin Bellet,Benjamin,Bellet,,200,
0000-0002-4338-7853,Samuel Santos da Silva,Samuel,Santos da Silva,Samuel Santos da Silva,200,
0000-0002-4340-4377,Chara Podimata,Chara,Podimata,,200,
0000-0002-4340-5118,Can Zhang,Can,Zhang,,200,
0000-0002-4340-6858,Killian O'Brien,Killian,O'Brien,,200,
0000-0002-4350-9240,Rajib Shome,Rajib,Shome,,200,
0000-0002-4351-3880,Noah Olsman,Noah,Olsman,,200,
0000-0002-4353-4155,Rebecca Lawn,Rebecca,Lawn,,200,
0000-0002-4354-4169,Jaeyoung Yoon,Jaeyoung,Yoon,,200,
0000-0002-4355-0921,João Alves,João,Alves,João Alves,200,
0000-0002-4359-7586,Romain Ruzziconi,Romain,Ruzziconi,,200,
0000-0002-4360-5902,Barry L. Bentley,Barry L.,Bentley,,200,
0000-0002-4360-7705,Curtis Perry,Curtis,Perry,,200,
0000-0002-4361-8295,Jeong H Yun,Jeong,Yun,Jeong H Yun,200,
0000-0002-4362-2585,Hyeuknam Kwon,Hyeuknam,Kwon,,200,
0000-0002-4364-6210,Tyler M. Berzin,Tyler,Berzin,Tyler M. Berzin,200,
0000-0002-4365-1706,Cristiano Berardo Cunha,Cristiano Berardo,Cunha,,200,
0000-0002-4366-1322,Michaela Kerrissey,Michaela,Kerrissey,,200,
0000-0002-4376-1876,Shahram Misaghi,Shahram,Misaghi,,200,
0000-0002-4377-7982,Sara Wernig-Zorc,Sara,Wernig-Zorc,,200,
0000-0002-4382-2720,Weiyi,Weiyi,,,200,
0000-0002-4384-4428,Sahand Hormoz,Sahand,Hormoz,,200,
0000-0002-4389-8186,Andrew Bair,Andrew,Bair,,200,
0000-0002-4391-5951,Javier Luque,Javier,Luque,,200,
0000-0002-4392-3265,Kathleen Beeson,Kathleen,Beeson,,200,
0000-0002-4393-6162,Janina Safran,Janina,Safran,,200,
0000-0002-4393-9929,Stefi Lee,Stefi,Lee,,200,
0000-0002-4394-2132,Carolina DE STEFANO,Carolina,DE STEFANO,,200,
0000-0002-4394-5077,Benjamin Swenor,Benjamin,Swenor,,200,
0000-0002-4394-7099,William Shen,William,Shen,,200,
0000-0002-4394-7558,Philip Gant,Philip,Gant,,200,
0000-0002-4395-1397,Henning Tiemeier,Henning,Tiemeier,Henning Tiemeier,200,
0000-0002-4400-7787,"Tavares, M.T.",Maurício,Temotheo Tavares,"Tavares, M.T.",200,
0000-0002-4402-6064,,,,,200,
0000-0002-4403-7871,Shehnaz Alidina,Shehnaz,Alidina,,200,
0000-0002-4404-8183,Clarissa Pacyna,Clarissa,Pacyna,,200,
0000-0002-4407-1420,Pere Dosta Pons,Pere,Dosta Pons,,200,
0000-0002-4418-445X,Eleanor  Minogue,Eleanor ,Minogue,,200,
0000-0002-4423-893X,Rosalind J. Xu,Rosalind,Xu,Rosalind J. Xu,200,
0000-0002-4423-9617,Ariel Elizarov,Ariel,Elizarov,,200,
0000-0002-4424-0853,Pranay Tankala,Pranay,Tankala,,200,
0000-0002-4429-2389,edward abraham,edward,abraham,,200,
0000-0002-4434-5057,Jingmei Hu,Jingmei,Hu,Jingmei Hu,200,
0000-0002-4435-4121,Jennifer Leestma,Jennifer,Leestma,,200,
0000-0002-4435-413X,Beyza Bulutoglu,Beyza,Bulutoglu,,200,
0000-0002-4435-7779,Christopher Brancato,Christopher,Brancato,,200,
0000-0002-4436-5138,Jonathan Palmer,Jonathan,Palmer,,200,
0000-0002-4436-9630,Jorge Chavarro,Jorge,Chavarro,,200,
0000-0002-4437-0340,Amanda Third,Amanda,Third,,200,
0000-0002-4437-4317,Nilendra Nair,Nile,Nair,Nilendra Nair,200,
0000-0002-4438-788X,Brian Tamanaha,Brian,Tamanaha,,200,
0000-0002-4439-8554,Arezou A Ghazani,Arezou,Ghazani,Arezou A Ghazani,200,
0000-0002-4446-0194,Desheng Wu,Desheng,Wu,,200,
0000-0002-4453-8406,Krissy Lyon,Krissy,Lyon,,200,
0000-0002-4455-7842,Jensen Pak,Jensen,Pak,,200,
0000-0002-4456-7784,Rita L. Kurtz,Rita L.,Kurtz,,200,
0000-0002-4459-7270,Yon Soo Park,Yon Soo,Park,,200,
0000-0002-4459-9428,David E. Clapham,David,Clapham,David E. Clapham,200,
0000-0002-4461-4894,Guillermo Gapel Redcozub,Guillermo,Gapel Redcozub,,200,
0000-0002-4461-5029,Abdullah Yonar,Abdullah,Yonar,,200,
0000-0002-4465-2217,Belinda Hsi Dickie,Belinda,Hsi Dickie,,200,
0000-0002-4467-8214,Aaron Afilalo,Aaron,Afilalo,,200,
0000-0002-4472-4970,Kelsey Carthew,Kelsey,Carthew,,200,
0000-0002-4473-9785,Audrey Barker Plotkin,Audrey,Barker Plotkin,,200,
0000-0002-4475-3878,Sein  Kim,Sein ,Kim,,200,
0000-0002-4478-4471,Kathleen Powis,Kathleen,Powis,,200,
0000-0002-4483-9364,Bruno Splavski,Bruno,Splavski,,200,
0000-0002-4486-018X,ZHENGWANG SUN,ZHENGWANG,SUN,,200,
0000-0002-4488-7366,Pascale Nevins,Pascale,Nevins,,200,
0000-0002-4489-7070,B. Ashleigh Guadagnolo,B. Ashleigh,Guadagnolo,,200,
0000-0002-4491-1004,Ivan Hancco Zirena,Ivan,Hancco Zirena,Ivan Hancco Zirena,200,
0000-0002-4496-1706,Robert Stavins,Robert,Stavins,,200,
0000-0002-4496-5328,Amanda M. Gutierrez,Amanda,Gutierrez,Amanda M. Gutierrez,200,
0000-0002-4498-7893,Malika aid,Malika,aid,,200,
0000-0002-4499-2545,Stefano Zambito,Stefano,Zambito,,200,
0000-0002-4500-1918,Samuel Patz,Samuel,Patz,,200,
0000-0002-4503-2861,Sheila Isanaka,Sheila,Isanaka,,200,
0000-0002-4507-2708,Youyun Zheng,Youyun,Zheng,,200,
0000-0002-4507-7402,Ishani Maitra,Ishani,Maitra,,200,
0000-0002-4507-7824,Marco Fumasoni,Marco,Fumasoni,,200,
0000-0002-4508-2789,Gustavo Zafra,Gustavo,Zafra,,200,
0000-0002-4508-5365,Yang Hu,Yang,Hu,,200,
0000-0002-4509-0551,Andrew Ross,Andrew,Ross,,200,
0000-0002-4510-1249,Maria Serena Longhi,Maria Serena,Longhi,,200,
0000-0002-4514-9074,Liang Zhong,Liang,Zhong,,200,
0000-0002-4515-1473,Emeli Chatterjee,Emeli,Chatterjee,,200,
0000-0002-4515-3655,Eduardo Lazzari,Eduardo,Lazzari,,200,
0000-0002-4517-2143,Ramagonolla Kranthikumar,Kranthi kumar,Ramagonolla,Ramagonolla Kranthikumar,200,
0000-0002-4517-6363,Carmel Shachar,Carmel,Shachar,,200,
0000-0002-4526-0717,Brayden Noh,Brayden,Noh,,200,
0000-0002-4528-5877,Christina Warinner,Christina,Warinner,,200,
0000-0002-4529-9320,Sundeep Grandhe,Sundeep,Grandhe,,200,
0000-0002-4533-398X,Mathias Pawlak,Mathias,Pawlak,,200,
0000-0002-4534-0215,Karina Calderon,Karina,Calderon,,200,
0000-0002-4537-1062,Vicky Au,Vicky,Au,,200,
0000-0002-4537-1257,Ryan Posey,Ryan,Posey,,200,
0000-0002-4537-8635,Mindy Kornhaber,Mindy,Kornhaber,,200,
0000-0002-4538-0890,Seola Lee,Seola,Lee,,200,
0000-0002-4541-7024,Susan Rattigan,Susan,Rattigan,,200,
0000-0002-4542-796X,Kou QIn,Kou,QIn,,200,
0000-0002-4543-2697,Quinn Rainer,Quinn,Rainer,,200,
0000-0002-4544-4452,Eleftherios I. Paschalis,Eleftherios,Paschalis Ilios,Eleftherios I. Paschalis,200,
0000-0002-4546-0516,Nathaniel Killian,Nathaniel,Killian,,200,
0000-0002-4546-7371,Steven Balk,Steven,Balk,,200,
0000-0002-4547-618X,Mary Heather Celine Florido,Mary Heather Celine,Florido,,200,
0000-0002-4550-235X,Zheng Tracy Ke,Zheng Tracy,Ke,,200,
0000-0002-4554-0110,Daniel H Wainstock,Dan,Wainstock,Daniel H Wainstock,200,
0000-0002-4556-7030,Krishna Rajendran,Krishna,Rajendran,,200,
0000-0002-4556-9634,Emily Y. Yang,Emily Yedam,Yang,Emily Y. Yang,200,
0000-0002-4557-2972,Sabrina Josephine Chan,Sabrina,Chan,Sabrina Josephine Chan,200,
0000-0002-4558-0841,Houwen Wu,Houwen,Wu,,200,
0000-0002-4558-7023,Mei-Hua Hall,Mei-Hua,Hall,,200,
0000-0002-4560-8808,Nicole Kim,Nicole,Kim,,200,
0000-0002-4561-3850,Amir Karger,Amir,Karger,,200,
0000-0002-4563-3683,Maria Ericsson,Maria,Ericsson,,200,
0000-0002-4565-6279,Anthony Christidis,Anthony,Christidis,,200,
0000-0002-4565-7706,Victor Fattori,Victor,Fattori,,200,
0000-0002-4568-0279,Shivani Shah,Shivani,Shah,,200,
0000-0002-4569-7353,Joao Fabiano,Joao,Fabiano,,200,
0000-0002-4572-6265,Wai-Tong Louis Fan,Wai-Tong Louis,Fan,,200,
0000-0002-4573-8645,Andrew Lassar,Andrew,Lassar,,200,
0000-0002-4575-4442,Tara Akhshi,Tara,Akhshi,,200,
0000-0002-4578-7017,Valeria Elizabeth Ruiz Santana,Valeria Elizabeth,Ruiz Santana,,200,
0000-0002-4579-5113,Chenyu Lin,Chenyu,Lin,,200,
0000-0002-4582-2337,Audrey Watkins,Audrey,Watkins,,200,
0000-0002-4583-1153,Pierre-Christian Fink,Pierre-Christian,Fink,,200,
0000-0002-4583-1882,Manoela Fernandes,Manoela,Fernandes,,200,
0000-0002-4584-1634,David Rettew,David,Rettew,,200,
0000-0002-4586-3833,Han Shen,Han,Shen,,200,
0000-0002-4587-2975,Suzanne van den Hoogen,Suzanne,van den Hoogen,,200,
0000-0002-4588-9072,Gonzalo Zeballos,Gonzalo,Zeballos,,200,
0000-0002-4589-6301,Stefani Pagoulatos,Stefani,Pagoulatos,,200,
0000-0002-4590-3604,Danielle Castronovo,Danielle,Castronovo,,200,
0000-0002-4591-4477,Emily Heikamp,Emily,Heikamp,,200,
0000-0002-4592-0359,Maia Melikidze,Maia,Melikidze,,200,
0000-0002-4596-0019,Jess Kanwal,Jess,Kanwal,,200,
0000-0002-4597-6942,Deng Pan,Deng,Pan,,200,
0000-0002-4599-4016,Andrés Patiño,Andrés,Patiño,,200,
0000-0002-4599-4286,Marc Laureys,Marc,Laureys,,200,
0000-0002-4603-2046,Jocelyn Kelly,Jocelyn,Kelly,,200,
0000-0002-4604-4629,Lei Liu,Lei,Liu,,200,
0000-0002-4606-1445,Jonathan Kelber,Jonathan,Kelber,,200,
0000-0002-4606-4179,Zhenya Kalenkovich,Zhenya,Kalenkovich,,200,
0000-0002-4606-4814,Kathleen Elizabeth Mahoney,Kathleen Elizabeth,Mahoney,,200,
0000-0002-4607-8060,Jason Ānanda Josephson Storm,Jason,Josephson Storm,Jason Ānanda Josephson Storm,200,
0000-0002-4612-7758,Sayantan Mondal,Sayantan,Mondal,,200,
0000-0002-4612-8152,Kellen Mermin-Bunnell,Kellen,Mermin-Bunnell,,200,
0000-0002-4617-3375,Kevin Michael Sutherland,Kevin,Sutherland,Kevin Michael Sutherland,200,
0000-0002-4617-3703,Javier Escabi,Javier,Escabi,,200,
0000-0002-4617-7181,Jeeyun Chung,Jeeyun,Chung,,200,
0000-0002-4618-0348,Sion Harris,Sion,Harris,,200,
0000-0002-4618-295X,Wei-Chung Lee,Wei-Chung,Lee,,200,
0000-0002-4618-5085,Kristopher A. Sarosiek,Kristopher,Sarosiek,Kristopher A. Sarosiek,200,
0000-0002-4625-9232,Linda S.  Thomas,Linda S. ,Thomas,,200,
0000-0002-4629-7271,Brandon Seo,Brandon,Seo,,200,
0000-0002-4637-760X,B. A. Cook,Benjamin,Cook,B. A. Cook,200,
0000-0002-4638-1158,Rebecca Leung,Rebecca,Leung,,200,
0000-0002-4639-2930,Nicola Martino,Nicola,Martino,,200,
0000-0002-4641-196X,Camilla Boschian,Camilla,Boschian,,200,
0000-0002-4642-7128,Jiaqi  Shang,Jiaqi ,Shang,,200,
0000-0002-4647-9147,Zhuozhen Cai,Zhuozhen,Cai,,200,
0000-0002-4648-0172,Bailey J. Schultz,Bailey,Schultz,Bailey J. Schultz,200,
0000-0002-4648-275X,M. Behfar Ardehali,Behfar,Ardehali,M. Behfar Ardehali,200,
0000-0002-4648-371X,wei luo,wei,luo,,200,
0000-0002-4653-4054,Emma K. Crowley-Dolen,Emma,Crowley-Dolen,Emma K. Crowley-Dolen,200,
0000-0002-4655-4266,Mercy Mazurek,Mercy,Mazurek,,200,
0000-0002-4656-1140,Talat Waseem,Talat,Waseem,,200,
0000-0002-4656-1845,Dr. Meral Ekincioglu,Dr. Meral,Ekincioglu,Dr. Meral Ekincioglu,200,
0000-0002-4657-2237,Karla M Ramos-Torres,Karla,Ramos-Torres,Karla M Ramos-Torres,200,
0000-0002-4659-4479,Kirsten Morehouse,Kirsten,Morehouse,,200,
0000-0002-4660-1405,Federica  Calabrese,Federica ,Calabrese,,200,
0000-0002-4660-8383,Leslie Wolf,Leslie,Wolf,,200,
0000-0002-4663-4194,Ana  Dorador,Ana ,Dorador,,200,
0000-0002-4667-9632,Raymond Liu,Raymond,Liu,,200,
0000-0002-4673-1293,Iman Aganj,Iman,Aganj,,200,
0000-0002-4675-8832,W. Ford Doolittle,W. Ford,Doolittle,,200,
0000-0002-4676-9865,Marisa Macy,Marisa,Macy,,200,
0000-0002-4678-0837,Rose Orenbuch,Rose,Orenbuch,,200,
0000-0002-4682-0165,Efthimios Kaxiras,Efthimios,Kaxiras,,200,
0000-0002-4683-7987,Rodrigo Guerrero Velasco,Rodrigo,Guerrero Velasco,,200,
0000-0002-4683-935X,Kyle DeCicco-Carey,Kyle,DeCicco-Carey,,200,
0000-0002-4684-4909,Peng Li,Peng,Li,,200,
0000-0002-4684-5469,Jeffrey Guenette,Jeffrey,Guenette,,200,
0000-0002-4686-2824,"Ali Reza Arabestanino, D.O., Ph.D.",Ali Reza,"Arabestanino, D.O. Ph.D.","Ali Reza Arabestanino, D.O., Ph.D.",200,
0000-0002-4689-8149,Juan Melero-Martin,Juan,Melero-Martin,,200,
0000-0002-4692-7763,Rodrigo C. Quispe,Rodrigo C.,Quispe,,200,
0000-0002-4694-7123,Mouza AlMualla,Mouza,AlMualla,,200,
0000-0002-4696-779X,Samer Hassan,Samer,Hassan,Samer Hassan,200,
0000-0002-4700-2500,Rebecca Mullins,Rebecca,Mullins,,200,
0000-0002-4701-558X,Paul Currier,Paul,Currier,,200,
0000-0002-4702-9009,Yuliang Li,Yuliang,Li,,200,
0000-0002-4707-9428,Susannah Porter,Susannah,Porter,,200,
0000-0002-4708-645X,Megan He,Megan,He,,200,
0000-0002-4711-1264,Chukwudi Chijioke,Chijioke,Chukwudi,Chukwudi Chijioke,200,
0000-0002-4715-6585,Leore Sachs Shmueli,Leore,Sachs Shmueli,,200,
0000-0002-4717-5807,Tina Ho,Tina,Ho,,200,
0000-0002-4719-1874,Barbara Jadwiga Pawlak,Barbara Jadwiga,Pawlak,,200,
0000-0002-4719-897X,Weiying Wang,Weiying,Wang,,200,
0000-0002-4720-9229,Jenny Lai,Jenny,Lai,,200,
0000-0002-4721-7763,Zhenwu Wang,Zhenwu,Wang,,200,
0000-0002-4722-6870,Nanfang Hong,Nanfang,Hong,,200,
0000-0002-4723-247X,Charles Nelson,Charles,Nelson,,200,
0000-0002-4724-1042,Elena Austin,Elena,Austin,,200,
0000-0002-4725-1718,KELLY ANZOLA,KELLY,ANZOLA,,200,
0000-0002-4726-894X,Delia Cabrera DeBuc,Delia,Cabrera DeBuc,,200,
0000-0002-4736-3736,Junghyun Ahn,Junghyun,Ahn,,200,
0000-0002-4736-6961,Youngsook Jung,Youngsook,Jung,,200,
0000-0002-4741-0686,Reinier de Vries,Reinier,de Vries,,200,
0000-0002-4745-4689,Emily Breza,Emily,Breza,,200,
0000-0002-4746-932X,Shipra Dubey,Shipra,Dubey,,200,
0000-0002-4747-6036,Guanlan Dong,Guanlan,Dong,,200,
0000-0002-4748-2938,Ethan D. Kyzivat,Ethan,Kyzivat,Ethan D. Kyzivat,200,
0000-0002-4749-6854,Daphne-Eleni Archonta,Daphne-Eleni,Archonta,,200,
0000-0002-4749-9705,Dr Somen Kumar Pradhan,Dr Somen Kumar,Pradhan,,200,
0000-0002-4750-9125,Anne Schafer,Anne,Schafer,,200,
0000-0002-4754-4561,Emil Wärnberg,Emil,Wärnberg,,200,
0000-0002-4758-4686,Alex Chih-Yu Yang,Alex Chih-Yu,Yang,Alex Chih-Yu Yang,200,
0000-0002-4758-6905,Susan Lipsett,Susan,Lipsett,,200,
0000-0002-4762-4625,Henry Woo,Hyunwoo,Woo,Henry Woo,200,
0000-0002-4764-0713,Johanna Elfenbein,Johanna,Elfenbein,,200,
0000-0002-4767-7428,Eda Algur,Eda,Algur,,200,
0000-0002-4768-3537,Kenneth Piercy,Kenneth,Piercy,,200,
0000-0002-4769-8464,Brandon Burdette,Brandon,Burdette,,200,
0000-0002-4770-8247,Hanif Vahedian-Movahed,Hanif,Vahedian-Movahed,,200,
0000-0002-4771-361X,"Wong, JDO",John D.,Wong,"Wong, JDO",200,
0000-0002-4771-7936,Liliana Andonova,Liliana,Andonova,,200,
0000-0002-4772-5477,Andrei Nikiforchin,Andrei,Nikiforchin,Andrei Nikiforchin,200,
0000-0002-4773-5739,Seth Donoughe,Seth,Donoughe,,200,
0000-0002-4774-7959,Wei Leong Chew,Wei Leong,Chew,,200,
0000-0002-4776-3131,Ryosuke (Reo) Watanabe,Ryosuke (Reo),Watanabe,Ryosuke (Reo) Watanabe,200,
0000-0002-4776-4206,Aziz Koçanaoğulları,Aziz,Koçanaoğulları,,200,
0000-0002-4776-5372,Elliott Gyger,Elliott,Gyger,,200,
0000-0002-4778-6560,David Armor,David,Armor,,200,
0000-0002-4779-4851,Luigi J. Maselli,Luigi J.,Maselli,,200,
0000-0002-4780-161X,Rick Liao,Rick,Liao,,200,
0000-0002-4780-4642,Ying Chen,Ying,Chen,,200,
0000-0002-4780-8408,Oluwaseun Araromi,Oluwaseun,Araromi,,200,
0000-0002-4781-2167,Mark Jones,Mark,Jones,,200,
0000-0002-4781-6619,Lina Yi,Lina,Yi,,200,
0000-0002-4789-2590,Aaron Hedquist,Aaron,Hedquist,,200,
0000-0002-4790-1178,Rima Rudd,Rima,Rudd,,200,
0000-0002-4790-7879,Duraisamy Balaguru,Duraisamy,Balaguru,,200,
0000-0002-4795-2557,Ruben Guevara,Ruben,Guevara,,200,
0000-0002-4795-5803,K. Viswanath,K,Viswanath,K. Viswanath,200,
0000-0002-4796-0098,Li zhenghui,Li,zhenghui,,200,
0000-0002-4797-3200,Katherine Liao,Katherine,Liao,,200,
0000-0002-4797-8335,Carter Zenke,Carter,Zenke,,200,
0000-0002-4798-7565,Ruth Choa,Ruth,Choa,,200,
0000-0002-4799-241X,,,,,200,
0000-0002-4805-0459,Yan Gong,Yan,Gong,,200,
0000-0002-4805-4759,Karena Rush,Karena,Rush,,200,
0000-0002-4807-723X,Sarah Lischer,Sarah,Lischer,,200,
0000-0002-4811-132X,Roy Shaham,Roy,Shaham,,200,
0000-0002-4812-2942,Mac Loftin,Mac,Loftin,,200,
0000-0002-4812-5924,Elizabeth  Fine,Elizabeth ,Fine,,200,
0000-0002-4812-6900,Mariah Hazlett,Mariah,Hazlett,,200,
0000-0002-4814-9651,Dawon Oh,Dawon,Oh,,200,
0000-0002-4815-5947,Nancy Krieger,Nancy,Krieger,,200,
0000-0002-4819-2350,Kim Albrecht,Kim,Albrecht,,200,
0000-0002-4820-8332,Emma Laurent,Emma,Laurent,,200,
0000-0002-4821-8397,Madeline A. Farringer,Madeline,Farringer,Madeline A. Farringer,200,
0000-0002-4824-2055,Paul M. Kohn,Paul,Kohn,Paul M. Kohn,200,
0000-0002-4825-1322,Heresh Amini,Heresh,Amini,,200,
0000-0002-4829-340X,Yedeh Ying,Yedeh,Ying,,200,
0000-0002-4829-4939,Pavel Nosov,Pavel,Nosov,,200,
0000-0002-4830-3815,Jon R. Star,Jon,Star,Jon R. Star,200,
0000-0002-4831-5971,Alice Galvin,Alice,Galvin,,200,
0000-0002-4836-2882,Samuel Rabkin,Samuel,Rabkin,,200,
0000-0002-4836-7544,Chiara Franceschini,Chiara,Franceschini,Chiara Franceschini,200,
0000-0002-4841-6588,Jacob Austerman,Jacob,Austerman,,200,
0000-0002-4843-3791,Sergei B. Koralov,Sergei,Koralov,Sergei B. Koralov,200,
0000-0002-4844-6859,Kai DeJesus,Kai,DeJesus,,200,
0000-0002-4846-6059,Zachary H. Strasser,Zachary,Strasser,Zachary H. Strasser,200,
0000-0002-4849-4148,Luke H. Chao,Luke,Chao,Luke H. Chao,200,
0000-0002-4850-6073,Georgina Jorge Ramírez,Georgina,Jorge Ramírez,,200,
0000-0002-4851-1315,Matthew Stewart,Matthew,Stewart,,200,
0000-0002-4863-0314,John Jun,John,Jun,,200,
0000-0002-4865-6282,Edward Rodley,Edward,Rodley,,200,
0000-0002-4866-9294,Nicole Thadani,Nicole,Thadani,,200,
0000-0002-4870-6833,Aminata Ndow,Aminata,Ndow,,200,
0000-0002-4873-5562,Rachel Vogel,Rachel,Vogel,,200,
0000-0002-4874-3706,Diyoly Ayona,Diyoly,Ayona,,200,
0000-0002-4875-2207,Jonathan Greenberg,Jonathan,Greenberg,,200,
0000-0002-4875-3189,susan rauchwerk,susan,rauchwerk,,200,
0000-0002-4876-2771,Sarah Richardson,Sarah,Richardson,,200,
0000-0002-4876-3424,Russell Qi Xun Yang,Russell Qi Xun,Yang,,200,
0000-0002-4877-2646,Deborah Kacanek,Deborah,Kacanek,,200,
0000-0002-4877-8503,Laurence Daheron,Laurence,Daheron,,200,
0000-0002-4878-0267,Flynn Cratty,Flynn,Cratty,,200,
0000-0002-4882-2674,Delilah Gates,Delilah,Gates,,200,
0000-0002-4884-0047,Stefano M. Iacus,Stefano Maria,Iacus,Stefano M. Iacus,200,
0000-0002-4886-1593,Oriol Rubies-Bigorda,Oriol,Rubies-Bigorda,,200,
0000-0002-4889-4037,Hanju Kim,Hanju,Kim,,200,
0000-0002-4889-5232,Johannes Knittel,Johannes,Knittel,,200,
0000-0002-4890-5728,Molly Franke,Molly,Franke,,200,
0000-0002-4890-8451,Leffa DT; Leffa D; Teixeira Leffa D,Douglas,Teixeira Leffa,Leffa DT; Leffa D; Teixeira Leffa D,200,
0000-0002-4891-8254,Anurag Limdi,Anurag,Limdi,,200,
0000-0002-4899-2155,Jane  Vaynman,Jane ,Vaynman,,200,
0000-0002-4903-7846,Christoph Winter,Christoph,Winter,,200,
0000-0002-4904-3373,Sophia Lai,Sophia,Lai,,200,
0000-0002-4906-6751,Carlos Andres Pinzon-Arteaga,Carlos Andres,Pinzon-Arteaga,,200,
0000-0002-4906-8837,Mossab Y Saeed,Mossab Y,Saeed,,200,
0000-0002-4907-2270,Ryan J Schmidt-Knapik,Ryan James,Schmidt-Knapik,Ryan J Schmidt-Knapik,200,
0000-0002-4908-0975,James Coates,James,Coates,,200,
0000-0002-4908-9283,Brian Ganson,Brian,Ganson,,200,
0000-0002-4909-0989,Sarah J. Shareef,Sarah,Shareef,Sarah J. Shareef,200,
0000-0002-4916-3615,Zahra Ghasemahmad,Zahra,Ghasemahmad,,200,
0000-0002-4918-0810,Xi Zhang,Xi,Zhang,,200,
0000-0002-4919-2897,Mark Eldaief,Mark,Eldaief,,200,
0000-0002-4919-6601,Kimberly Woo,Kimberly,Woo,,200,
0000-0002-4920-7921,Ewa Sułek,Ewa,Sułek,,200,
0000-0002-4923-724X,Jinsheng Lu,Jinsheng,Lu,,200,
0000-0002-4927-3494,Noa Corcoran-Tadd,Noa,Corcoran-Tadd,,200,
0000-0002-4929-2978,Minh D. Trinh,Minh,Trinh,Minh D. Trinh,200,
0000-0002-4929-5191,Robyn Walsh,Robyn,Walsh,,200,
0000-0002-4930-3585,Carrie Farmer,Carrie,Farmer,,200,
0000-0002-4930-8618,Lu-Cun Wang,Lu-Cun,Wang,,200,
0000-0002-4930-8722,Alexander Lukin,Alexander,Lukin,,200,
0000-0002-4934-2584,Emily Truelove,Emily,Truelove,Emily Truelove,200,
0000-0002-4934-5670,P. Gregg Greenough,P. Gregg,Greenough,,200,
0000-0002-4937-4746,Teng-Kuan Ng,Teng-Kuan,Ng,,200,
0000-0002-4939-5803,Karen L Kilgore,Karen L,Kilgore,,200,
0000-0002-4940-4140,Julie Lauffenburger,Julie,Lauffenburger,,200,
0000-0002-4941-4891,Edgar Chavez,Edgar,Chavez,,200,
0000-0002-4943-733X,"Philip J. Kranzusch, Ph.D.",Philip,Kranzusch,"Philip J. Kranzusch, Ph.D.",200,
0000-0002-4943-7671,Cassondra Hanna,Cassondra,Hanna,,200,
0000-0002-4944-2569,Funlayo Wood,Funlayo,Wood,,200,
0000-0002-4944-7917,Nina Kozlova,Nina,Kozlova,Nina Kozlova,200,
0000-0002-4945-5351,Anna Rakityanskaya,Anna,Rakityanskaya,,200,
0000-0002-4948-1322,Suman Guha,Suman,Guha,,200,
0000-0002-4949-8634,rachel weber,rachel,weber,,200,
0000-0002-4949-8917,David Cutler,David,Cutler,,200,
0000-0002-4951-5350,Stephanie Gil,Stephanie,Gil,,200,
0000-0002-4952-2745,Emily Dvertola,Emily,Dvertola,,200,
0000-0002-4956-7724,Allison Maier,Allison,Maier,,200,
0000-0002-4957-8204,Catherine Panozzo,Catherine,Panozzo,,200,
0000-0002-4964-067X,Bryan S. Nelson,Bryan,Nelson,Bryan S. Nelson,200,
0000-0002-4964-5083,Dana Gabuzda,Dana,Gabuzda,,200,
0000-0002-4967-7085,Casey Dai,Casey,Dai,,200,
0000-0002-4970-045X,Andy Quaen Chen,Andy,Chen,Andy Quaen Chen,200,
0000-0002-4972-4275,Fumiya Uchikoshi,Fumiya,Uchikoshi,,200,
0000-0002-4975-3500,Julia Cohen-Gilbert,Julia,Cohen-Gilbert,,200,
0000-0002-4977-0431,Sara Mahdavi,Sara,Mahdavi,Sara Mahdavi,200,
0000-0002-4979-6279,Chukwuemeka Okoro,Chukwuemeka,Okoro,,200,
0000-0002-4982-1323,Elizabeth R. Boskey,Elizabeth,Boskey,Elizabeth R. Boskey,200,
0000-0002-4983-137X,Yuli Li,Yuli,Li,,200,
0000-0002-4984-1615,Erin Ransom,Erin,Ransom,Erin Ransom,200,
0000-0002-4984-5894,Leigh T. Graham,Leigh,Graham,Leigh T. Graham,200,
0000-0002-4988-6290,Pilar Baldominos,Pilar,Baldominos,,200,
0000-0002-4989-5613,Juan Rodrigo Patiño-Mercau,Juan Rodrigo,Patiño-Mercau,Juan Rodrigo Patiño-Mercau,200,
0000-0002-4994-2651,Yan Yan,Yan,Yan,,200,
0000-0002-4995-6017,Gordon Dale,Gordon,Dale,,200,
0000-0002-4996-6442,Erica Normandin,Erica,Normandin,,200,
0000-0002-4998-5846,Constance R Chu,Constance R,Chu,,200,
0000-0002-4998-9708,Marwa Al-Badri,Marwa,Al-Badri,,200,
0000-0002-5000-2667,Michael Wolf,Michael,Wolf,,200,
0000-0002-5000-5876,Ali Akbari,Ali,Akbari,,200,
0000-0002-5006-4366,Yuhua Zhang,Yuhua,Zhang,,200,
0000-0002-5007-2091,Danielle R. DeVarney,Danielle Renee,DeVarney,Danielle R. DeVarney,200,
0000-0002-5009-9323,Nhien Tran,Nhien,Tran,,200,
0000-0002-5010-2190,Esther Oh,Esther,Oh,,200,
0000-0002-5011-7798,Dennis Brown,Dennis,Brown,,200,
0000-0002-5013-2816,Ravindra P Rannan-Eliya,Ravindra,Rannan-Eliya,Ravindra P Rannan-Eliya,200,
0000-0002-5014-8092,Janeway Granche,Janeway,Granche,,200,
0000-0002-5015-4740,Jacob A Tennessen,Jacob,Tennessen,Jacob A Tennessen,200,
0000-0002-5016-0075,Ceara Byrne,Ceara,Byrne,,200,
0000-0002-5016-0112,Kristin Qian,Kristin,Qian,,200,
0000-0002-5017-2666,Saketh Sundar,Saketh,Sundar,,200,
0000-0002-5018-8684,Justin Rodgers,Justin,Rodgers,,200,
0000-0002-5018-8908,Alyce A Chen,Alyce,Chen,Alyce A Chen,200,
0000-0002-5020-6061,Mark Stacy,Mark,Stacy,,200,
0000-0002-5023-605X,Zhaoqing Yan,Zhaoqing,Yan,,200,
0000-0002-5026-5969,Su Hyun Lee,Su Hyun,Lee,,200,
0000-0002-5027-7011,Michellana Jester,Michellana Yolanda,Jester,Michellana Jester,200,
0000-0002-5029-433X,Shih-Yi Tseng,Shih-Yi,Tseng,,200,
0000-0002-5029-5017,Marko Loncar,Marko,Loncar,,200,
0000-0002-5029-580X,Hanquan Su,Hanquan,Su,,200,
0000-0002-5030-389X,Narendra R. Joshi,Narendra R.,Joshi,,200,
0000-0002-5031-3887,Jacqueline Cellini,Jacqueline,Cellini,,200,
0000-0002-5032-8077,Andrew Baghaei,Andrew,Baghaei,,200,
0000-0002-5033-8881,Shady Abohashem,Shady,Abohashem,Shady Abohashem,200,
0000-0002-5036-4318,Kelia ,Kelia ,,,200,
0000-0002-5037-1518,Matthew J. Reynolds,Matthew,Reynolds,Matthew J. Reynolds,200,
0000-0002-5037-1673,Egzona Morina,Egzona,Morina,,200,
0000-0002-5037-2705,Seth Soderborg,Seth,Soderborg,,200,
0000-0002-5038-4183,Otto Rapalino,Otto,Rapalino,,200,
0000-0002-5039-7435,Debora Walker,Debora,Walker,,200,
0000-0002-5041-803X,Raven Molloy,Raven,Molloy,,200,
0000-0002-5046-8280,Chana Teeger,Chana,Teeger,,200,
0000-0002-5049-1798,Brett Nelson,Brett,Nelson,,200,
0000-0002-5050-4720,Hyunji Kim,Hyunji,Kim,,200,
0000-0002-5053-2385,Keith Marzilli Ericson,Keith,Ericson,Keith Marzilli Ericson,200,
0000-0002-5053-5527,Christina Fu,Christina,Fu,,200,
0000-0002-5057-557X,Michael Woodbury,Michael,Woodbury,,200,
0000-0002-5059-616X,ryo uchimido,ryo,uchimido,,200,
0000-0002-5060-895X,Rong Zhong,Rong,Zhong,,200,
0000-0002-5062-6234,Bárbara Sousa da Mota,Bárbara,Sousa da Mota,,200,
0000-0002-5065-1085,Kamesh Narasimhan,Kamesh,Narasimhan,,200,
0000-0002-5070-3340,Katarina Pinjusic,Katarina,Pinjusic,,200,
0000-0002-5070-5266,Armand Amini,Armand,Amini,,200,
0000-0002-5071-7654,Carlos Camargo,Carlos,Camargo,,200,
0000-0002-5072-5590,Atma Sahu,Atma,Sahu,,200,
0000-0002-5076-0652,Sarah Arena,Sarah,Arena,,200,
0000-0002-5080-5507,Anna Krichevsky,Anna,Krichevsky,,200,
0000-0002-5081-4569,Sila Kurugol,Sila,Kurugol,,200,
0000-0002-5082-9680,Kathryn Haughney,Kathryn,Haughney,Kathryn Haughney,200,
0000-0002-5083-2214,Hao Zhang,Hao,Zhang,,200,
0000-0002-5083-9248,Amit Sharma,Amit,Sharma,,200,
0000-0002-5090-7888,Thomas Buonanno,Thomas,Buonanno,,200,
0000-0002-5091-2097,Dominick J. Jenkins,Dominick,Jenkins,Dominick J. Jenkins,200,
0000-0002-5091-7090,Kris H. Sabbi,Kristin,Sabbi,Kris H. Sabbi,200,
0000-0002-5092-0150,Wendy Garrett,Wendy,Garrett,,200,
0000-0002-5094-5446,Erin Crawley,Erin,Crawley,,200,
0000-0002-5095-3841,Sarah Mohamed,Sarah,Mohamed,Sarah Mohamed,200,
0000-0002-5098-0671,Isabelle Weir,Isabelle,Weir,,200,
0000-0002-5102-6118,Hanseul Kim,Hanseul,Kim,,200,
0000-0002-5104-5511,Renae Wilkinson,Renae,Wilkinson,,200,
0000-0002-5105-6165,Han-Ching Ou,Han-Ching,Ou,,200,
0000-0002-5106-5694,Richard Hough,Richard,Hough,,200,
0000-0002-5108-6364,Lisa  Bagley,Lisa ,Bagley,,200,
0000-0002-5109-4671,Carolina Sosa-Gutierrez ,Carolina Guadalupe,Sosa-Gutiérrez,Carolina Sosa-Gutierrez ,200,
0000-0002-5110-5393,Christopher Scott,Christopher,Scott,,200,
0000-0002-5111-5903,Sandra S. McAllister,Sandra,McAllister,Sandra S. McAllister,200,
0000-0002-5113-6843,Karl Helmer,Karl,Helmer,,200,
0000-0002-5113-9577,Zhouyue Lei,Zhouyue,Lei,Zhouyue Lei,200,
0000-0002-5114-0519,L Mahadevan,Lakshminarayanan,Mahadevan,L Mahadevan,200,
0000-0002-5115-6115,Sophie-An Kingsbury Lee,Sophie-An,Kingsbury Lee,,200,
0000-0002-5115-6262,Justin Farmer,Justin,Farmer,,200,
0000-0002-5119-4015,Mikael Powell,Mikael,Powell,,200,
0000-0002-5120-2409,Daniel Polley,Daniel,Polley,,200,
0000-0002-5122-9636,Ahmad,Ahmad,Aljohmani,Ahmad,200,
0000-0002-5125-7979,Maxim Lavrentovich,Maxim,Lavrentovich,,200,
0000-0002-5133-6247,Marina Isabel Lima de Oliveira Reis,Marina Isabel,Lima de Oliveira Reis,Marina Isabel Lima de Oliveira Reis,200,
0000-0002-5134-5813,Yerko Sepulveda,Yerko,Sepulveda,,200,
0000-0002-5135-3282,Gerald Hefferman,Gerald,Hefferman,,200,
0000-0002-5136-028X,Alan Cantor,Alan,Cantor,,200,
0000-0002-5139-1430,Huijuan Zhang,Huijuan,Zhang,,200,
0000-0002-5140-7981,Adelaïde GELINEAU,Adelaïde,GELINEAU,,200,
0000-0002-5142-6525,Adrian Gropper,Adrian,Gropper,,200,
0000-0002-5142-6760,Nathaniel Edelman,Nathaniel,Edelman,,200,
0000-0002-5142-7093,Phylicia ,Phylicia ,,,200,
0000-0002-5143-7654,Taeku Lee,Taeku,Lee,,200,
0000-0002-5144-4635,Neel H. Mehta,Neel,Mehta,Neel H. Mehta,200,
0000-0002-5146-5823,Emily Hennessy,Emily,Hennessy,,200,
0000-0002-5147-0796,Boni Xiong,Boni,Xiong,,200,
0000-0002-5147-3612,Alyssa Larios,Alyssa,Larios,,200,
0000-0002-5149-3680,Ilan Remba,Ilan,Remba,,200,
0000-0002-5150-2401,Xi Yao,Xi,Yao,,200,
0000-0002-5150-5047,Hee Doo Yang,Hee Doo,Yang,,200,
0000-0002-5154-6252,Wenzhe Ma,Wenzhe,Ma,,200,
0000-0002-5155-2644,Davood Karimi,Davood,Karimi,,200,
0000-0002-5156-2703,Paolo Ciccarese,Paolo,Ciccarese,Paolo Ciccarese,200,
0000-0002-5157-7163,Fabio Wasserfallen,Fabio,Wasserfallen,,200,
0000-0002-5158-1103,Kerry J. Ressler,Kerry,Ressler,Kerry J. Ressler,200,
0000-0002-5158-5120,Joaquim Andrade,Joaquim,Andrade,,200,
0000-0002-5160-4045,Eumorphia,Evmorfia,Konstantakou,Eumorphia,200,
0000-0002-5161-4155,Rand A. Alattar,Rand ,Alattar,Rand A. Alattar,200,
0000-0002-5163-4121,Himmet Umunç,Himmet,Umunç,,200,
0000-0002-5164-2893,M. Brent Hawkins,Michael,Hawkins,M. Brent Hawkins,200,
0000-0002-5165-7120,Rachel Achs,Rachel,Achs,,200,
0000-0002-5168-660X,Kate McGroarty,Kathleen,McGroarty,Kate McGroarty,200,
0000-0002-5171-1633,Steve Desir,Steve,Desir,,200,
0000-0002-5173-275X,Neelam Phadke,Neelam,Phadke,,200,
0000-0002-5173-3867,Aral Sürmeli,Aral,Sürmeli,,200,
0000-0002-5174-2595,Yue M. Lu,Yue,Lu,Yue M. Lu,200,
0000-0002-5177-8387,Ayelet Kershenbaum,Ayelet,Kershenbaum,,200,
0000-0002-5180-2447,Mohd Moin Khan,Mohd Moin,Khan,,200,
0000-0002-5185-0721,Joel Byman,Joel,Byman,,200,
0000-0002-5185-3367,Paul Chan,Paul,Chan,,200,
0000-0002-5188-2571,Doris Yang,Doris,Yang,,200,
0000-0002-5188-4374,Senmiao Sun,Senmiao,Sun,,200,
0000-0002-5190-3635,Melissa Zhao,Melissa,Zhao,,200,
0000-0002-5191-0827,Tianzhi Lambus Li,Tianzhi,Li,Tianzhi Lambus Li,200,
0000-0002-5191-1328,Michael Campos,Michael,Campos,,200,
0000-0002-5193-7536,Ahmed Elzoghby,Ahmed,Elzoghby,,200,
0000-0002-5194-7339,Sun Jae Jung,Sun Jae,Jung,,200,
0000-0002-5197-8151,Kaosar Afsana,Kaosar,Afsana,,200,
0000-0002-5203-3635,Nicholas Hutzler,Nicholas,Hutzler,,200,
0000-0002-5203-5104,Nicole Ochandarena,Nicole,Ochandarena,,200,
0000-0002-5205-1024,Won-Dong Jang,Won-Dong,Jang,,200,
0000-0002-5205-3003,myriam armant,myriam,armant,,200,
0000-0002-5205-9923,Yutian Zou,Yutian,Zou,Yutian Zou,200,
0000-0002-5214-233X,Filippo Birocchi,Filippo,Birocchi,,200,
0000-0002-5216-6841,Stephen O'Neill,Stephen,O'Neill,,200,
0000-0002-5220-2275,Mark N Namchuk,Mark,Namchuk,Mark N Namchuk,200,
0000-0002-5221-1569,María José Ibáñez,María José,Ibáñez,María José Ibáñez,200,
0000-0002-5222-3906,Serdar Aslan,Serdar,Aslan,,200,
0000-0002-5224-5291,Jared Richards,Jared,Richards,,200,
0000-0002-5224-6024,Michael Placzek,Michael,Placzek,,200,
0000-0002-5225-1333,sandeep chhabra,sandeep,chhabra,,200,
0000-0002-5227-8464,Aurora Turek,Aurora,Turek,,200,
0000-0002-5228-8777,Richard J McNally,Richard J,McNally,,200,
0000-0002-5229-1220,Daniel S. Oh,Daniel Sang Hon,Oh,Daniel S. Oh,200,
0000-0002-5229-9716,Anna Wilson,Anna,Wilson,,200,
0000-0002-5232-0474,Samik Chakraborty,Samik,Chakraborty,,200,
0000-0002-5232-2234,Marcin Magnus,Marcin,Magnus,,200,
0000-0002-5233-899X,Carol Beth Post,Carol Beth,Post,Carol Beth Post,200,
0000-0002-5234-6463,Alana,Alana,,,200,
0000-0002-5235-050X,Susan Vroman,Susan,Vroman,,200,
0000-0002-5235-9520,Eric Diebold,Eric,Diebold,,200,
0000-0002-5236-3773,,,,,200,
0000-0002-5239-4238,Faez Amokrane NAIT MOHAMED,Faez Amokrane,NAIT MOHAMED,,200,
0000-0002-5240-4838,Sophia Rein,Sophia,Rein,,200,
0000-0002-5240-5005,Diana Kolusheva,Diana,Kolusheva,,200,
0000-0002-5242-963X,Eric F. Grabowski,Eric F.,Grabowski,,200,
0000-0002-5243-2150,Jennifer Liu,Jennifer,Liu,,200,
0000-0002-5244-2930,Jonathan D'Souza,Jonathan,D'Souza,,200,
0000-0002-5245-7825,Adolfo Sánchez-Valenzuela,Adolfo,Sánchez-Valenzuela,,200,
0000-0002-5245-8254,Lara Jirmanus,Lara,Jirmanus,,200,
0000-0002-5245-9425,Shivangi  Verma,Shivangi ,Verma,,200,
0000-0002-5249-9427,Vincent Zimmern,Vincent,Zimmern,,200,
0000-0002-5249-9937,Rajesh Kumar Rai,Rajesh Kumar,Rai,,200,
0000-0002-5256-2019,Gary Pisano,Gary,Pisano,,200,
0000-0002-5257-0561,Nafiseh  Moghimi,Nafiseh ,Moghimi,,200,
0000-0002-5259-7721,Vijay Janapa Reddi,Vijay,Janapa Reddi,,200,
0000-0002-5260-0783,Stephen Semprevivo,Stephen,Semprevivo,,200,
0000-0002-5261-8385,Devika Bhave,Devika,Bhave,,200,
0000-0002-5262-9076,William Negreiros,William,Negreiros,,200,
0000-0002-5265-2073,Malena Nygaard,Malena,Nygaard,,200,
0000-0002-5268-004X,Christo Wilson,Christo,Wilson,,200,
0000-0002-5268-9853,Allen Steere,Allen,Steere,,200,
0000-0002-5269-7861,Christopher Russell,Christopher,Russell,,200,
0000-0002-5270-1402,Nicole Beck,Nicole,Beck,,200,
0000-0002-5272-7856,Primavera De Filippi,Primavera,De Filippi,,200,
0000-0002-5277-0969,Lawrence Katz,Lawrence,Katz,,200,
0000-0002-5278-4260,Jung Won Kim,Jung,Kim,Jung Won Kim,200,
0000-0002-5280-2836,Bhupender Verma,Bhupender,Verma,,200,
0000-0002-5284-2993,Martin Kulldorff,Martin,Kulldorff,,200,
0000-0002-5286-1545,Marta Perez-Rando,Marta,Perez-Rando,,200,
0000-0002-5286-8229,Niki Konstantinides,Niki,Konstantinides,,200,
0000-0002-5291-3712,Mani Diba,Mani,Diba,,200,
0000-0002-5293-1355,Paulina L. Alberto,Paulina L.,Alberto,,200,
0000-0002-5293-7503,Ruojing Peng,Ruojing,Peng,,200,
0000-0002-5294-2740,Koby Ljunggren,Koby,Ljunggren,,200,
0000-0002-5295-176X,Meredith Solomon,Meredith,Solomon,,200,
0000-0002-5295-3116,Alyssa L. Faro,Alyssa,Faro,Alyssa L. Faro,200,
0000-0002-5297-1103,Daniel R Crocker,Daniel,Crocker,Daniel R Crocker,200,
0000-0002-5297-9252,Maxwell Sherman,Maxwell,Sherman,,200,
0000-0002-5298-0288,Annika Rössler,Annika,Rössler,,200,
0000-0002-5298-0341,Boguslaw Lipinski,Boguslaw,Lipinski,,200,
0000-0002-5298-3112,Madelyn Cain,Madelyn,Cain,,200,
0000-0002-5302-9312,Ahmed Bayoumy Bayoumy,Ahmed Bayoumy,Bayoumy,,200,
0000-0002-5307-1940,Larance Ronsard,Larance,Ronsard,,200,
0000-0002-5309-3832,Mrinal Kapoor,Mrinal,Kapoor,,200,
0000-0002-5309-8393,Victor Carrington,Victor,Carrington,,200,
0000-0002-5311-2634,Charalabos  Pothoulakis,Charalabos ,Pothoulakis,,200,
0000-0002-5312-6729,satra,Satrajit,Ghosh,satra,200,
0000-0002-5314-8653,Joseph Fitchett,Joseph,Fitchett,,200,
0000-0002-5316-2711,Sabine Wilhelm,Sabine,Wilhelm,,200,
0000-0002-5318-4005,James Gould,James,Gould,,200,
0000-0002-5319-211X,Ahmed Shbair,Ahmed,Shbair,,200,
0000-0002-5320-1514,Henry Lee,Henry,Lee,,200,
0000-0002-5324-4805,A Eliot Shearer,Aiden,Shearer,A Eliot Shearer,200,
0000-0002-5324-4872,Kelsey Tyssowski,Kelsey,Tyssowski,,200,
0000-0002-5324-5824,Satyapriya Krishna,Satyapriya,Krishna,,200,
0000-0002-5326-2894,Bello Ibrahim Sebutu,Ibrahim Sebutu,Bello,Bello Ibrahim Sebutu,200,
0000-0002-5326-6908,Zhiying Xu,Zhiying,Xu,,200,
0000-0002-5327-7631,Gary King,Gary,King,,200,
0000-0002-5327-8060,Doris Sommer,Doris,Sommer,,200,
0000-0002-5335-7543,Kristina Korte,Kristina,Korte,,200,
0000-0002-5335-7551,Takeyuki Miyawaki,Takeyuki,Miyawaki,,200,
0000-0002-5336-0216,Yana Pikman,Yana,Pikman,,200,
0000-0002-5336-0697,Ali Hafezi-Moghadam,Ali,Hafezi-Moghadam,,200,
0000-0002-5340-2818,Kaja Tally-Schumacher,Kaja,Tally-Schumacher,,200,
0000-0002-5341-507X,Prima Hapsari Wulandari,Prima Hapsari,Wulandari,,200,
0000-0002-5342-8567,Philip Leduc,Philip,Leduc,,200,
0000-0002-5343-5425,Hakeem Angulu,Hakeem,Angulu,,200,
0000-0002-5344-994X,Jitendra Shrestha,Jitendra,Shrestha,,200,
0000-0002-5345-5952,"Dr. Temesgen Beyene Abicho (MD,ECCM, MPH, IHI(F), PhD(s))",Dr. Temesgen,"Beyene (MD,ECCM, MPH, IHI(F), PhD(s))","Dr. Temesgen Beyene Abicho (MD,ECCM, MPH, IHI(F), PhD(s))",200,
0000-0002-5346-4779,Yantai Chen,Yantai,Chen,,200,
0000-0002-5347-6577,Shayan Barootchi,Shayan,Barootchi,,200,
0000-0002-5349-1662,Vincent Aduramigba-Modupe,Vincent,Aduramigba-Modupe,,200,
0000-0002-5349-8311,Jesse Heitner,Jesse,Heitner,,200,
0000-0002-5352-1438,JJ Miranda,JJ,Miranda,,200,
0000-0002-5354-7777,Erika Versalovic,Erika,Versalovic,,200,
0000-0002-5355-5814,Aram Ghalali,Aram,Ghalali,,200,
0000-0002-5356-6222,Elisa Tamburo,Elisa,Tamburo,,200,
0000-0002-5359-9219,Sijumon  Kunjachan,Sijumon ,Kunjachan,,200,
0000-0002-5360-5703,Madeline DeWane,Madeline,DeWane,,200,
0000-0002-5363-2699,John Hobbs,John,Hobbs,,200,
0000-0002-5364-5326,KS JAMES,KS,JAMES,,200,
0000-0002-5370-8366,Kristian Herrera,Kristian,Herrera,,200,
0000-0002-5371-2779,Jeswin Joseph,Jeswin,Joseph,,200,
0000-0002-5373-891X,Marco Antonio González Iglesias,Marco Antonio,González Iglesias,,200,
0000-0002-5374-4332,Laurence Rahme,Laurence,Rahme,,200,
0000-0002-5377-7484,ZIHANG DENG,ZIHANG,DENG,,200,
0000-0002-5377-9252,Luis E. Aguirre,Luis E.,Aguirre,,200,
0000-0002-5379-1147,Mohammad Abbasi,Mohammad,Abbasi,,200,
0000-0002-5382-5765,Dylan Bloch,Dylan,Bloch,,200,
0000-0002-5382-640X,yifang liu,yifang,liu,,200,
0000-0002-5384-0973,Ahsan  Cheema,Ahsan ,Cheema,,200,
0000-0002-5385-6166,Julie Huang,Julie,Huang,,200,
0000-0002-5386-4502,David Duong,David,Duong,,200,
0000-0002-5387-0208,Albert Tian Chen,Albert Tian,Chen,,200,
0000-0002-5387-118X,Emanuele Leoncini,Emanuele,Leoncini,,200,
0000-0002-5387-1833,Patrick Gedeon,Patrick,Gedeon,,200,
0000-0002-5388-2479,Susanne Wegmann,Susanne,Wegmann,,200,
0000-0002-5392-160X,Yuxiao Wei,Yuxiao,Wei,,200,
0000-0002-5392-2848,Le Qiu,Le,Qiu,,200,
0000-0002-5392-2995,William Jeynes,William,Jeynes,,200,
0000-0002-5394-8490,Alper Gulluoglu,Alper,Gulluoglu,,200,
0000-0002-5394-9530,Saadia Qazi,Saadia,Qazi,,200,
0000-0002-5398-968X,J Trondillo,Jandryle,Trondillo,J Trondillo,200,
0000-0002-5400-2963,T.J. Pempel,T.J.,Pempel,,200,
0000-0002-5402-5911,Jaime Sánchez Jr.,Jaime,Sánchez Jr.,,200,
0000-0002-5403-1377,Ahmed A.A. Samra,Ahmed AbdAllah Ahmed Metwally,Samra,Ahmed A.A. Samra,200,
0000-0002-5408-3492,Mwajabu Possi,Mwajabu,Possi,,200,
0000-0002-5409-9806,Bassel Almarie,Bassel,Almarie,,200,
0000-0002-5410-6957,Jiaxuan Lyu,Jiaxuan,Lyu,,200,
0000-0002-5417-3914,R. Sterling Haring,R. Sterling,Haring,,200,
0000-0002-5418-9107,Gilles Berger,Gilles,Berger,,200,
0000-0002-5418-9940,marcus prianti,marcus,prianti,,200,
0000-0002-5422-0303,Deeptarup Biswas,Deeptarup,Biswas,,200,
0000-0002-5422-6043,Veronica Figueroa Huencho,Veronica,Figueroa Huencho,,200,
0000-0002-5425-9451,Xinyi Guo,Xinyi,Guo,,200,
0000-0002-5430-0696,Diwakar Kishore,Diwakar,Kishore,,200,
0000-0002-5431-7842,Cody Chou,Cody,Chou,,200,
0000-0002-5433-3180,Binkai Chi,Binkai,Chi,,200,
0000-0002-5434-3856,Vishwa Parab,Vishwa,Parab,,200,
0000-0002-5435-853X,Laura Massetti,Laura,Massetti,,200,
0000-0002-5436-8658,Paul Huang,Paul,Huang,,200,
0000-0002-5442-0786,Dr. Raj M Vyas,Raj,Vyas,Dr. Raj M Vyas,200,
0000-0002-5442-4648,John H. Lee,John,Lee,John H. Lee,200,
0000-0002-5443-2090,Tunc Akbas,Tunc,Akbas,,200,
0000-0002-5444-3435,Genevieve E. Tocci,Genevieve E.,Tocci,,200,
0000-0002-5444-8826,Rick A. Hewitt,Rick Alejandro,Hewitt,Rick A. Hewitt,200,
0000-0002-5445-8186,Yueyang Wang,Yueyang,Wang,,200,
0000-0002-5449-4240,Peter F. Schade,Peter,Schade,Peter F. Schade,200,
0000-0002-5450-4568,Annisa Salsabilla Dwi Nugrahani,Annisa Salsabilla Dwi,Nugrahani,,200,
0000-0002-5450-7179,Clifford Frasier,Clifford,Frasier,,200,
0000-0002-5454-640X,Jane Mansbridge,Jane,Mansbridge,,200,
0000-0002-5454-7138,Amal Farhat,Amal,Farhat,,200,
0000-0002-5454-9627,Nicholas Peoples,Nicholas,Peoples,,200,
0000-0002-5457-2456,MENGYU WANG,MENGYU,WANG,,200,
0000-0002-5457-9295,Chien-Wen Su,Chien-Wen,Su,,200,
0000-0002-5462-0294,Shelley J. Cheng,Shelley,Cheng,Shelley J. Cheng,200,
0000-0002-5463-0417,Jessica Williams Stark,Jessica Williams,Stark,Jessica Williams Stark,200,
0000-0002-5465-1736,Thenesoya V. Martin De la Nuez,Thenesoya V.,Martin De la Nuez,,200,
0000-0002-5466-2857,TAKAAKI MATSUOKA,TAKAAKI,MATSUOKA,,200,
0000-0002-5466-3825,Sanath Devalapurkar,Sanath,Devalapurkar,,200,
0000-0002-5467-8429,Gonzalo Giribet,Gonzalo,Giribet,,200,
0000-0002-5468-0916,Madison Adamthwaite,Madison,Adamthwaite,,200,
0000-0002-5469-0655,Benjamin Kleinstiver,Benjamin,Kleinstiver,,200,
0000-0002-5470-6303,Kirsi-Marja Zitting,Kirsi-Marja,Zitting,,200,
0000-0002-5472-4181,Lawrence Molnar,Lawrence,Molnar,,200,
0000-0002-5473-3686,Jia-Yun Chen,Jia-Yun,Chen,Jia-Yun Chen,200,
0000-0002-5474-7287,Diana  Wang ,Diana ,Wang ,,200,
0000-0002-5474-7674,Benjamin W. Nelson,Benjamin W.,Nelson,,200,
0000-0002-5475-548X,Karen Kuo,Karen,Kuo,,200,
0000-0002-5476-1054,Janina Galler,Janina,Galler,,200,
0000-0002-5476-6357,Prahalad Karnam,Prahalad,Karnam,,200,
0000-0002-5478-5208,Binkai Liu,Binkai,Liu,,200,
0000-0002-5478-7609,Bhavani Shekhawat,Bhavani,Shekhawat,,200,
0000-0002-5478-8943,Chung Thanh Phan,Chung,Thanh Phan,,200,
0000-0002-5483-9843,Alejandra Rojas,Alejandra,Rojas,,200,
0000-0002-5484-4810,Thaddeus P. Dryja,Thaddeus,Dryja,Thaddeus P. Dryja,200,
0000-0002-5484-7974,Megan Michel,Megan,Michel,,200,
0000-0002-5486-9890,Thomas C Smits,Thomas Chris,Smits,Thomas C Smits,200,
0000-0002-5491-3089,Eranga Roshan Balasooriya,Eranga Roshan,Balasooriya,,200,
0000-0002-5492-3164,Farah Haque,Farah,Haque,,200,
0000-0002-5493-9502,Robert Sah,Robert,Sah,,200,
0000-0002-5497-5968,Fabrisia Ambrosio,Fabrisia,Ambrosio,,200,
0000-0002-5500-7627,Kevin M Spencer,Kevin,Spencer,Kevin M Spencer,200,
0000-0002-5501-8035,Hung-Yi Wu,Hung-Yi,Wu,,200,
0000-0002-5502-4363,Sarita Aryal,Sarita,Aryal,,200,
0000-0002-5505-0852,,,,,200,
0000-0002-5509-1646,Aaron Aguirre,Aaron,Aguirre,,200,
0000-0002-5512-8146,Chan Lee,Chan,Lee,,200,
0000-0002-5513-4407,Conevery Bolton Valencius,Conevery Bolton,Valencius,,200,
0000-0002-5516-311X,Eslam shohda,Eslam,shohda,,200,
0000-0002-5517-6666,Bianca Ferreira Silva,Bianca Ferreira,Silva,,200,
0000-0002-5517-7984,Anderson H. Kuo,Anderson,Kuo,Anderson H. Kuo,200,
0000-0002-5518-122X,Catherine Xue,Catherine,Xue,Catherine Xue,200,
0000-0002-5518-8157,Lisa H. Verzier,Lisa H.,Verzier,,200,
0000-0002-5519-2754,James T. Costa,James,Costa,James T. Costa,200,
0000-0002-5520-1323,Jyoti Chauhan,Jyoti,Chauhan,Jyoti Chauhan,200,
0000-0002-5524-7348,David Walt,David,Walt,,200,
0000-0002-5526-3161,Anam  Ehsan,Anam ,Ehsan,,200,
0000-0002-5529-913X,Carl Gershenson,Carl,Gershenson,,200,
0000-0002-5529-9367,SUDESHNA ACHARYA,SUDESHNA,ACHARYA,,200,
0000-0002-5532-071X,Serena Wang,Serena,Wang,,200,
0000-0002-5533-3166,Bernard Lee,Bernard,Lee,,200,
0000-0002-5534-1289,Ha Ryong Jung,Ha Ryong,Jung,,200,
0000-0002-5535-8304,Karim R. Lakhani,Karim,Lakhani,Karim R. Lakhani,200,
0000-0002-5536-7040,Daniel Naftel,Daniel,Naftel,,200,
0000-0002-5536-777X,David Arney,David,Arney,,200,
0000-0002-5541-4150,Kathrin Kajderowicz,Kathrin,Kajderowicz,,200,
0000-0002-5541-9170,Sakshi Khurana,Sakshi,Khurana,,200,
0000-0002-5546-9688,Yamen Abbas,Yamen,Abbas,,200,
0000-0002-5546-983X,Cafer Ozdemir,Cafer,Ozdemir,,200,
0000-0002-5549-3469,Jonathan Boretsky,Jonathan,Boretsky,,200,
0000-0002-5550-2679,Carlos Morales-Rivera,Carlos,Morales-Rivera,,200,
0000-0002-5550-7576,Rodrigo Araiza Bravo,Rodrigo,Araiza Bravo,,200,
0000-0002-5550-8093,Emilio Vavarella,Emilio,Vavarella,,200,
0000-0002-5553-016X,Andrew Kei-Yan Ng,Andrew Kei-Yan,Ng,,200,
0000-0002-5555-2051,Dheeraj Soni,Dheeraj,Soni,,200,
0000-0002-5559-2889,PIERLUIGI SACCO,PIERLUIGI,SACCO,,200,
0000-0002-5561-4603,Laura Herman,Laura,Herman,,200,
0000-0002-5561-5331,Jiyoon Lee,Jiyoon,Lee,,200,
0000-0002-5562-6495,Kauê M. Costa,Kauê,Costa,Kauê M. Costa,200,
0000-0002-5562-9864,Melissa Erskine,Melissa,Erskine,,200,
0000-0002-5565-9860,Abhisekh Mohapatra,Abhisekh,Mohapatra,,200,
0000-0002-5571-3126,Harold N. Eyster,Harold N,Eyster,Harold N. Eyster,200,
0000-0002-5574-3245,Raphael Louis,Raphael,Louis,,200,
0000-0002-5575-3953,Robert Thomas,Robert,Thomas,,200,
0000-0002-5577-1078,Angela Hill,Angela,Hill,,200,
0000-0002-5578-5752,Rebecca Bromley-Dulfano,Rebecca,Bromley-Dulfano,,200,
0000-0002-5582-0773,Sara Canovas Nunes,Sara Jose',Canovas Nunes,Sara Canovas Nunes,200,
0000-0002-5583-0365,Angeliki Polymeri,Angeliki,Polymeri,,200,
0000-0002-5587-291X,Gareth Doherty,Gareth,Doherty,,200,
0000-0002-5587-7497,Anne Miller,Anne,Miller,,200,
0000-0002-5587-8641,Mohamed Babiker Mohamed,Mohamed,Babiker Mohamed,,200,
0000-0002-5589-1002,Heather Andrews,Heather,Andrews,,200,
0000-0002-5593-0155,Elena Christian,Elena,Christian,,200,
0000-0002-5593-0198,Veselina Petrova,Veselina,Petrova,,200,
0000-0002-5594-6448,Jason Li,Jason,Li,,200,
0000-0002-5594-678X,Po-Yu (Jay) Chen,Po-Yu,Chen,Po-Yu (Jay) Chen,200,
0000-0002-5594-9198,Kimberly L. Sue ,Kimberly,Sue,Kimberly L. Sue ,200,
0000-0002-5597-0026,Gao Xiang Ham,Gao Xiang,Ham,,200,
0000-0002-5602-0890,Charlotte Thomas,Charlotte,Thomas,,200,
0000-0002-5604-0904,Alexander Ayertey Odonkor,Alexander,Ayertey Odonkor,,200,
0000-0002-5604-4462,Charles Clavey,Charles,Clavey,,200,
0000-0002-5605-2016,Siwen Wang,Siwen,Wang,,200,
0000-0002-5607-5728,Sue Anne Teo,Sue Anne,Teo,,200,
0000-0002-5609-6385,Adham Sameer A. Bardeesi,Adham Sameer A.,Bardeesi,,200,
0000-0002-5609-7222,Sean Watson,Sean,Watson,,200,
0000-0002-5612-936X,Michael O'Krent,Michael,O'Krent,,200,
0000-0002-5614-341X,Simon Dujardin,Simon,Dujardin,,200,
0000-0002-5614-5618,Kai Wang,Kai,Wang,,200,
0000-0002-5614-6354,Eric Forbush,Eric,Forbush,,200,
0000-0002-5616-2354,Vincenzo Di Nicola,Vincenzo,Di Nicola,,200,
0000-0002-5619-4479,Ankit Kumar Yadav,Ankit Kumar,Yadav,,200,
0000-0002-5620-6062,Timothy Chang,Timothy,Chang,,200,
0000-0002-5625-2106,John J. Vastola,John,Vastola,John J. Vastola,200,
0000-0002-5628-0502,Michelle V. Evans,Michelle,Evans,Michelle V. Evans,200,
0000-0002-5628-3690,Jaclyn Mallard,Jaclyn,Mallard,,200,
0000-0002-5630-6450,Carrie Conaway,Carrie,Conaway,,200,
0000-0002-5630-7947,Jeantine E Lunshof,Jeantine E,Lunshof,,200,
0000-0002-5633-4590,Benjamin Ruben,Benjamin,Ruben,,200,
0000-0002-5634-7367,Jooyoung Yoo,Jooyoung,Yoo,,200,
0000-0002-5635-6239,Elizabeth Carlin,Elizabeth,Carlin,,200,
0000-0002-5637-2319,Christine Greenhow,Christine,Greenhow,,200,
0000-0002-5637-6838,Patrick K. Lin,Patrick,Lin,Patrick K. Lin,200,
0000-0002-5639-5000,Anuva Aishwarya,Anuva,Aishwarya,,200,
0000-0002-5640-4720,Yongtao Wang,Yongtao,Wang,,200,
0000-0002-5642-0608,William V Trim,William,Trim,William V Trim,200,
0000-0002-5646-0546,Nancy Lu,Nancy,Lu,,200,
0000-0002-5646-0925,Bryan Nelson,Bryan,Nelson,,200,
0000-0002-5646-7705,Lan Bao Hoang,Lan Bao,Hoang,Lan Bao Hoang,200,
0000-0002-5648-3174,Ceren OZEL,Ceren,Ozel,Ceren OZEL,200,
0000-0002-5648-5970,Charles A Taylor,Charles,Taylor,Charles A Taylor,200,
0000-0002-5649-1203,Matthew B. Thompson,Matthew,Thompson,Matthew B. Thompson,200,
0000-0002-5651-1120,Rima Majed,Rima,Majed,,200,
0000-0002-5651-8728,Madison Renner,Madison,Renner,,200,
0000-0002-5652-8870,Tanveer Karim,Tanveer,Karim,,200,
0000-0002-5656-6754,KELNNER PORTELA LUZ,KELNNER PORTELA,LUZ,,200,
0000-0002-5660-3586,Naomi Ginsberg,Naomi,Ginsberg,,200,
0000-0002-5660-7835,Haobo Li,Haobo,Li,,200,
0000-0002-5667-443X,Dayton McMillan,Dayton,McMillan,,200,
0000-0002-5667-5299,Crystian Massengill,Crystian,Massengill,,200,
0000-0002-5667-6195,Annemarie Stroustrup Smith,Annemarie,Stroustrup,Annemarie Stroustrup Smith,200,
0000-0002-5667-9732,Rory Vu Mather,Vu,Mather,Rory Vu Mather,200,
0000-0002-5668-5219,David Kwiatkowski,David,Kwiatkowski,,200,
0000-0002-5669-1344,Priyanshu Sharma,Priyanshu,Sharma,,200,
0000-0002-5669-8896,Alice Ma Li,Alice,Li,Alice Ma Li,200,
0000-0002-5671-9175,Mehdi Rezaee,Mehdi,Rezaee,,200,
0000-0002-5672-7909,antoine vion,antoine,vion,,200,
0000-0002-5672-7992,Alexander A. Lukyanov,Alexander,Lukyanov,Alexander A. Lukyanov,200,
0000-0002-5673-544X,Jingyi Wu,Jingyi,Wu,,200,
0000-0002-5673-7947,Michael Brenner,Michael,Brenner,,200,
0000-0002-5674-2084,Antonella Málaga,Antonella,Málaga,,200,
0000-0002-5675-5408,David Okuji,David,Okuji,,200,
0000-0002-5675-7139,Raffaele Di Fenza,Raffaele,Di Fenza,,200,
0000-0002-5675-8836,Katrina F. Ortblad,Katrina,Ortblad,Katrina F. Ortblad,200,
0000-0002-5676-6203,Anders Björklund,Anders,Björklund,,200,
0000-0002-5683-1415,Caroline Cecil Kaufman,Caroline,Kaufman,Caroline Cecil Kaufman,200,
0000-0002-5684-8436,Lin H. Chen,Lin,Chen,Lin H. Chen,200,
0000-0002-5685-6401,Azadeh Tabari,Azadeh,Tabari,,200,
0000-0002-5690-9032,David Salkever,David,Salkever,,200,
0000-0002-5692-2616,Ada C. Stefanescu Schmidt,Ada C.,Stefanescu Schmidt,Ada C. Stefanescu Schmidt,200,
0000-0002-5694-9464,kathryn fay,kathryn,fay,,200,
0000-0002-5696-2933,Phuong N Pham,Phuong,Pham,Phuong N Pham,200,
0000-0002-5697-140X,Hailu Dhufera,Hailu,Dhufera,,200,
0000-0002-5697-5371,Antonio Ruzzini,Antonio,Ruzzini,,200,
0000-0002-5701-0993,Nolan M. Kavanagh,Nolan,Kavanagh,Nolan M. Kavanagh,200,
0000-0002-5704-8836,Victor Hugo Romo Contreras,Victor Hugo,Romo Contreras,,200,
0000-0002-5705-3344,Danielle Alves-Back,Danielle,Alves-Back,,200,
0000-0002-5705-5470,Arjun Sharma,ARJUN,Sharma,Arjun Sharma,200,
0000-0002-5707-5113,Jeffrey Wang,Jeffrey,Wang,,200,
0000-0002-5710-9301,Randi Schuster,Randi,Schuster,,200,
0000-0002-5711-5349,Raquel Ferrer-Espada,Raquel,Ferrer-Espada,,200,
0000-0002-5714-4545,Stefan Knirck,Stefan,Knirck,,200,
0000-0002-5715-7215,thomas marvell,thomas,marvell,,200,
0000-0002-5718-9380,William Walsh,William,Walsh,,200,
0000-0002-5723-8023,Yao Yin,Yao,Yin,,200,
0000-0002-5723-9384,Swapnil Parhad,Swapnil,Parhad,Swapnil Parhad,200,
0000-0002-5725-0743,James Eaglesham,James,Eaglesham,,200,
0000-0002-5728-6228,Mingju Tsai,Mingju,Tsai,,200,
0000-0002-5731-7039,Jiangyun Chen,Jiangyun,Chen,Jiangyun Chen,200,
0000-0002-5732-7464,Micah Lattanner,Micah,Lattanner,,200,
0000-0002-5735-1114,Laura Lautz,Laura,Lautz,,200,
0000-0002-5737-7963,Amir Yacoby,Amir,Yacoby,,200,
0000-0002-5738-0556,Parsa Erfani,Parsa,Erfani,,200,
0000-0002-5739-1896,Yue Zhuo,Yue,Zhuo,,200,
0000-0002-5740-4079,Matthew Capek,Matthew,Capek,,200,
0000-0002-5741-8948,Christopher Payne,Christopher,Payne,,200,
0000-0002-5744-6324,Elise Sheinberg,Elise,Sheinberg,Elise Sheinberg,200,
0000-0002-5748-0610,Abrar Shamim,Abrar,Shamim,,200,
0000-0002-5748-5956,Ole F. Norheim,Ole F.,Norheim,,200,
0000-0002-5748-7812,Annette Yoshiko Reed,Annette Yoshiko,Reed,,200,
0000-0002-5755-9409,Naoshige Uchida,Naoshige,Uchida,,200,
0000-0002-5756-5729,Daniel Koss,Daniel,Koss,,200,
0000-0002-5757-1088,Elena Kramer,Elena,Kramer,,200,
0000-0002-5760-875X,Hawa Dembele,Hawa,Dembele,,200,
0000-0002-5761-122X,Theodore Tomaras,Theodore,Tomaras,,200,
0000-0002-5761-3284,Hiroko Muraki Gottlieb,Hiroko,Muraki Gottlieb,,200,
0000-0002-5763-0201,Gustavo Avila-Ortiz,Gustavo,Avila Ortiz,Gustavo Avila-Ortiz,200,
0000-0002-5766-6247,Wonil Chung,Wonil,Chung,,200,
0000-0002-5769-4854,Su Min Lim,Su Min,Lim,,200,
0000-0002-5771-7753,Kirk Endicott,Kirk,Endicott,,200,
0000-0002-5772-0063,Rose Aguolu,Rose,Aguolu,,200,
0000-0002-5775-2452,F. J. Yu,Felix Jay,Yu,F. J. Yu,200,
0000-0002-5776-3602,Yong Mi Choi,Yong Mi,Choi,,200,
0000-0002-5776-965X,Melissa Fulkerson,Melissa,Fulkerson,,200,
0000-0002-5778-960X,Christina Cuomo,Christina,Cuomo,,200,
0000-0002-5782-0056,Evan Daugharthy,Evan,Daugharthy,,200,
0000-0002-5783-1636,Yanshan Liang,Yanshan,Liang,,200,
0000-0002-5783-3156,Hsin-Yu Lai,Hsin-Yu,Lai,Hsin-Yu Lai,200,
0000-0002-5786-5772,Wanyu Huang,Wanyu,Huang,,200,
0000-0002-5786-7997,Kimbley Asaso,Kimbley,Asaso,,200,
0000-0002-5786-8527,John Dashiell,John,Dashiell,,200,
0000-0002-5787-5751,João Castro,João,Castro,,200,
0000-0002-5788-3014,Clifford B Saper,Clifford,Saper,Clifford B Saper,200,
0000-0002-5788-9651,Lindsay C Hanford,Lindsay C,Hanford,,200,
0000-0002-5790-4612,Md Mahfuz Al Mamun,Md Mahfuz Al,Mamun,,200,
0000-0002-5792-6408,Selwyn Jayakar,Selwyn,Jayakar,,200,
0000-0002-5793-0474,Yaser Peymanfar,Yaser,Peymanfar,,200,
0000-0002-5793-4424,Peter Meyer,Peter,Meyer,,200,
0000-0002-5795-4855,Natasha Sumner,Natasha,Sumner,,200,
0000-0002-5795-5719,Junfeng wang,Junfeng,wang,,200,
0000-0002-5797-7184,Brian Chow,Brian,Chow,,200,
0000-0002-5798-4448,Xingbo Yang,Xingbo,Yang,,200,
0000-0002-5799-219X,Victor M Navarro,"Victor, M",Navarro,Victor M Navarro,200,
0000-0002-5799-5913,,,,,200,
0000-0002-5801-7505,Pierre Tawa,Pierre,Tawa,,200,
0000-0002-5801-8946,Alicia Yamin,Alicia,Yamin,,200,
0000-0002-5802-0587,Carol J. Oja,Carol J.,Oja,,200,
0000-0002-5803-3847,Yulia Alexandr,Yulia,Alexandr,,200,
0000-0002-5806-7254,Glenna Clifton,Glenna,Clifton,,200,
0000-0002-5811-5906,Anthony Daniel LaMontagne,Anthony Daniel,LaMontagne,,200,
0000-0002-5812-3033,Erik Curiel,Erik,Curiel,,200,
0000-0002-5812-6306,Ahmed Abdelfattah,Ahmed,Abdelfattah,,200,
0000-0002-5814-4061,Victoria Ashley Villar,Victoria Ashley,Villar,,200,
0000-0002-5814-5179,ERIC PELFRENE,ERIC,PELFRENE,,200,
0000-0002-5814-6083,James Caress,James,Caress,,200,
0000-0002-5817-7226,Charleen Adams,Charleen,Adams,,200,
0000-0002-5818-3589,Emma C. Dyer,Emma,Dyer,Emma C. Dyer,200,
0000-0002-5818-4506,Cristina Garcia Navas,Cristina,Garcia Navas,,200,
0000-0002-5819-7200,Kimberly Mendoza,Kimberly,Mendoza,,200,
0000-0002-5820-1361,Pierre  Lu,Pierre ,Lu,,200,
0000-0002-5822-9508,Shabir Hassan,Shabir,Hassan,,200,
0000-0002-5824-4062,ROBERTO VERGANTI,ROBERTO,VERGANTI,,200,
0000-0002-5824-7917,Andrew Schroeder,Andrew,Schroeder,,200,
0000-0002-5825-7066,Alper Metin,Alper,Metin,,200,
0000-0002-5830-183X,Alvaro Torrente,Alvaro,Torrente,,200,
0000-0002-5831-8383,John Fiadjoe,John,Fiadjoe,,200,
0000-0002-5832-1515,Trevor Latendresse,Trevor,Latendresse,,200,
0000-0002-5836-0987,jiaqi yan,jiaqi,yan,,200,
0000-0002-5840-6498,Eduardo Casali,Eduardo,Casali,,200,
0000-0002-5844-6916,Anthony Forster,Anthony,Forster,,200,
0000-0002-5845-6647,Jaya Prakash,Jaya,Prakash,,200,
0000-0002-5850-8048,Jason Braun,Jason,Braun,,200,
0000-0002-5851-0949,Jeff Hickey,Jeff,Hickey,,200,
0000-0002-5855-7464,Ryan Enos,Ryan,Enos,,200,
0000-0002-5860-8225,Qin Xu,Qin,Xu,Qin Xu,200,
0000-0002-5862-6757,Roy H Perlis,Roy,Perlis,Roy H Perlis,200,
0000-0002-5865-9399,Luke He,Luke,He,,200,
0000-0002-5868-9213,Chun-Ting Wu,Chun-Ting,Wu,,200,
0000-0002-5870-2617,Jenny Zhen-Duan,Jenny,Zhen-Duan,,200,
0000-0002-5880-0049,ASLIHAN GOKALTUN,ASLIHAN,GOKALTUN,,200,
0000-0002-5883-7271,Jeffrey Dvorin,Jeffrey,Dvorin,,200,
0000-0002-5887-200X,Guergana Savova,Guergana,Savova,,200,
0000-0002-5889-1913,Emily Kaye,Emily,Kaye,,200,
0000-0002-5890-7583,Ruhi Kanwar,Ruhi,Kanwar,,200,
0000-0002-5892-4578,Sanket Walujkar,Sanket,Walujkar,,200,
0000-0002-5894-4237,Mariyam Sohail,Mariyam,Sohail,,200,
0000-0002-5895-6342,Chenglong Xia,Chenglong,Xia,,200,
0000-0002-5897-8250,Isaiah C. Shriner,Isaiah,Shriner,Isaiah C. Shriner,200,
0000-0002-5900-2487,Francesco Mori,Francesco,Mori,,200,
0000-0002-5900-647X,Chintada Bhaskara Rao,Chintada,Bhaskara Rao,,200,
0000-0002-5902-4571,Chun Wai Wong,Chun Wai,Wong,,200,
0000-0002-5902-7369,David Clarke,David,Clarke,,200,
0000-0002-5903-3910,Leila Kamareddine,Leila,Kamareddine,,200,
0000-0002-5903-6417,Daria Sushnikova,Daria,Sushnikova,,200,
0000-0002-5907-3269,Sivan Gelb,Sivan,Gelb,,200,
0000-0002-5907-4886,Tong Jiang,Tong,Jiang,,200,
0000-0002-5909-3585,Jishnu Das,Jishnu,Das,,200,
0000-0002-5910-642X,Stephen Michael Impink,Stephen Michael,Impink,,200,
0000-0002-5910-8978,Konstantinos Bizas,Konstantinos,Bizas,,200,
0000-0002-5911-2184,Alissa Stern,Alissa,Stern,,200,
0000-0002-5912-5276,Sapna Nath,Sapna,Nath,,200,
0000-0002-5915-099X,Mia Blakstad,Mia,Blakstad,,200,
0000-0002-5915-7884,Lilian Elekwachi,Lilian,Elekwachi,,200,
0000-0002-5919-7296,Liwen Ko,Liwen,Ko,,200,
0000-0002-5919-7835,Bruno Jullien,Bruno,Jullien,,200,
0000-0002-5922-7547,Kristopher Kahle,Kristopher,Kahle,,200,
0000-0002-5924-1752,Abigail Curtis,Abigail,Curtis,,200,
0000-0002-5926-5789,Zohreh Izadifar,Zohreh,Izadifar,,200,
0000-0002-5928-0575,Ziwei Zhang,Ziwei,Zhang,,200,
0000-0002-5928-1973,Lucy Pickard,Lucy,Pickard,,200,
0000-0002-5929-6825,Anthony Hesser,Anthony,Hesser,,200,
0000-0002-5929-8492,Christophe Dupre,Christophe,Dupre,,200,
0000-0002-5930-7758,Francisco,Francisco Eduardo,Borja Ponce,Francisco,200,
0000-0002-5930-9438,Rusab Baig,Rusab,Baig,,200,
0000-0002-5935-1476,Thomas Hill,Thomas,Hill,,200,
0000-0002-5936-8534,"Jesabelle De Jesus Dominguez-Garcia, M.D.",Jesabelle De Jesus,"Dominguez-Garcia, M.D.",,200,
0000-0002-5936-8817,Jason Keith Fernandes,Jason Keith,Fernandes,Jason Keith Fernandes,200,
0000-0002-5941-7455,Mahzarin Banaji,Mahzarin,Banaji,,200,
0000-0002-5943-5354,Sara A. Snyder,Sara,Snyder,Sara A. Snyder,200,
0000-0002-5944-3696,Hannah Parzen,Hannah,Parzen,,200,
0000-0002-5945-6147,Adam Mestyan,Adam,Mestyan,,200,
0000-0002-5946-7786,Sun Joo Lee,Sun Joo,Lee,,200,
0000-0002-5949-2850,Eileen Sullivan,Eileen,Sullivan,,200,
0000-0002-5952-6889,Nikolai Hörmann,Nikolai,Hörmann,,200,
0000-0002-5952-8817,Severin Josef Schink,Severin Josef,Schink,,200,
0000-0002-5953-538X,David L. Osterbur,David,Osterbur,David L. Osterbur,200,
0000-0002-5955-0969,Daniel Motta-Calderon,Daniel,Motta-Calderon,,200,
0000-0002-5955-5102,Maureen Leonard,Maureen,Leonard,,200,
0000-0002-5956-6434,Elisabeth S. Butz,Elisabeth S.,Butz,,200,
0000-0002-5960-0479,Armin Bayati,Armin,Bayati,,200,
0000-0002-5960-1308,Caban-Martinez AJ,Alberto,Caban-Martinez,Caban-Martinez AJ,200,
0000-0002-5960-4429,Finn Stirling,Finn,Stirling,,200,
0000-0002-5961-482X,Lindsey Lair,Lindsey,Lair,,200,
0000-0002-5964-1545,Wanyu Li,Wanyu,Li,,200,
0000-0002-5964-5335,Junyu Yang,Junyu,Yang,,200,
0000-0002-5964-8173,Aticus Peterson,Aticus,Peterson,,200,
0000-0002-5968-0667,Aharon Friedman,Aharon,Friedman,,200,
0000-0002-5968-7535,Kevin Kit Parker,Kevin Kit,Parker,,200,
0000-0002-5972-4682,Rebecca Fine,Rebecca,Fine,,200,
0000-0002-5972-7242,Carrie G Wade,Carrie,Wade,Carrie G Wade,200,
0000-0002-5973-8259,Keun P Kim,Keun,Kim,Keun P Kim,200,
0000-0002-5975-2851,Aparna Nathan,Aparna,Nathan,,200,
0000-0002-5977-6095,Rachael Jonas-Closs,Rachael,Jonas-Closs,,200,
0000-0002-5980-368X,Miles Cunningham,Miles,Cunningham,,200,
0000-0002-5983-2296,Paula Montero Llopis,Paula,Montero Llopis,,200,
0000-0002-5986-5952,Amy S Van Epps,Amy,Van Epps,Amy S Van Epps,200,
0000-0002-5987-1260,Sebastian Sobecki,Sebastian,Sobecki,,200,
0000-0002-5989-1632,Brendan Bo O'Connor,Brendan Bo,O'Connor,,200,
0000-0002-5992-7586,Sihan Yuan,Sihan,Yuan,,200,
0000-0002-5993-3433,Rony-Reuven Nir,Rony-Reuven,Nir,,200,
0000-0002-5996-3202,Ayelet Israeli,Ayelet,Israeli,,200,
0000-0002-5997-5633,Maya Talukdar,Maya,Talukdar,,200,
0000-0002-5997-9642,Kirin Gupta,Kirin,Gupta,,200,
0000-0002-5998-7925,Rodrigo Moisés de Almeida Leite,Rodrigo,de Almeida Leite,Rodrigo Moisés de Almeida Leite,200,
0000-0002-6000-3380,Victor Murray,Victor,Murray,,200,
0000-0002-6002-0316,Joel R. K. Moody,Joel,Moody,Joel R. K. Moody,200,
0000-0002-6006-2620,Atif Khan,Atif,Khan,,200,
0000-0002-6011-6174,Abigail Lyons,Abigail,Lyons,,200,
0000-0002-6011-8647,Sven Lange,Sven,Lange,,200,
0000-0002-6012-7236,Shira Glushakow-Smith,Shira,Glushakow-Smith,,200,
0000-0002-6015-1690,Kyung-hye Moon,Kyung-hye,Moon,,200,
0000-0002-6015-770X,Viswanath Balakrishnan,Viswanath,Balakrishnan,,200,
0000-0002-6018-9170,Charles J. Dorman,Charles,Dorman,Charles J. Dorman,200,
0000-0002-6019-9838,Maria Camila Velez Florez,Maria Camila,Velez Florez,Maria Camila Velez Florez,200,
0000-0002-6020-7340,Soeren Brandt,Soeren,Brandt,,200,
0000-0002-6021-2027,Dr. Sarah K. Wood,Sarah,Wood,Dr. Sarah K. Wood,200,
0000-0002-6024-6286,Xiao Han,Xiao,Han,,200,
0000-0002-6026-4361,Aditya Karhade,Aditya,Karhade,,200,
0000-0002-6026-7546,"Kristina Baldwin Larson, JD, MBE",Kristina,Larson,"Kristina Baldwin Larson, JD, MBE",200,
0000-0002-6029-2450,Wolfgang Ganglberger,Wolfgang,Ganglberger,,200,
0000-0002-6031-8067,Maelys Amat,Maelys,Amat,,200,
0000-0002-6031-9262,Traci Wolbrink,Traci,Wolbrink,,200,
0000-0002-6032-4061,Yabets Tesfaye Kebede,Yabets Tesfaye,Kebede,Yabets Tesfaye Kebede,200,
0000-0002-6034-7853,Xiaowei Zhuang,Xiaowei,Zhuang,,200,
0000-0002-6035-3508,Dylan Burgin,Dylan,Burgin,,200,
0000-0002-6035-7381,Lauren Hsu,Lauren,Hsu,,200,
0000-0002-6036-0177,Martin H. Teicher,Martin,Teicher,Martin H. Teicher,200,
0000-0002-6037-814X,Brandon Fricker,Brandon,Fricker,,200,
0000-0002-6038-0346,Naomi Patel,Naomi,Patel,,200,
0000-0002-6039-1088,Shangbo Jing,Shangbo,Jing,,200,
0000-0002-6039-123X,Eugene Mark,Eugene,Mark,,200,
0000-0002-6039-4246,Seyed MohamadMehdi Moshtaghion,Seyed MohamadMehdi,Moshtaghion,Seyed MohamadMehdi Moshtaghion,200,
0000-0002-6039-9979,Nahoko Kawakyu O'Connor,Nahoko,Kawakyu O'Connor,,200,
0000-0002-6040-6833,Cheng Chen,Cheng,Chen,,200,
0000-0002-6040-941X,Francis Ching-Wah Yip,Francis Ching-Wah,Yip,,200,
0000-0002-6043-8560,James McNally,James,McNally,,200,
0000-0002-6047-7148,Shweta Khatri,Shweta,Khatri,,200,
0000-0002-6048-4700,Jill Lundell,Jill,Lundell,,200,
0000-0002-6051-616X,Yaakov Nahmias,Yaakov,Nahmias,,200,
0000-0002-6051-8544,Michael Thomson,Michael,Thomson,,200,
0000-0002-6053-2928,Kateri Howard,Kateri,Howard,,200,
0000-0002-6054-1699,Mario Vincenzo Russo,Mario Vincenzo,Russo,,200,
0000-0002-6055-000X,Sherida Hibbard,Sherida,Hibbard,,200,
0000-0002-6057-0959,Carmen Oleaga-Quintas,Carmen,Oleaga-Quintas,,200,
0000-0002-6057-3973,Aeshah Ali Awaji,Aeshah Ali,Awaji,,200,
0000-0002-6062-3758,Peggy L Fiedler,Peggy,Fiedler,Peggy L Fiedler,200,
0000-0002-6062-6772,Scott Shainker,Scott,Shainker,,200,
0000-0002-6064-3353,Thijs Koorman,Thijs,Koorman,,200,
0000-0002-6065-8889,Chen Chen,Chen,Chen,,200,
0000-0002-6067-6438,Christina Xu,Christina,Xu,,200,
0000-0002-6073-2073,Vaughn Sousa,Vaughn,Sousa,,200,
0000-0002-6073-5207,Luis G. Brieba,Luis G.,Brieba,,200,
0000-0002-6075-4395,Elliott Mokski,Elliott,Mokski,,200,
0000-0002-6076-6265,Zachariah Cohen,Zachariah,Cohen,,200,
0000-0002-6078-7066,William Milberg,William,Milberg,William Milberg,200,
0000-0002-6078-9328,Steven W. Kasparek,Steven,Kasparek,Steven W. Kasparek,200,
0000-0002-6080-9245,Catherine Strong,Catherine,Strong,,200,
0000-0002-6081-3156,Sean Paul Ashley,Sean Paul,Ashley,,200,
0000-0002-6081-6226,Matthieu Landon,Matthieu,Landon,,200,
0000-0002-6083-1004,Kyumin Lee,Kyumin,Lee,,200,
0000-0002-6083-4424,Jack Edwards,Jack,Edwards,,200,
0000-0002-6085-5911,Dhiraj Kumar,Dhiraj,Kumar,,200,
0000-0002-6086-5546,Gabriel Enrique Romero,Gabriel,Romero,Gabriel Enrique Romero,200,
0000-0002-6088-9994,Howard Georgi,Howard,Georgi,,200,
0000-0002-6092-3208,Tamara Brenner,Tamara,Brenner,,200,
0000-0002-6092-6222,Rashmi Jasrasaria,Rashmi,Jasrasaria,Rashmi Jasrasaria,200,
0000-0002-6096-4915,Yuchen He,Yuchen,He,,200,
0000-0002-6096-6697,Safana AlFardan,Safana,AlFardan,,200,
0000-0002-6097-1197,Abul Quasem Al-Amin,Abul Quasem,Al-Amin,,200,
0000-0002-6098-5353,Amy J Wisdom,Amy,Wisdom,Amy J Wisdom,200,
0000-0002-6100-1862,VILMA IRAZOLA,VILMA,IRAZOLA,,200,
0000-0002-6101-0443,Daniel Corlew,Daniel,Corlew,,200,
0000-0002-6102-6904,Vlad Elgart,Vlad,Elgart,,200,
0000-0002-6103-9318,Sharad Goel,Sharad,Goel,,200,
0000-0002-6104-4643,Daniel F. Cardozo Pinto,Daniel F.,Cardozo Pinto,,200,
0000-0002-6105-5270,"Thompson, CC",Christopher C.,Thompson,"Thompson, CC",200,
0000-0002-6107-1633,Yuxiao Du,Yuxiao,Du,,200,
0000-0002-6107-3794,Lumumba Seegars,Lumumba,Seegars,,200,
0000-0002-6110-0510,Abra Shen,Abra,Shen,,200,
0000-0002-6110-4319,Benjamin  Porteous,Benjamin ,Porteous,,200,
0000-0002-6113-6820,Michelle Richter,Michelle,Richter,,200,
0000-0002-6114-0301,Esther Brielle,Esther,Brielle,,200,
0000-0002-6115-0956,Nathaniel Bowden,Nathaniel,Bowden,,200,
0000-0002-6119-5767,Ben Haward,Ben,Haward,,200,
0000-0002-6121-0875,Fang Xie,Fang,Xie,,200,
0000-0002-6122-8426,Zidu Xu,Zidu,Xu,,200,
0000-0002-6123-3540,Erik Lewis Hodges,Erik,Hodges,Erik Lewis Hodges,200,
0000-0002-6125-7833,Suyang Wan,Suyang,Wan,,200,
0000-0002-6129-7229,William Helmrath,William,Helmrath,,200,
0000-0002-6130-2286,Ankur Pandya,Ankur,Pandya,,200,
0000-0002-6130-4935,Gregory Li,Gregory,Li,,200,
0000-0002-6132-0601,Ebru Aras,Ebru,Aras,,200,
0000-0002-6132-0871,Sunghyuk Park,Sunghyuk,Park,,200,
0000-0002-6134-3264,Shvan J. Raheem,Shvan,J. Raheem,,200,
0000-0002-6137-0318,xuedao he,xuedao,he,,200,
0000-0002-6141-4712,Ingrid Elisabeth Christophersen,Ingrid Elisabeth,Christophersen,,200,
0000-0002-6145-9689,B. Natterson-Horowitz,Barbara,Natterson-Horowitz,B. Natterson-Horowitz,200,
0000-0002-6148-6433,Tarun V. Kamath,Tarun,Kamath,Tarun V. Kamath,200,
0000-0002-6149-3406,Nathan Faialaga,Nathan,Faialaga,,200,
0000-0002-6149-4898,Bene Ekine-Afolabi,Bene,Ekine-Afolabi,,200,
0000-0002-6165-5946,Susan Fitzgerald,Susan,Fitzgerald,,200,
0000-0002-6168-005X,Marta Florio,Marta,Florio,,200,
0000-0002-6169-8073,Mohammad Hamidian,Mohammad,Hamidian,,200,
0000-0002-6172-4526,Roberto Sotomayor-Mena,Roberto,Sotomayor-Mena,,200,
0000-0002-6172-6521,Samantha Jones,Samantha,Jones,,200,
0000-0002-6172-6847,Ching Keng,Ching,Keng,Ching Keng,200,
0000-0002-6178-5927,Gino Mortillaro,Gino,Mortillaro,,200,
0000-0002-6179-8461,Ari Kappel,Ari,Kappel,,200,
0000-0002-6180-223X,Lina Lander,Lina,Lander,,200,
0000-0002-6180-7807,Wenchu,Wenchu,,,200,
0000-0002-6181-0440,Lovanomenjanahary Marline,Lovanomenjanahary,Marline,,200,
0000-0002-6185-4849,Jacob Kalodner,Jacob,Kalodner,,200,
0000-0002-6186-0798,Daniel Hathaway,Daniel,Hathaway,,200,
0000-0002-6189-4429,"Azeredo, Catarina Machado",Catarina,Machado Azeredo,"Azeredo, Catarina Machado",200,
0000-0002-6191-4709,Shannan J Ho Sui,Shannan,Ho Sui,Shannan J Ho Sui,200,
0000-0002-6192-4659,Alex Barron,Alex,Barron,,200,
0000-0002-6193-665X,Hugh Shirley,Hugh,Shirley,,200,
0000-0002-6195-2430,Pradeep Sathyanarayana,Pradeep,Sathyanarayana,,200,
0000-0002-6196-727X,Michael Girouard,Michael,Girouard,,200,
0000-0002-6198-8329,Elizabeth Perez,Elizabeth,Perez,,200,
0000-0002-6198-9823,Festina Balidemaj,Festina,Balidemaj,,200,
0000-0002-6203-2898,Koji Kinoshita,Koji,Kinoshita,Koji Kinoshita,200,
0000-0002-6206-2675,Zhou Fang,Zhou,Fang,,200,
0000-0002-6206-681X,Laura Hofman,Laura,Hofman,,200,
0000-0002-6207-4529,Ji-Won Lee,Ji-Won,Lee,,200,
0000-0002-6208-0232,Fadi Issa,Fadi,Issa,,200,
0000-0002-6214-7847,Amy Cohen,Amy,Cohen,,200,
0000-0002-6215-190X,Alexander Tyshkovskiy,Alexander,Tyshkovskiy,,200,
0000-0002-6215-8159,Elizabeth A. Phelps,Elizabeth ,Phelps,Elizabeth A. Phelps,200,
0000-0002-6215-8714,Tzu-Chieh Tang,Tzu-Chieh,Tang,Tzu-Chieh Tang,200,
0000-0002-6219-7035,Alex Cuenca,Alex,Cuenca,,200,
0000-0002-6221-8895,Jennifer Potter,Jennifer,Potter,,200,
0000-0002-6224-5519,Takahisa Ogawa,Takahisa,Ogawa,,200,
0000-0002-6225-4212,Mapopa Chipofya,Mapopa,Chipofya,,200,
0000-0002-6227-6796,Andrew R Weckstein,Andrew,Weckstein,Andrew R Weckstein,200,
0000-0002-6231-2937,Ehsan Hajiesmaili,Ehsan,Hajiesmaili,,200,
0000-0002-6231-4414,Yuchen Liu,Yuchen,Liu,,200,
0000-0002-6231-6073,Maryam Azimi Mohammadabadi,Maryam,Azimi Mohammadabadi,Maryam Azimi Mohammadabadi,200,
0000-0002-6231-9944,Wolfram Schlenker,Wolfram,Schlenker,,200,
0000-0002-6233-6664,Swayam Bagaria,Swayam,Bagaria,,200,
0000-0002-6234-367X,Rahul Kumar Sevakula,Rahul Kumar,Sevakula,,200,
0000-0002-6235-8177,Adi Berliner Senderey,Adi,Berliner Senderey,,200,
0000-0002-6237-7976,C. C.. Lamberg-Karlovsky,C. C..,Lamberg-Karlovsky,,200,
0000-0002-6238-341X,Ted Turesky,Ted,Turesky,,200,
0000-0002-6240-3652,Jay Luker,Jay,Luker,,200,
0000-0002-6241-1214,Zachary Nowak,Zachary,Nowak,,200,
0000-0002-6243-0706,Mohamed Nashnoush,Mohamed,Nashnoush,,200,
0000-0002-6248-2282,Sook-Bin Woo,Sook-Bin,Woo,,200,
0000-0002-6249-4291,Joon-Hyuk Lee,Joon-Hyuk,Lee,,200,
0000-0002-6252-6986,David Tomasi,David,Tomasi,David Tomasi,200,
0000-0002-6253-3430,Kirstie Russell,Kirstie,Russell,,200,
0000-0002-6253-6850,Timothy Hanley,Timothy,Hanley,,200,
0000-0002-6257-2296,Michelle Baildon,Michelle,Baildon,,200,
0000-0002-6258-2443,EROL BARBUR,EROL,BARBUR,,200,
0000-0002-6261-8813,Furqan Aftab,Furqan,Aftab,,200,
0000-0002-6264-6961,Xochitl Morgan,Xochitl,Morgan,Xochitl Morgan,200,
0000-0002-6264-8553,Justin Silpe,Justin,Silpe,,200,
0000-0002-6264-873X,Muhammad Hasan Abid,Muhammad Hasan,Abid,,200,
0000-0002-6265-6756,Parker Knight,Parker,Knight,,200,
0000-0002-6266-8239,Clio-Ragna Takas,Clio-Ragna,Takas,,200,
0000-0002-6268-0721,Sheethal Kalmadka,Sheethal,Kalmadka,,200,
0000-0002-6268-217X,Pepijn Brandon,Pepijn,Brandon,,200,
0000-0002-6268-7309,Xuejun Zhang,Xuejun,Zhang,,200,
0000-0002-6270-4404,Dr. Marshala Lee-McCall,Marshala,Lee-McCall,Dr. Marshala Lee-McCall,200,
0000-0002-6273-7310,Daniel Y. Kim,Daniel,Kim,Daniel Y. Kim,200,
0000-0002-6275-513X,Junyu Yang,Junyu,Yang,,200,
0000-0002-6276-8117,Nina A. Kohn,Nina,Kohn,Nina A. Kohn,200,
0000-0002-6278-4926,Deborah Pavan-Langston  MD FACS,Deborah,Pavan-Langston  MD FACS,,200,
0000-0002-6279-7807,Julia Palmiano Federer,Julia,Palmiano Federer,,200,
0000-0002-6281-657X,Christopher Thompson,Christopher,Thompson,,200,
0000-0002-6284-1679,"Renee Crichlow MD, FAAFP",Renee,Crichlow,"Renee Crichlow MD, FAAFP",200,
0000-0002-6287-2969,Eiji Takahashi,Eiji,Takahashi,,200,
0000-0002-6289-6928,Ian W Windsor,Ian,Windsor,Ian W Windsor,200,
0000-0002-6292-1126,Catherine E. Snow,Catherine E.,Snow,,200,
0000-0002-6292-8408,LIAM THEVENY,LIAM,THEVENY,,200,
0000-0002-6294-909X,Julian Kates-Harbeck,Julian,Kates-Harbeck,,200,
0000-0002-6297-0649,Paul Chen,Paul,Chen,,200,
0000-0002-6299-8510,Americo Mendoza-Mori,Americo,Mendoza-Mori,,200,
0000-0002-6301-2151,Taofeek Uthman,Taofeek,Uthman,,200,
0000-0002-6302-7564,Jorge Almeida,Jorge,Almeida,Jorge Almeida,200,
0000-0002-6306-2263,Ashvin Vishwanath,Ashvin,Vishwanath,,200,
0000-0002-6306-7240,Maria Amodeo,Maria,Amodeo,,200,
0000-0002-6308-2491,Anthony C Varca,Anthony,Varca,Anthony C Varca,200,
0000-0002-6309-7298,Hsinlin Cheng,Hsinlin,Cheng,,200,
0000-0002-6311-6161,Frances St Amant,Frances,St Amant,,200,
0000-0002-6311-8546,Rachel Swindle,Rachel,Swindle,,200,
0000-0002-6313-6357,,,,,200,
0000-0002-6317-8450,Edward Smith,Edward,Smith,,200,
0000-0002-6319-1647,Oladapo Yeku,Oladapo,Yeku,,200,
0000-0002-6319-7205,Baohong Chen,Baohong,Chen,,200,
0000-0002-6322-5093,Leon Chen,Leon,Chen,,200,
0000-0002-6326-7568,Angélica María Sánchez Barona,Angélica María,Sánchez Barona,,200,
0000-0002-6330-8251,Haytham Shebel,Haytham,Shebel,,200,
0000-0002-6331-5224,"Brendan M. Everett, MD, MPH",Brendan,Everett,"Brendan M. Everett, MD, MPH",200,
0000-0002-6331-7940,Jesse B. Gordon,Jesse,Gordon,Jesse B. Gordon,200,
0000-0002-6332-1093,Dan Li,Dan,Li,,200,
0000-0002-6333-5022,Jennifer Fagen,Jennifer,Fagen,,200,
0000-0002-6335-1399,Sara Schechner,Sara,Schechner,,200,
0000-0002-6337-1867,Madeline Ma,Madeline,Ma,,200,
0000-0002-6337-9447,Brandon Grinkemeyer,Brandon,Grinkemeyer,,200,
0000-0002-6338-1686,Ewilly J. Y. Liew,Ewilly,Liew,Ewilly J. Y. Liew,200,
0000-0002-6343-7109,Nabil Harfoush,Nabil,Harfoush,,200,
0000-0002-6345-008X,Su Chu,Su,Chu,,200,
0000-0002-6345-1138,Youngjung Kim,Youngjung,Kim,,200,
0000-0002-6345-1664,Susan Lester,Susan,Lester,,200,
0000-0002-6347-7506,Cameron Smith,Cameron,Smith,,200,
0000-0002-6349-9254,Katherine  King,Katherine ,King,,200,
0000-0002-6350-6610,Jia Chen,Jia,Chen,,200,
0000-0002-6351-0177,Amir Shachmurove,Amir,Shachmurove,,200,
0000-0002-6351-2252,Asmaa Rohym,Asmaa,Ahmed,Asmaa Rohym,200,
0000-0002-6352-6005,Kimberly Parra,Kimberly,Parra,,200,
0000-0002-6352-7788,Panayotis League,Panayotis,League,,200,
0000-0002-6356-7966,Byron Cohen,Byron,Cohen,,200,
0000-0002-6358-0765,Jun REN,Jun,REN,,200,
0000-0002-6358-4141,Meredith Stanhope,Meredith,Stanhope,,200,
0000-0002-6359-4702,Longle Ma,Longle,Ma,,200,
0000-0002-6359-8471,Megan Satterthwaite-Freiman,Megan,Satterthwaite-Freiman,,200,
0000-0002-6362-1520,Meg Lovejoy,Meg,Lovejoy,,200,
0000-0002-6362-1651,Laura Lascarez-Lagunas,Laura,Lascarez-Lagunas,,200,
0000-0002-6367-9562,Vincent WL Wong,Vincent WL,Wong,,200,
0000-0002-6368-6068,Yu-Chiao Wu,Yu-Chiao,Wu,,200,
0000-0002-6369-9977,Sibylla Leon Guerrero,Sibylla,Leon Guerrero,,200,
0000-0002-6370-3825,Matteo Paradisi,Matteo,Paradisi,,200,
0000-0002-6373-1068,Phillip Pearl,Phillip,Pearl,,200,
0000-0002-6373-3100,Daniel Jacob,Daniel,Jacob,,200,
0000-0002-6374-3819,Ella King,Ella,King,,200,
0000-0002-6375-2846,David Dongkyung Kim,David,Kim,David Dongkyung Kim,200,
0000-0002-6375-3312,Seward Rutkove,Seward,Rutkove,,200,
0000-0002-6376-3641,Ramalingam Vetrivelan,Ramalingam,Vetrivelan,,200,
0000-0002-6381-121X,Juha Ruokonen,Juha,Ruokonen,,200,
0000-0002-6381-2845,Mehdi Taghavi,Mehdi,Taghavi,,200,
0000-0002-6382-8986,Christopher Lawrence,Christopher,Lawrence,,200,
0000-0002-6384-4900,Han Xu,Han,Xu,,200,
0000-0002-6388-5577,Eric Wright,Eric,Wright,,200,
0000-0002-6391-2037,Simona Eleuteri,Simona,Eleuteri,,200,
0000-0002-6395-6320,Diego Alexandre,Diego,Alexandre,,200,
0000-0002-6400-9472,Adrian Ranga,Adrian,Ranga,,200,
0000-0002-6400-9667,Dongzhe Hong,Dongzhe,Hong,,200,
0000-0002-6401-7464,Yan Wang,Yan,Wang,,200,
0000-0002-6405-2390,Changpeng Lin,Changpeng,Lin,,200,
0000-0002-6406-1828,Joshua Goldstein,Joshua,Goldstein,,200,
0000-0002-6408-5125,Ana Cristina  Sedas,Ana Cristina ,Sedas,,200,
0000-0002-6409-892X,Roisin Mortimer,Roisin,Mortimer,,200,
0000-0002-6410-4699,,,,,200,
0000-0002-6411-3480,Ana Paula Beck da Silva Etges,Ana Paula,Beck da Silva Etges,,200,
0000-0002-6414-1705,Kevin Wong,Kevin,Wong,,200,
0000-0002-6415-5496,James Kim,James,Kim,,200,
0000-0002-6417-9658,Stephanie Chalupka,Stephanie,Chalupka,,200,
0000-0002-6419-1980,Ying Liu,Ying,Liu,,200,
0000-0002-6419-3361,Sajad Razavi Bazaz,Sajad,Razavi Bazaz,Sajad Razavi Bazaz,200,
0000-0002-6420-848X,Leonid Peshkin,Leonid,Peshkin,Leonid Peshkin,200,
0000-0002-6423-3554,Jennifer Nicoloro-SantaBarbara,Jennifer,Nicoloro-SantaBarbara,,200,
0000-0002-6423-3888,Daniel Tenen,Daniel,Tenen,,200,
0000-0002-6423-4485,Nitya Jain,Nitya,Jain,,200,
0000-0002-6423-5816,FANGCONG DONG,FANGCONG,DONG,,200,
0000-0002-6424-3445,Carol Chiodo,Carol,Chiodo,,200,
0000-0002-6426-0456,Sechaba Mahlomaholo,Mahlomaholo Sechaba Geoffrey,Mahlomaholo,Sechaba Mahlomaholo,200,
0000-0002-6428-9603,Holt DJ,Daphne J.,Holt,Holt DJ,200,
0000-0002-6429-3872,Peter Galison,Peter,Galison,,200,
0000-0002-6429-7646,Branka Trifkovic,Branka,Trifkovic,,200,
0000-0002-6433-7804,Christine Field,Christine,Field,,200,
0000-0002-6435-548X,Wonjin Yoon,Wonjin,Yoon,,200,
0000-0002-6440-0877,Walter Hatch,Walter,Hatch,,200,
0000-0002-6440-0957,Olof Lagerlöf,Olof,Lagerlöf,Olof Lagerlöf,200,
0000-0002-6441-8014,Chuan Qin,Chuan,Qin,,200,
0000-0002-6445-5931,Senthil Kumar Rajasekaran,Senthil Kumar,Rajasekaran,,200,
0000-0002-6445-8016,Kieran Todd,Kieran,Todd,,200,
0000-0002-6449-405X,Malathi Thothathiri,Malathi,Thothathiri,,200,
0000-0002-6450-4975,Jordan R. Brown,Jordan,Brown,Jordan R. Brown,200,
0000-0002-6451-9376,Alison Ringel,Alison,Ringel,,200,
0000-0002-6453-0831,Rembrand Koning,Rembrand,Koning,,200,
0000-0002-6453-199X,Li Su,Li,Su,,200,
0000-0002-6454-2875,Dr Catherine Pédamon,Catherine,Pédamon,Dr Catherine Pédamon,200,
0000-0002-6455-936X,Colleen M Ryan,Colleen Marie,Ryan,Colleen M Ryan,200,
0000-0002-6456-3908,Benjamin Johnston,Benjamin,Johnston,,200,
0000-0002-6456-5663,Matthew W. Hughey,Matthew,Hughey,Matthew W. Hughey,200,
0000-0002-6456-7140,Yuzhou Lin,Yuzhou,Lin,,200,
0000-0002-6457-4965,Pawel Korzynski,Pawel,Korzynski,,200,
0000-0002-6459-0551,Gašper Beguš,Gašper,Beguš,,200,
0000-0002-6459-8772,Andrei Diaconu,Andrei,Diaconu,,200,
0000-0002-6460-0246,Chunlei Tang,Chunlei,Tang,,200,
0000-0002-6463-8965,Manish Paranjpe,Manish,Paranjpe,,200,
0000-0002-6468-8145,Ramya Parthasarathy,Ramya,Parthasarathy,,200,
0000-0002-6469-9653,Zeynep Aytac,Zeynep,Aytac,,200,
0000-0002-6470-2277,Elena Pajaro Peres,Elena,Pajaro Peres,,200,
0000-0002-6471-4630,Alos Diallo,Alos,Diallo,,200,
0000-0002-6473-8325,L. Kelly Fitzpatrick,L. Kelly,Fitzpatrick,,200,
0000-0002-6475-1984,Jeremy Wolfe,Jeremy,Wolfe,,200,
0000-0002-6475-4368,Matthew Kopec,Matthew,Kopec,,200,
0000-0002-6476-3803,Kenneth Chiacchia,Kenneth,Chiacchia,,200,
0000-0002-6476-6748,Gen Pei,Gen,Pei,,200,
0000-0002-6480-1347,Scott J. DiGiulio,Scott,DiGiulio,Scott J. DiGiulio,200,
0000-0002-6480-4660,Arafeh Bigdeli,Arafeh,Bigdeli,,200,
0000-0002-6482-2789,Yuan Jia-Zheng,Yuan,Jia Zheng,Yuan Jia-Zheng,200,
0000-0002-6486-0689,Javiera P. Oyarzun,Javiera ,Oyarzun,Javiera P. Oyarzun,200,
0000-0002-6486-4815,Arshia Mostoufi,Arshia,Mostoufi,,200,
0000-0002-6489-4117,Samuel S. Urlacher,Samuel,Urlacher,Samuel S. Urlacher,200,
0000-0002-6492-7812,Michael Chiang,Michael,Chiang,,200,
0000-0002-6493-4481,Haidong Yuan,Haidong,Yuan,,200,
0000-0002-6495-4394,Quynh T Nguyen,Quynh T,Nguyen,,200,
0000-0002-6499-1443,"James S. Allan, MD",James,Allan,"James S. Allan, MD",200,
0000-0002-6502-528X,AYÇA BAL ÖZTÜRK,AYÇA,BAL ÖZTÜRK,AYÇA BAL ÖZTÜRK,200,
0000-0002-6504-1669,Oscar A. Zanett Lecuona,Oscar A.,Zanett Lecuona,,200,
0000-0002-6505-7150,Yan Qi Huan,Yan Qi,Huan,,200,
0000-0002-6507-0232,Uylissa Rodriguez,Uylissa,Rodriguez,,200,
0000-0002-6509-7056,"Dr.Amir Khattabi MD,PhD,DPhil,MSc,MSt",Dr.Amir,"Khattabi MD,PhD,DPhil,MSc,MSt",,200,
0000-0002-6512-0674,Tamara Dordevic,Tamara,Dordevic,,200,
0000-0002-6512-4683,Anne Hin Yee Chu,Anne Hin Yee,Chu,,200,
0000-0002-6513-3870,Daniel Pagano,Daniel,Pagano,,200,
0000-0002-6516-2495,Panayiotis Danassis,Panayiotis,Danassis,,200,
0000-0002-6519-7735,Hossein Mokhtarzadeh,Hossein,Mokhtarzadeh,,200,
0000-0002-6522-0835,Piotr Sliz,Piotr,Sliz,,200,
0000-0002-6524-2575,Bailey A. Plaman,Bailey,Plaman,Bailey A. Plaman,200,
0000-0002-6524-4140,Carl W. Brown III,Carl W.,"Brown III, Ph.D.",Carl W. Brown III,200,
0000-0002-6524-874X,Nazim Bouatta,Nazim,Bouatta,,200,
0000-0002-6528-0491,Yuesong Hu,Yuesong,Hu,,200,
0000-0002-6531-1446,Florian Juengermann,Florian,Juengermann,,200,
0000-0002-6533-7427,Emiliano Santarnecchi,Emiliano,Santarnecchi,,200,
0000-0002-6538-4506,Caroline Pitton,Caroline,Pitton,,200,
0000-0002-6539-2231,Harald Ruda,Harald,Ruda,,200,
0000-0002-6541-6643,david nelson,david,nelson,,200,
0000-0002-6547-072X,Alexei Sisulu Abrahams,Alexei,Sisulu Abrahams,,200,
0000-0002-6548-7724,Ethan Scherer,Ethan,Scherer,,200,
0000-0002-6549-8626,Connor McCann,Connor,McCann,,200,
0000-0002-6550-8935,Joshua Vaughan,Joshua,Vaughan,,200,
0000-0002-6553-659X,Athina Aruldass,Athina,Aruldass,,200,
0000-0002-6554-4557,Raquel Alonso-Perez,Raquel,Alonso-Perez,,200,
0000-0002-6557-211X,Huang CS,Chiun-Sheng,Huang,Huang CS,200,
0000-0002-6558-8314,Ammaar Saeed,Ammaar,Saeed,,200,
0000-0002-6558-9106,Austin Lentsch,Austin,Lentsch,,200,
0000-0002-6562-088X,William C. Y. Lo,William,Lo,William C. Y. Lo,200,
0000-0002-6565-1352,Karolina Kawiaka,Karolina,Kawiaka,,200,
0000-0002-6565-3307,Reynol Junco,Reynol,Junco,Reynol Junco,200,
0000-0002-6565-8335,Suchita Suryakant Jadhav,Suchita Suryakant,Jadhav,,200,
0000-0002-6569-9276,Jasmine  Dixon,Jasmine ,Dixon,,200,
0000-0002-6570-1292,VISHWAJEET SINGH,VISHWAJEET,SINGH,,200,
0000-0002-6570-2826,Mohammad Eslami,Mohammad,Eslami,,200,
0000-0002-6571-1757,Simon Essig Aberg,Simon,Essig Aberg,,200,
0000-0002-6571-7307,Adam Rubin,Adam,Rubin,,200,
0000-0002-6572-8698,Runa Khan,Runa,Khan,,200,
0000-0002-6574-0726,"Azan Zahir Virji, MPH",Azan,Virji,"Azan Zahir Virji, MPH",200,
0000-0002-6574-388X,Paul Hahn,Paul,Hahn,,200,
0000-0002-6574-9261,Eunjung Alice Lee,Alice Eunjung,Lee,Eunjung Alice Lee,200,
0000-0002-6578-1851,Oluwafemi Balogun,Oluwafemi,Balogun,,200,
0000-0002-6578-215X,Brittany M. Charlton,Brittany,Charlton,Brittany M. Charlton,200,
0000-0002-6578-8594,Ebima Clifford Okundaye,Ebima Clifford,Okundaye,,200,
0000-0002-6583-5354,Sascha Feldmann,Sascha,Feldmann,,200,
0000-0002-6587-920X,Natalie Guzikowski,Natalie,Guzikowski,,200,
0000-0002-6589-8558,Emma Catherine Fink,Emma,Fink,Emma Catherine Fink,200,
0000-0002-6590-3193,Recep Bildik,Recep,Bildik,,200,
0000-0002-6593-3034,RAHMAT RAHMAT,RAHMAT,RAHMAT,,200,
0000-0002-6595-883X,melissa franklin,melissa,franklin,,200,
0000-0002-6596-0518,Nicolas Issa,Nicolas,Issa,,200,
0000-0002-6596-3284,Isdin Oke,Isdin,Oke,,200,
0000-0002-6596-8683,Spencer Doyle,Spencer,Doyle,,200,
0000-0002-6602-8263,Nancie Rouleau,Nancie,Rouleau,,200,
0000-0002-6604-6111,Caitlin Dugdale,Caitlin,Dugdale,,200,
0000-0002-6606-7721,Beau Schaeffer,Beau,Schaeffer,,200,
0000-0002-6609-3399,Andrew Lloyd Williams,Andrew Lloyd,Williams,,200,
0000-0002-6610-123X,Prabhat Katyayan Mishra,Prabhat,Katyayan Mishra,,200,
0000-0002-6611-7899,Aya Shnawa,Aya,Shnawa,,200,
0000-0002-6611-9296,John  Weiter,John ,Weiter,,200,
0000-0002-6613-8251,Michelle Frank,Michelle,Frank,,200,
0000-0002-6615-3857,Mikko Silliman,Mikko,Silliman,,200,
0000-0002-6617-2054,Jake Conway,Jake,Conway,,200,
0000-0002-6620-5880,Shalhavit-Simcha Cohen,Shalhavit-Simcha,Cohen,,200,
0000-0002-6623-311X,Dara Bree,Dara,Bree,,200,
0000-0002-6623-8658,YA-CHIN CHEN,YA-CHIN,CHEN,,200,
0000-0002-6625-6346,Jesse Gu,Jesse,Gu,,200,
0000-0002-6625-6450,Luke Zoltan Kelley,Luke,Kelley,Luke Zoltan Kelley,200,
0000-0002-6626-5277,Diana D Shi,Diana,Shi,Diana D Shi,200,
0000-0002-6626-5795,PANAGIOTIS TSAKLIS,PANAGIOTIS,TSAKLIS,,200,
0000-0002-6627-5248,Alethea Black,Alethea,Black,,200,
0000-0002-6629-2195,Justin Baker,Justin,Baker,,200,
0000-0002-6629-6719,Shoshana Razel Gordon,Shoshana Razel,Gordon,,200,
0000-0002-6630-8767,Lily Wang,Lily,Wang,,200,
0000-0002-6632-613X,Ajibola Ibraheem Abioye,Ajibola,Abioye,Ajibola Ibraheem Abioye,200,
0000-0002-6632-8645,Kobbi Nissim,Kobbi,Nissim,,200,
0000-0002-6642-1196,Yanlei Ma,Yanlei,Ma,,200,
0000-0002-6643-2346,Anthony Lee,Anthony,Lee,,200,
0000-0002-6644-6094,Valentina Pergher,Valentina,Pergher,,200,
0000-0002-6646-5877,PROF. DR. MARIOS CONSTANTINOU,MARIOS,CONSTANTINOU,PROF. DR. MARIOS CONSTANTINOU,200,
0000-0002-6647-0000,Jing Xu,Jing,Xu,,200,
0000-0002-6653-8300,Áron Vékássy,Áron,Vékássy,,200,
0000-0002-6655-2946,Nurit Sheinberg,Nurit,Sheinberg,,200,
0000-0002-6655-6621,Man-Wai Cheung,Man-Wai,Cheung,,200,
0000-0002-6657-2787,Andrew Beam,Andrew,Beam,,200,
0000-0002-6657-5849,Emily Burger,Emily,Burger,,200,
0000-0002-6658-0285,Vionnie W. C. Yu,Vionnie W. C.,Yu,,200,
0000-0002-6676-7912,Safa Mohamad,Safa,Mohamad,,200,
0000-0002-6680-7734,Daoyuan Huang,Daoyuan,Huang,,200,
0000-0002-6681-6104,Nimesh Patel,Nimesh,Patel,,200,
0000-0002-6686-0252,Matthew Alan Nichols,Matthew,Nichols,Matthew Alan Nichols,200,
0000-0002-6689-1999,Leonardo Silenzi,Leonardo,Silenzi,,200,
0000-0002-6690-6353,Katherine Merseth King,Katherine,Merseth King,,200,
0000-0002-6691-7634,Ruru Hoong,Ruru,Hoong,,200,
0000-0002-6691-7706,Daniel Asay,Daniel,Asay,,200,
0000-0002-6694-3760,Tristan Barako,Tristan,Barako,,200,
0000-0002-6694-531X,Rohit Garg,Rohit,Garg,,200,
0000-0002-6694-8262,Inbal Rachmin,Inbal,Rachmin,,200,
0000-0002-6694-9898,Tristan Caballero-Montes,Tristan,Caballero-Montes,,200,
0000-0002-6695-2157,Jaejoon Choi,Jaejoon,Choi,,200,
0000-0002-6699-1762,Luochen Liu,Luochen,Liu,,200,
0000-0002-6699-2052,Venkatesh Narayanamurti,Venkatesh,Narayanamurti,,200,
0000-0002-6702-7246,Raj Ashar,Raj,Ashar,,200,
0000-0002-6703-4649,Sunny Ibeneme,Sunny,Ibeneme,,200,
0000-0002-6705-6426,Athena Mutua,Athena,Mutua,,200,
0000-0002-6708-0370,Richard Pollack,Richard,Pollack,,200,
0000-0002-6709-7105,Shrutarshi Basu,Shrutarshi,Basu,,200,
0000-0002-6710-079X,Mohamud A. Verjee,Mohamud,Verjee,Mohamud A. Verjee,200,
0000-0002-6710-7748,Jeremy Goodman,Jeremy,Goodman,,200,
0000-0002-6714-2666,Jacob Potts,Jacob,Potts,,200,
0000-0002-6718-2748,Stephanie A. Mauriac,Stephanie A.,Mauriac,Stephanie A. Mauriac,200,
0000-0002-6718-6490,Fuzhou Hua,Fuzhou,Hua,,200,
0000-0002-6719-6197,Daniela Barraza,Daniela,Barraza,,200,
0000-0002-6720-8880,,,,,200,
0000-0002-6725-2814,Jurriaan Peters,Jurriaan,Peters,,200,
0000-0002-6731-9329,Claire Lamman,Claire,Lamman,,200,
0000-0002-6734-5383,Stephen Chong,Stephen,Chong,,200,
0000-0002-6734-9632,Georgia Gunner,Georgia,Gunner,,200,
0000-0002-6740-3977,Sean Burchesky,Sean,Burchesky,,200,
0000-0002-6742-1710,Seyedmorteza Hosseyni,Seyedmorteza,Hosseyni,,200,
0000-0002-6743-2671,Christina Fitzsimmons,Christina,Fitzsimmons,,200,
0000-0002-6743-751X,Tinashe Chikowore,Tinashe,Chikowore,,200,
0000-0002-6746-1958,Sarah Ballou,Sarah,Ballou,,200,
0000-0002-6747-2745,Michael Foley,Michael,Foley,,200,
0000-0002-6749-1081,Baptiste Lemaire,Baptiste,Lemaire,,200,
0000-0002-6749-4522,Dr Orlando Gahona-Flores,Doctor Orlando,Gahona-Flores,Dr Orlando Gahona-Flores,200,
0000-0002-6750-7936,Matteo Gasparini,Matteo,Gasparini,,200,
0000-0002-6750-8699,Katharine Esselen,Katharine,Esselen,,200,
0000-0002-6752-172X,Samantha Hoffman,Samantha,Hoffman,,200,
0000-0002-6753-087X,Hyun Ji  An,Hyun Ji ,An,,200,
0000-0002-6753-1995,Alex Chen,Alex,Chen,,200,
0000-0002-6753-3413,Di Wei,Di,Wei,,200,
0000-0002-6753-4213,Daniel Rubin,Daniel,Rubin,,200,
0000-0002-6753-8329,Olena Nikolayenko,Olena,Nikolayenko,,200,
0000-0002-6755-8469,Sabashini Ramchand,Sabashini,Ramchand,,200,
0000-0002-6758-3293,Dinah Orozco-Herrera,Dinah,Orozco-Herrera,,200,
0000-0002-6758-3330,Mark Cooney,Mark,Cooney,,200,
0000-0002-6762-0664,Louisa Sylvia,Louisa,Sylvia,,200,
0000-0002-6767-4849,Tengyu He,Tengyu,He,,200,
0000-0002-6767-8890,Janira Prichula,Janira,Prichula,,200,
0000-0002-6768-4019,Alp M. Sunol,Alp,Sunol,Alp M. Sunol,200,
0000-0002-6772-7875,Jaemin Woo,Jaemin,Woo,,200,
0000-0002-6774-4114,RAKESH PS,RAKESH,PS,,200,
0000-0002-6774-4720,Kyungwha Chung,Kyungwha,Chung,,200,
0000-0002-6778-8563,Diangen Lin,Diangen,Lin,Diangen Lin,200,
0000-0002-6785-9122,Nick Derr,Nick,Derr,,200,
0000-0002-6787-3469,Luyi Qiu,Luyi,Qiu,,200,
0000-0002-6792-3577,Sheraz Khan,Sheraz,Khan,,200,
0000-0002-6793-0857,,,,,200,
0000-0002-6793-978X,Salehuddin Md. Dahlan,Salehuddin,Md. Dahlan,,200,
0000-0002-6796-431X,Marianne Schmid,Marianne,Schmid,,200,
0000-0002-6799-6733,Jordan Ecker,Jordan,Ecker,,200,
0000-0002-6801-1617,Barbara Casadei,Barbara,Casadei,,200,
0000-0002-6801-1991,Eva Biedron,Eva,Biedron,,200,
0000-0002-6801-7373,Javier Ortega-Hernández,Javier,Ortega-Hernández,,200,
0000-0002-6802-9956,Eilis J O'Reilly,Eilis J,O'Reilly,,200,
0000-0002-6810-4127,Anoohya Muppirala,Anoohya,Muppirala,,200,
0000-0002-6810-6771,Stuti Mehta,Stuti,Mehta,,200,
0000-0002-6811-6726,Heejin Lee,Heejin,Lee,,200,
0000-0002-6812-6780,Stephen Herzog,Stephen,Herzog,Stephen Herzog,200,
0000-0002-6813-5169,Bimarzhan Assatova,Bimarzhan,Assatova,,200,
0000-0002-6813-7826,Yu-Sheng Lin,Yu-Sheng,Lin,,200,
0000-0002-6815-6920,Young Won Kim,Young Won,Kim,,200,
0000-0002-6816-404X,sheryl manganaro,sheryl,manganaro,,200,
0000-0002-6821-6321,Cheng Long,Cheng,Long,,200,
0000-0002-6822-0857,David Eisenberg,David,Eisenberg,,200,
0000-0002-6825-4731,Michael Chang,Michael,Chang,,200,
0000-0002-6830-8728,Igor Bascandziev,Igor,Bascandziev,,200,
0000-0002-6832-244X,Arijit A. Adhikari,Arijit A.,Adhikari,,200,
0000-0002-6834-9271,Gaurav Bhardwaj,Gaurav,Bhardwaj,,200,
0000-0002-6838-8879,Benito D Isaac,Benito D,Isaac,,200,
0000-0002-6841-0845,Dayana Escobar,Dayana,Escobar,,200,
0000-0002-6843-0539,Brian Farrell,Brian,Farrell,,200,
0000-0002-6843-9445,Sara Phillips,Sara,Phillips,,200,
0000-0002-6845-4821,Rachel Whooten,Rachel,Whooten,,200,
0000-0002-6848-1344,Martin J Aryee,Martin,Aryee,Martin J Aryee,200,
0000-0002-6848-5839,Ehsan Ranaei Pirmardan,Ehsan,Ranaei Pirmardan,,200,
0000-0002-6848-6831,Abdulhamit DONDER,Abdulhamit,DONDER,,200,
0000-0002-6849-3353,Alison Farrar,Alison,Farrar,,200,
0000-0002-6850-0525,Forough Yazdanian,Forough,Yazdanian,,200,
0000-0002-6851-2411,Frederick Weil,Frederick,Weil,,200,
0000-0002-6853-1583,James Christopher Taggart,James,Taggart,James Christopher Taggart,200,
0000-0002-6858-2161,Jasmine Olivier,Jasmine,Olivier,,200,
0000-0002-6858-9144,Jeremy C. Young,Jeremy,Young,Jeremy C. Young,200,
0000-0002-6860-7242,Ofer Mazor,Ofer,Mazor,,200,
0000-0002-6861-4442,Prathyusha Konda,Prathyusha,Konda,Prathyusha Konda,200,
0000-0002-6861-4506,Bosiljka Tasic,Bosiljka,Tasic,,200,
0000-0002-6861-7870,Chia-Kang Ho,Chia-Kang,Ho,,200,
0000-0002-6862-8123,Yanming ZHU,Yanming,ZHU,,200,
0000-0002-6863-3205,Kara Bischoff,Kara,Bischoff,,200,
0000-0002-6867-2538,John Huth,John,Huth,,200,
0000-0002-6867-5683,Werner Sollors,Werner,Sollors,,200,
0000-0002-6870-4827,Do Young Hyeon,Do Young,Hyeon,,200,
0000-0002-6871-7441,Andrew Frelinger,Andrew,Frelinger,,200,
0000-0002-6872-5062,Avril sweet,Avril,sweet,,200,
0000-0002-6872-8167,Heidi Liu,Heidi,Liu,,200,
0000-0002-6873-142X,Tianle Liu,Tianle,Liu,,200,
0000-0002-6873-5922,Clemens Finkelstein,Clemens Christian,Finkelstein,Clemens Finkelstein,200,
0000-0002-6874-9339,Hannah Weisman,Hannah,Weisman,,200,
0000-0002-6881-2019,Kyla Chasalow,Kyla,Chasalow,,200,
0000-0002-6881-7573,Stefanie Perrier,Stefanie,Perrier,Stefanie Perrier,200,
0000-0002-6882-7456,Mayron Piccolo,Mayron,Pereira Piccolo Ribeiro,Mayron Piccolo,200,
0000-0002-6886-1072,Valentina Poletti,Valentina,Poletti,,200,
0000-0002-6889-9345,Daniel Moore,Daniel,Moore,,200,
0000-0002-6891-4605,Timur Adrianov,Timur,Adrianov,,200,
0000-0002-6891-5253,Akshay Kane,Akshay,Kane,,200,
0000-0002-6891-5392,Yunfei LI,Yunfei,LI,,200,
0000-0002-6896-4143,Eric Vogt,Eric,Vogt,,200,
0000-0002-6897-5520,Jaclyn M Kline,Jaclyn,Kline,Jaclyn M Kline,200,
0000-0002-6898-9500,Georg Marckmann,Georg,Marckmann,,200,
0000-0002-6899-3825,Susana Camposano Waterkotte,Susana,Camposano Waterkotte,,200,
0000-0002-6899-4465,Navraj Nagra,Navraj,Nagra,,200,
0000-0002-6900-8882,Kartik Subramanian,Kartik,Subramanian,,200,
0000-0002-6903-6445,Jessica Copeland,Jessica,Copeland,,200,
0000-0002-6904-1981,Stephen Blacklow,Stephen,Blacklow,,200,
0000-0002-6906-8818,Stephen Kohut,Stephen,Kohut,,200,
0000-0002-6908-0016,Zahra Aryan,Zahra,Aryan,,200,
0000-0002-6909-2420,Ana Rita Agra de Almeida Quadros,Ana Rita,Agra de Almeida Quadros,,200,
0000-0002-6909-4645,"Jamil R. Azzi MD, PhD",Jamil R.,Azzi,"Jamil R. Azzi MD, PhD",200,
0000-0002-6911-4941,David Rhee,David,Rhee,,200,
0000-0002-6916-8106,Daria Savchenko,Daria,Savchenko,,200,
0000-0002-6918-873X,Thomas Koelble,Thomas,Koelble,,200,
0000-0002-6920-9887,German Palafox Palafox,German,Palafox Palafox,,200,
0000-0002-6921-677X,Staci Gruber,Staci,Gruber,,200,
0000-0002-6922-9378,Douglas Wassarman,Douglas,Wassarman,,200,
0000-0002-6925-3618,Elizabeth Spelke,Elizabeth,Spelke,,200,
0000-0002-6928-9856,Zhaoxing Li,Zhaoxing,Li,,200,
0000-0002-6929-7821,Ingrid Monson,Ingrid,Monson,,200,
0000-0002-6929-9982,Fiery Cushman,Fiery,Cushman,,200,
0000-0002-6930-3347,Xin Wang,Xin,Wang,,200,
0000-0002-6931-2024,Ronald Jones,Ronald,Jones,,200,
0000-0002-6932-5829,Seung Kyum Kim,Seung Kyum,Kim,,200,
0000-0002-6933-3474,Daniel N. Posner,Daniel,Posner,Daniel N. Posner,200,
0000-0002-6933-3757,john vaughan,john,vaughan,,200,
0000-0002-6935-5542,Nicolas Davidenko,Nicolas,Davidenko,,200,
0000-0002-6935-8890,Wallace Bourgeois,Wallace,Bourgeois,,200,
0000-0002-6937-6634,Caio Cesar dos Santos Kasai,Caio Cesar,dos Santos Kasai,,200,
0000-0002-6939-6934,Emma Gilheany,Emma,Gilheany,,200,
0000-0002-6939-7953,Samantha Sadler,Samantha,Sadler,,200,
0000-0002-6940-5941,Zachary Grande,Zachary,Grande,,200,
0000-0002-6940-6434,Andrew Kao,Andrew,Kao,,200,
0000-0002-6941-4741,Peng-Xiang Shen,Peng-Xiang,Shen,,200,
0000-0002-6943-4603,"Nora Donaldson, RoyStatSoc- Chartered Statistician",Nora,Donaldson,"Nora Donaldson, RoyStatSoc- Chartered Statistician",200,
0000-0002-6944-7236,J Wade Harper,Jeffrey Wade,Harper,J Wade Harper,200,
0000-0002-6945-6810,Felipe Herrmann,Felipe,Herrmann,,200,
0000-0002-6946-6816,OLGA VOROBYEVA,OLGA,VOROBYEVA,,200,
0000-0002-6948-2744,Dr. Varune Rohan Ramnarine,Varune Rohan,Ramnarine,Dr. Varune Rohan Ramnarine,200,
0000-0002-6950-3162,Sara Zeppilli,Sara,Zeppilli,,200,
0000-0002-6951-1728,Jacques deLisle,Jacques,deLisle,,200,
0000-0002-6953-7768,Radhika Tampi,Radhika,Tampi,,200,
0000-0002-6954-0887,Richard Yarrow,Richard,Yarrow,,200,
0000-0002-6954-5813,Jayram Sastry,Jayram,Sastry,,200,
0000-0002-6954-8184,Steven McCarroll,Steven,McCarroll,,200,
0000-0002-6958-5161,Rhea Sahu,Rhea,Sahu,,200,
0000-0002-6958-7677,Kanran Wang,Kanran,Wang,,200,
0000-0002-6961-1315,Shoaib Ahmad Goraya,Shoaib Ahmad,Goraya,,200,
0000-0002-6964-5291,Mark Braverman,Mark,Braverman,,200,
0000-0002-6965-2061,Miwa Shinohara,Miwa,Shinohara,,200,
0000-0002-6965-7890,Samuel B. Snider,Samuel,Snider,Samuel B. Snider,200,
0000-0002-6966-0395,Norah Abdulrahman Aldrak,Norah Abdulrahman,Aldrak,,200,
0000-0002-6966-7001,Sisay Diriba  Lemessa,Sisay Diriba ,Lemessa,,200,
0000-0002-6970-5290,Stephen Black,Stephen,Black,,200,
0000-0002-6974-4679,Tom Babinec,Tom,Babinec,,200,
0000-0002-6974-5022,Adrien Rihoux,Adrien,Rihoux,,200,
0000-0002-6975-4965,Mingzhu Zhang,Mingzhu,Zhang,,200,
0000-0002-6979-2734,Raymond Glazier,Raymond,Glazier,,200,
0000-0002-6988-0144,Benjamin November,Benjamin,November,,200,
0000-0002-6989-5610,Elli Mosayebi,Elli,Mosayebi,,200,
0000-0002-6990-7829,Jim Shaw,Jim,Shaw,,200,
0000-0002-6991-1801,Richard Hakim,Richard,Hakim,,200,
0000-0002-6991-6880,Yuna Han,Yuna,Han,,200,
0000-0002-6994-438X,LILIAN CRISTINA  MACEDO,LILIAN CRISTINA ,MACEDO,,200,
0000-0002-6995-2312,PHILIP CHIKONTWE,PHILIP,CHIKONTWE,,200,
0000-0002-6995-6188,Madison Esposito,Madison,Esposito,,200,
0000-0002-6997-6656,Mikhail Troitskiy,Mikhail,Troitskiy,,200,
0000-0002-6998-9510,Derek Oakley,Derek,Oakley,,200,
0000-0002-6999-1039,Bertrand Halperin,Bertrand,Halperin,,200,
0000-0002-6999-9831,Alia Qatarneh,Alia,Qatarneh,,200,
0000-0002-7000-2453,Amanda Whipple,Amanda,Whipple,Amanda Whipple,200,
0000-0002-7000-4184,Christopher Li,Christopher,Li,,200,
0000-0002-7003-5052,Benjamin Gaudio,Benjamin,Gaudio,,200,
0000-0002-7003-7592,Hung Vo,Hung,Vo,,200,
0000-0002-7005-8000,Jonah Hoyt,Jonah,Hoyt,,200,
0000-0002-7005-9345,Elizabeth Bonawitz,Elizabeth,Bonawitz,,200,
0000-0002-7010-9568,Brandon Chyi,Brandon,Chyi,,200,
0000-0002-7011-5212,Steven Stufflebeam,Steven,Stufflebeam,,200,
0000-0002-7018-2052,Amy Wooten,Amy,Wooten,,200,
0000-0002-7018-2132,Emily Scott-Solomon,Emily,Scott-Solomon,,200,
0000-0002-7018-5325,Luisa Weiss,Luisa,Weiß,Luisa Weiss,200,
0000-0002-7021-9361,Ryan Christopher Jones,Ryan ,Jones,Ryan Christopher Jones,200,
0000-0002-7024-0793,Katyayni Seth,Katyayni,Seth,,200,
0000-0002-7026-7064,Shivani Milind Bhandarkar,Shivani,Bhandarkar,Shivani Milind Bhandarkar,200,
0000-0002-7030-0442,Wajd Alkabbani,Wajd,Alkabbani,,200,
0000-0002-7033-1070,Todd Lyons,Todd,Lyons,,200,
0000-0002-7033-5362,Mary Todd Bergman,Mary Todd,Bergman,,200,
0000-0002-7037-5292,David Reich,David,Reich,,200,
0000-0002-7039-6958,Magda Madkour,Magda,Madkour,,200,
0000-0002-7040-3281,Scott L. Weiss,Scott,Weiss,Scott L. Weiss,200,
0000-0002-7041-5450,Shih-Yen Lin,Shih-Yen,Lin,,200,
0000-0002-7045-1283,Pr. Olivier MEIER,Pr. Olivier,MEIER,,200,
0000-0002-7046-4164,Stephanie Iring-Sanchez,Stephanie,Iring-Sanchez,Stephanie Iring-Sanchez,200,
0000-0002-7049-0960,Shuliweeh Alenezi,Shuliweeh,Alenezi,,200,
0000-0002-7049-1277,Guiomar Oliveira,Guiomar,Oliveira,,200,
0000-0002-7049-2341,Caleb Miller,Caleb,Miller,,200,
0000-0002-7049-5630,Anant Kale,Anant,Kale,,200,
0000-0002-7055-0732,Deepon Bhaumik,Deepon,Bhaumik,,200,
0000-0002-7055-8056,Nicholas Russo,Nicholas,Russo,,200,
0000-0002-7055-8902,Katherine Zink,Katherine,Zink,,200,
0000-0002-7057-2122,Özlem Tok,Özlem,Tok,,200,
0000-0002-7058-9821,,,,,200,
0000-0002-7065-2675,Vedagopuram Sreekanth,Sreekanth,Vedagopuram,Vedagopuram Sreekanth,200,
0000-0002-7067-8162,Livio Silva-Muller,Livio,Silva-Muller,,200,
0000-0002-7069-375X,Karen Rizman,Karen,Rizman,,200,
0000-0002-7070-3049,SeongJun Han,SeongJun,Han,,200,
0000-0002-7071-0476,Feroze Mahmood,Feroze,Mahmood,,200,
0000-0002-7071-4135,RUOFENG WEI,RUOFENG,WEI,,200,
0000-0002-7076-0270,Y. Grace Cao,Y. Grace,Cao,,200,
0000-0002-7078-6446,Ofer Pasternak,Ofer,Pasternak,,200,
0000-0002-7080-494X,Angana Mukherjee,Angana,Mukherjee,,200,
0000-0002-7084-8678,Jan Grzesik,Jan,Grzesik,,200,
0000-0002-7084-9080,Robson Diego Calixto,Robson,Diego Calixto,Robson Diego Calixto,200,
0000-0002-7085-4760,Ruchika Dehinwal,Ruchika,Dehinwal,Ruchika Dehinwal,200,
0000-0002-7087-5342,Elaina Pullano,Elaina,Pullano,,200,
0000-0002-7089-9387,Kris Ferreira,Kris,Ferreira,,200,
0000-0002-7090-1264,Joana Ferreira da Silva,Joana,Ferreira da Silva,,200,
0000-0002-7090-5871,Meaghan Boileau,Meaghan,Boileau,,200,
0000-0002-7100-651X,Maria Di Biase,Maria,Di Biase,,200,
0000-0002-7102-9746,William V Giannobile,William,Giannobile,William V Giannobile,200,
0000-0002-7105-6621,"Aniruddha Chattaraj, PhD",Aniruddha,Chattaraj,"Aniruddha Chattaraj, PhD",200,
0000-0002-7106-4189,Miller MacDonald,Miller,MacDonald,,200,
0000-0002-7107-0087,Niamh Higgins,Niamh,Higgins,,200,
0000-0002-7107-9217,Arturo Cervantes Trejo,Arturo,Cervantes Trejo,Arturo Cervantes Trejo,200,
0000-0002-7108-2176,Fabian Voigt,Fabian,Voigt,,200,
0000-0002-7109-293X,Syed Nazim Ali,Syed Nazim,Ali,,200,
0000-0002-7111-908X,Kasper Hedegård Schiølin,Kasper,Hedegård Schiølin,,200,
0000-0002-7116-5211,Roger Vargas,Roger,Vargas,,200,
0000-0002-7116-5377,Shahed Behzadi,Shahed,Behzadi,,200,
0000-0002-7117-4599,Anisa Dehghani,Anisa,Dehghani,,200,
0000-0002-7118-2353,Kim Ruiz-Arellanos,Kim,Ruiz-Arellanos,,200,
0000-0002-7122-3258,Janet Loengard,Janet,Loengard,,200,
0000-0002-7123-888X,John  Ansah,John ,Ansah,,200,
0000-0002-7125-4097,Thomas J. Graca,Thomas,Graca,Thomas J. Graca,200,
0000-0002-7130-4138,Robert Hannigan,Robert,Hannigan,,200,
0000-0002-7130-5317,Tiziano Bernasocchi,Tiziano,Bernasocchi,,200,
0000-0002-7132-9191,Wei-Ping Chan,Wei-Ping,Chan,,200,
0000-0002-7133-3801,Matthew Cooper,Matthew,Cooper,,200,
0000-0002-7133-9349,Yueqi Li,Yueqi,Li,,200,
0000-0002-7135-6480,Paola Ravasio,Paola,Ravasio,,200,
0000-0002-7135-6990,"Sharon Dei-Tumi, DPM, MPH",Sharon,Dei-Tumi,"Sharon Dei-Tumi, DPM, MPH",200,
0000-0002-7136-1597,Shekinah Elmore,Shekinah,Elmore,,200,
0000-0002-7136-6195,"Tolga Ozmen, MD, FACS, FEBS",Tolga,Ozmen,"Tolga Ozmen, MD, FACS, FEBS",200,
0000-0002-7139-0419,Haejin Yoon,Haejin,Yoon,,200,
0000-0002-7143-918X,Zachary Rothstein-Dowden,Zachary,Rothstein-Dowden,,200,
0000-0002-7146-8079,Allison Hyland,Allison,Hyland,,200,
0000-0002-7148-9654,Joseph DeGutis,Joseph,DeGutis,,200,
0000-0002-7149-2693,Sarah Steele,Sarah,Steele,,200,
0000-0002-7149-9043,Sonja Cekic,Sonja,Cekic,,200,
0000-0002-7152-6531,Dylan Lukes,Dylan,Lukes,,200,
0000-0002-7153-5307,Rebecca Bailey,Rebecca,Bailey,,200,
0000-0002-7154-6225,Ella Borberg,Ella,Borberg,,200,
0000-0002-7155-5770,Eleni  Konstantinou ,Eleni ,Konstantinou ,,200,
0000-0002-7155-9915,Kuanwei Sheng,Kuanwei,Sheng,,200,
0000-0002-7160-4739,Refined Semantics,Refined,Semantics,,200,
0000-0002-7160-574X,Paige Williams,Paige,Williams,,200,
0000-0002-7161-9770,Ania Syrowatka,Ania,Syrowatka,,200,
0000-0002-7164-4132,Ritchie Brown,Ritchie,Brown,,200,
0000-0002-7166-2816,Kevin Pacheco-Barrios,Kevin,Pacheco-Barrios,,200,
0000-0002-7166-9030,Justin Sungwook Bae,Justin,Bae,Justin Sungwook Bae,200,
0000-0002-7167-6935,David Spreen,David,Spreen,,200,
0000-0002-7168-1451,Christopher Gearin,Christopher,Gearin,,200,
0000-0002-7169-6653,Gabriel E Valdebenito,Gabriel E,Valdebenito,Gabriel E Valdebenito,200,
0000-0002-7172-5135,David Keith,David,Keith,,200,
0000-0002-7173-0882,Liza Vertinsky,Liza,Vertinsky,,200,
0000-0002-7173-9932,Robert James Adrian,Robert,Adrian,Robert James Adrian,200,
0000-0002-7176-0387,A.J. Haas,Alec,Haas,A.J. Haas,200,
0000-0002-7176-3553,Gavin Porter,Gavin,Porter,,200,
0000-0002-7177-4789,Coco Duizer,Coco,Duizer,,200,
0000-0002-7178-3175,Richard Ngo,Richard,Ngo,,200,
0000-0002-7178-4258,JoAnn Sekiguchi,JoAnn,Sekiguchi,,200,
0000-0002-7182-8011,Jeffrey R. Holt,Jeffrey,Holt,Jeffrey R. Holt,200,
0000-0002-7184-0053,Debolina Ganguly,Debolina,Ganguly,,200,
0000-0002-7185-042X,Dr. Jason Kim,Jason,Kim,Dr. Jason Kim,200,
0000-0002-7185-4797,Stefania Montero Arcila,Stefania,Montero Arcila,Stefania Montero Arcila,200,
0000-0002-7188-0565,Nam Hyun Cho,Nam Hyun,Cho,Nam Hyun Cho,200,
0000-0002-7188-7126,Mengyu Wang,Mengyu,Wang,,200,
0000-0002-7194-2260,Ines Vaz Luis,Ines,Vaz Luis,,200,
0000-0002-7196-2261,Mark Brigham,Mark,Brigham,,200,
0000-0002-7197-7420,Richard Pollard,Richard,Pollard,,200,
0000-0002-7197-9004,Danielle Frostig,Danielle,Frostig,,200,
0000-0002-7198-0101,Mihee Kim,Mihee,Kim,,200,
0000-0002-7200-3644,Dr. Jamal Maalouf,Dr. Jamal,Maalouf,,200,
0000-0002-7200-8269,Anne E. Berens,Anne,Berens,Anne E. Berens,200,
0000-0002-7201-4693,Matthew Harris,Matthew,Harris,,200,
0000-0002-7204-3822,Keel Yong Lee,Keel Yong,Lee,,200,
0000-0002-7205-752X,Tim Menke,Tim,Menke,,200,
0000-0002-7211-0247,Mark Khoury,Mark,Khoury,,200,
0000-0002-7212-5975,christian BADR,christian,BADR,,200,
0000-0002-7212-7700,Colin Birkenbihl,Colin,Birkenbihl,,200,
0000-0002-7215-1938,Jiazhen Yan,Jiazhen,Yan,,200,
0000-0002-7218-4377,Eiba Eltay,Eiba,Eltay,,200,
0000-0002-7219-0486,Rebecca Karp,Rebecca,Karp,,200,
0000-0002-7222-3137,Lei Sun,Lei,Sun,,200,
0000-0002-7222-9678,Muhammad Mustafa Humayun,Mustafa,Humayun,Muhammad Mustafa Humayun,200,
0000-0002-7225-6844,Paul A. Schwein,Paul,Schwein,Paul A. Schwein,200,
0000-0002-7225-9068,Amelia Peterson,Amelia,Peterson,,200,
0000-0002-7227-8576,Adam Baldinger,Adam,Baldinger,,200,
0000-0002-7230-1254,I. Eric Kang,Inkyu Eric,Kang,I. Eric Kang,200,
0000-0002-7230-2652,Sara Medina,Sara,Medina,,200,
0000-0002-7230-4332,Qian Wan,Qian,Wan,,200,
0000-0002-7233-1509,Hesheng Liu,Hesheng,Liu,,200,
0000-0002-7233-8348,James Strait,James,Strait,,200,
0000-0002-7233-9199,Kenny Mendoza,Kenny Antonio,Mendoza Herrera,Kenny Mendoza,200,
0000-0002-7234-8175,Carlos Alberto Escobar,Carlos Alberto,Escobar,,200,
0000-0002-7236-401X,"GOES, V. A.",Vanessa,de Araujo Goes,"GOES, V. A.",200,
0000-0002-7238-0546,Cami N. Christopher,Cameron,Christopher,Cami N. Christopher,200,
0000-0002-7238-4504,Corinne Auger,Corinne,Auger,,200,
0000-0002-7238-4942,Saber Kazeminasab,Saber,Kazeminasab,,200,
0000-0002-7242-8677,Mary Friend,Mary,Friend,,200,
0000-0002-7242-8861,Klaus E. Schmitz-Abe,Klaus E.,Schmitz-Abe,,200,
0000-0002-7243-2801,Adarsh Kumbhari,Adarsh,Kumbhari,,200,
0000-0002-7243-6319,Dorothea Schulte,Dorothea,Schulte,,200,
0000-0002-7243-8795,Lyle Kingsbury,Lyle,Kingsbury,,200,
0000-0002-7244-3041,John Clegg,John,Clegg,,200,
0000-0002-7244-8555,Wenjia(Stella) Zhang,Wenjia(Stella),Zhang,,200,
0000-0002-7246-4635,Abigail Joseph,Abigail,Joseph,,200,
0000-0002-7247-9319,Bruce Boucek,Bruce,Boucek,,200,
0000-0002-7250-4107,David Altshuler,David,Altshuler,David Altshuler,200,
0000-0002-7251-2000,Yijun Li,Yijun,Li,,200,
0000-0002-7251-8082,Robin Joyce,Robin,Joyce,,200,
0000-0002-7252-1361,Richard,Richard,,,200,
0000-0002-7256-9330,Friedrich-Karl Thielemann,Friedrich-Karl,Thielemann,,200,
0000-0002-7257-5925,Zheng Wu,Zheng,Wu,,200,
0000-0002-7257-9205,Markus Daniel Herrmann,Markus Daniel,Herrmann,,200,
0000-0002-7257-9440,Sabine Hildebrandt,Sabine,Hildebrandt,,200,
0000-0002-7260-7560,Wasim Q. Malik,Wasim,Malik,Wasim Q. Malik,200,
0000-0002-7261-1543,Avantika Singh,Avantika,Singh,,200,
0000-0002-7262-6905,Sumanth Khadke,Sumanth,Khadke,Sumanth Khadke,200,
0000-0002-7267-5950,Nomeda Girnius,Nomeda,Girnius,,200,
0000-0002-7267-6523,Ranya Ahmed,Ranya,Ahmed,,200,
0000-0002-7270-2218,Anissa Belfetmi-Stone,Anissa,Belfetmi-Stone,Anissa Belfetmi-Stone,200,
0000-0002-7271-9538,Divakara SSM Uppu,Divakara SSM,Uppu,,200,
0000-0002-7272-3916,Maria Abou Taka,Maria,Abou Taka,Maria Abou Taka,200,
0000-0002-7272-8303,Timothy Green,Timothy,Green,,200,
0000-0002-7276-5550,Tilo Winkler,Tilo,Winkler,Tilo Winkler,200,
0000-0002-7276-7337,Iris Odstrcil,Iris,Odstrcil,,200,
0000-0002-7281-1289,Haribabu Arthanari,Haribabu,Arthanari,,200,
0000-0002-7281-8579,Hao,Hao,,,200,
0000-0002-7286-7514,Hongqiang Wang,Hongqiang,Wang,,200,
0000-0002-7299-7394,Amir Rouhollahi,Amir,Rouhollahi,,200,
0000-0002-7302-8261,Gareth Willis,Gareth,Willis,,200,
0000-0002-7307-4305,Lily Fritz,Lily,Fritz,,200,
0000-0002-7307-8429,Elizabeth Healey,Elizabeth,Healey,,200,
0000-0002-7310-9678,Jeffrey Blanchard,Jeffrey,Blanchard,,200,
0000-0002-7312-4907,Heidi Vollmer-Snarr,Heidi,Vollmer-Snarr,,200,
0000-0002-7316-0297,Xuechun Wang,Xuechun,Wang,,200,
0000-0002-7316-8459,Hanjun Lee,Hanjun,Lee,,200,
0000-0002-7317-3389,Su Wu,Su,Wu,,200,
0000-0002-7317-8796,David  Lagares,David ,Lagares,,200,
0000-0002-7318-0888,Daniel Sentana Lledo,Daniel,Sentana Lledo,,200,
0000-0002-7319-9482,Elizabeth Papp Kamali,Elizabeth,Kamali,Elizabeth Papp Kamali,200,
0000-0002-7321-8604,Kira Glover-Cutter,Kira,Glover-Cutter,,200,
0000-0002-7324-6840,Friedrich Stricker,Friedrich,Stricker,,200,
0000-0002-7327-9140,Emily Durlacher,Emily,Durlacher,,200,
0000-0002-7330-2312,Bruce Hua,Bruce,Hua,,200,
0000-0002-7332-2292,David Thorn,David,Thorn,,200,
0000-0002-7332-9662,Soumya Kannan,Soumya,Kannan,,200,
0000-0002-7334-8142,"Macarayan, E.",Erlyn Rachelle,Macarayan,"Macarayan, E.",200,
0000-0002-7336-3588,Julia Lee,Julia,Lee,,200,
0000-0002-7337-8712,Julia Morriss,Julia,Morriss,,200,
0000-0002-7339-7577,Kelly Chance,Kelly,Chance,,200,
0000-0002-7341-9860,Geoffrey Lansberry,Geoffrey,Lansberry,,200,
0000-0002-7342-4520,Michael O'Brien,Michael,O'Brien,,200,
0000-0002-7347-7243,Carla Roberts-Toler,Carla,Roberts-Toler,,200,
0000-0002-7350-1186,Khalid Matalka,Khalid,Matalka,,200,
0000-0002-7353-3161,Sharon Levy,Sharon,Levy,,200,
0000-0002-7353-8640,valentina rossio,valentina,rossio,,200,
0000-0002-7355-9505,Yuan Wang,Yuan,Wang,,200,
0000-0002-7356-3651,Alexandra Purdue-Smithe,Alexandra,Purdue-Smithe,,200,
0000-0002-7361-9686,Zachary Niziolek,Zachary,Niziolek,,200,
0000-0002-7366-1614,João P.L. Coelho,João Pedro,Lourenço Coelho,João P.L. Coelho,200,
0000-0002-7366-6829,"COSTA, J. P. C.",João Paulo,Costa,"COSTA, J. P. C.",200,
0000-0002-7367-2655,Jinjin ZHANG,Jinjin,ZHANG,,200,
0000-0002-7367-663X,Marzieh Majd,Marzieh,Majd,,200,
0000-0002-7370-9120,Adam Brook,Adam,Brook,,200,
0000-0002-7374-0814,Ali parsa,Ali,parsa,,200,
0000-0002-7376-6547,Ye Zhang,Ye,Zhang,,200,
0000-0002-7378-1341,Chanat Aonbangkhen,Chanat,Aonbangkhen,,200,
0000-0002-7380-9594,Samuel Kazer,Samuel,Kazer,,200,
0000-0002-7383-3455,Mahdi  Mahdavi,Mahdi ,Mahdavi,,200,
0000-0002-7383-6648,Petra S. Hüppi,Petra S.,Hüppi,,200,
0000-0002-7384-3143,Emily J. Hangen,Emily,Hangen,Emily J. Hangen,200,
0000-0002-7386-768X,Utku Sirin,Utku,Sirin,,200,
0000-0002-7387-2307,Jess Beck,Jess,Beck,,200,
0000-0002-7390-4567,Jiho Sung,Jiho,Sung,,200,
0000-0002-7392-8462,Elizabeth Jaensch,Elizabeth,Jaensch,,200,
0000-0002-7393-3720,Yan Gong,Yan,Gong,,200,
0000-0002-7393-861X,Benjamin Rolles,Benjamin,Rolles,,200,
0000-0002-7393-9997,Juliana Lee,Juliana,Lee,,200,
0000-0002-7397-5891,Jonathan Leighton,Jonathan,Leighton,,200,
0000-0002-7397-9323,Raj Paul Guleria,Raj Paul,Guleria,,200,
0000-0002-7400-6400,S. Creuheras Diaz,Santiago,Creuheras Diaz,S. Creuheras Diaz,200,
0000-0002-7400-9804,Diogo Fonseca-Pereira,Diogo,da Fonseca Pereira,Diogo Fonseca-Pereira,200,
0000-0002-7401-7193,Uday Aditya Sarkar,Uday Aditya,Sarkar,,200,
0000-0002-7401-7230,Youngjo Jin,Youngjo,Jin,,200,
0000-0002-7402-0587,Shuaibing Jiang,Shuaibing,Jiang,,200,
0000-0002-7405-5819,Maia Mesyngier,Maia,Mesyngier,,200,
0000-0002-7407-2942,Sarah Weidman,Sarah,Weidman,,200,
0000-0002-7408-1849,Charles Andrew Czeisler,Charles Andrew,Czeisler,,200,
0000-0002-7408-6981,B. Eng. Ernesto Luiz de Aguiar Junior,Ernesto Luiz,de Aguiar Junior,B. Eng. Ernesto Luiz de Aguiar Junior,200,
0000-0002-7409-9002,Daniel Karczewski,Daniel,Karczewski,,200,
0000-0002-7410-4502,Jeremiah Zhe Liu,Jeremiah Zhe,Liu,,200,
0000-0002-7410-537X,Michael Super,Michael,Super,,200,
0000-0002-7411-9587,Shuangyu Yu,Shuangyu,Yu,,200,
0000-0002-7412-0246,John T Figi,John T,Figi,,200,
0000-0002-7414-8062,Gyana Srivastava,Gyana,Srivastava,,200,
0000-0002-7415-5772,Nina-Marie Lister,Nina-Marie,Lister,,200,
0000-0002-7416-7343,Annie Niessen,Annie,Niessen,,200,
0000-0002-7417-1289,Sarah Fleet,Sarah,Fleet,,200,
0000-0002-7418-9876,Isaac Slavitt,Isaac,Slavitt,,200,
0000-0002-7420-6365,Connor Ross,Connor,Ross,,200,
0000-0002-7427-0789,Mark A. Halko,Mark,Halko,Mark A. Halko,200,
0000-0002-7428-9551,Helga Lenart-Cheng,Helga,Lenart-Cheng,,200,
0000-0002-7432-6754,Sara Matias,Sara,Matias,,200,
0000-0002-7435-0308,anne pender,anne,pender,,200,
0000-0002-7442-838X,Michael Spartalis,Michael,Spartalis,,200,
0000-0002-7442-9251,Mannan Nouri,Mannan,Nouri,,200,
0000-0002-7443-8019,Alison Hwong,Alison,Hwong,,200,
0000-0002-7444-0952,Eloise Freitag,Eloise,Freitag,,200,
0000-0002-7451-7016,Pengfei Jin,Pengfei,Jin,,200,
0000-0002-7453-6145,Rachel McVeigh,Rachel,McVeigh,,200,
0000-0002-7454-1980,Svitlana Krasynska,Svitlana,Krasynska,,200,
0000-0002-7455-946X,Gojko Barjamovic,Gojko,Barjamovic,,200,
0000-0002-7459-4986,Allen Shih,Allen,Shih,,200,
0000-0002-7459-5954,Lansing McLoskey,Lansing,McLoskey,,200,
0000-0002-7460-7492,Mythri Ambatipudi,Mythri,Ambatipudi,,200,
0000-0002-7464-3354,Tarunveer Singh Ahluwalia,Tarunveer Singh,Ahluwalia,,200,
0000-0002-7464-8323,Eric Snow,Eric,Snow,,200,
0000-0002-7465-7043,Pietro M. Bonetti,Pietro Maria,Bonetti,Pietro M. Bonetti,200,
0000-0002-7471-8109,Seymur Hasanov,Seymur,Hasanov,,200,
0000-0002-7472-6969,Jennifer Ward,Jennifer,Ward,,200,
0000-0002-7473-4512,Griffin Jones,Griffin,Jones,,200,
0000-0002-7480-3645,Jennifer Winifred Trimble,Jennifer,Trimble,Jennifer Winifred Trimble,200,
0000-0002-7482-2264,Konrad Pawel Nesteruk,Konrad Pawel,Nesteruk,,200,
0000-0002-7482-9060,Hui Hu,Hui,Hu,,200,
0000-0002-7485-4151,Luyang Luo,Luyang,Luo,,200,
0000-0002-7487-5649,Shane Bobrycki,Shane,Bobrycki,,200,
0000-0002-7487-7038,Paul Christopher Manuel,Paul,Manuel,Paul Christopher Manuel,200,
0000-0002-7487-8946,Jessica Ross,Jessica,Ross,,200,
0000-0002-7489-9894,Sarah McCuskee,Sarah,McCuskee,,200,
0000-0002-7491-1988,Suk Hyun Sung,Suk Hyun,Sung,Suk Hyun Sung,200,
0000-0002-7493-6958,Akshay Jaggi,Akshay,Jaggi,,200,
0000-0002-7496-3964,Cameron Wong,Cameron,Wong,,200,
0000-0002-7497-206X,Yuan-Heng Mao,Yuan-Heng,Mao,,200,
0000-0002-7497-6220,Antonio Moreno,Antonio,Moreno,,200,
0000-0002-7499-2909,James  Kang,James ,Kang,,200,
0000-0002-7499-9019,Stephen Thankachan,Stephen,Thankachan,,200,
0000-0002-7499-9924,Zhonghui Luo,Zhonghui,Luo,,200,
0000-0002-7500-1812,Juan Pedro Cascales Sandoval,Juan Pedro,Cascales Sandoval,,200,
0000-0002-7502-8302,Saurabh Mhatre,Saurabh,Mhatre,,200,
0000-0002-7507-9521,louis caplan,louis,caplan,,200,
0000-0002-7511-5668,Ganapathy Dhandapani,Ganapathy,Dhandapani,,200,
0000-0002-7512-9525,Emmanuel Mensah,Emmanuel,Mensah,,200,
0000-0002-7513-0980,Kirti Nath,Kirti,Nath,,200,
0000-0002-7516-0848,Fatma Dedeoglu,Fatma,Dedeoglu,,200,
0000-0002-7516-6633,Aidan Pavao,Aidan,Pavao,,200,
0000-0002-7516-7767,Jared Rock,Jared,Rock,,200,
0000-0002-7518-5236,CHANG-CHUAN CHAN,CHANG-CHUAN,CHAN,,200,
0000-0002-7519-1978,Xi Yin,Xi,Yin,,200,
0000-0002-7519-5098,Erin Duffy Lacy,Erin,Duffy Lacy,,200,
0000-0002-7520-7984,Lee Izhaki-Tavor,Lee,Izhaki-Tavor,,200,
0000-0002-7522-3271,Brittany Janis,Brittany,Janis,,200,
0000-0002-7524-5219,Tintin Nguyen,Bao,Nguyen,Tintin Nguyen,200,
0000-0002-7526-4516,Ya Min,Ya,Min,,200,
0000-0002-7527-6760,Brendan Leonard,Brendan,Leonard,,200,
0000-0002-7528-5229,Emma Chen,Emma,Chen,,200,
0000-0002-7528-8606,Norton Allen,Norton,Allen,,200,
0000-0002-7530-4784,Golam Mohi,Golam,Mohi,,200,
0000-0002-7542-2086,Freid Tong,Freid,Tong,,200,
0000-0002-7542-5105,haobo wang,haobo,wang,,200,
0000-0002-7544-5595,Raichel Alex,Raichel,Alex,,200,
0000-0002-7545-1928,Nai Lee Kalema,Nai Lee,Kalema,Nai Lee Kalema,200,
0000-0002-7546-9976,Shahin Nasr,Shahin,Nasr,,200,
0000-0002-7549-8902,Celestina MAZZOTTA,Celestina,MAZZOTTA,,200,
0000-0002-7550-6837,Christine Y. Lu,Christine Y.,Lu,,200,
0000-0002-7551-3498,Funie Hsu/Chhî,Funie,Hsu/Chhî,,200,
0000-0002-7553-1346,Sofia Mettler,Sofia,Mettler,,200,
0000-0002-7553-4387,MARTHA ELISA MONSALVE CUELLAR,MARTHA ELISA,MONSALVE CUELLAR,,200,
0000-0002-7562-7559,zhao zhang,zhao,zhang,,200,
0000-0002-7563-9269,Joan T. Matamalas,Joan T.,Matamalas,,200,
0000-0002-7566-1159,Floris V. Raasveld,Floris V.,Raasveld,,200,
0000-0002-7567-0610,Jinhwan Choi,Jinhwan,Choi,,200,
0000-0002-7574-0973,Carlos Enrique Gómez,Carlos Enrique,Gómez,,200,
0000-0002-7574-1378,Eleni Panagioti,Eleni,Panagioti,,200,
0000-0002-7578-1580,Morven Chin,Morven,Chin,,200,
0000-0002-7580-2521,Alexis Berg,Alexis,Berg,,200,
0000-0002-7582-3816,Caitlin Spaulding,Caitlin,Spaulding,,200,
0000-0002-7587-6352,Liam Connor,Liam,Connor,,200,
0000-0002-7588-7596,Steven Staffa,Steven,Staffa,,200,
0000-0002-7590-4202,LORENA MATA JUAREZ,LORENA,MATA JUAREZ,,200,
0000-0002-7596-2082,Chris McAuliffe,Chris,McAuliffe,,200,
0000-0002-7601-6143,Austen Sitko,Austen,Sitko,,200,
0000-0002-7602-8590,Chih-Chun Lin,Chih-Chun,Lin,,200,
0000-0002-7603-0340,"Claire Keun Sun Park,PhD",Claire,Park,"Claire Keun Sun Park,PhD",200,
0000-0002-7604-2296,Yao Yu Yeo,Yao Yu,Yeo,,200,
0000-0002-7606-3433,Chris Smillie,Chris,Smillie,,200,
0000-0002-7610-0249,Kristian Teichert,Kristian,Teichert,,200,
0000-0002-7611-0375,Steven Savage,Steven,Savage,,200,
0000-0002-7622-716X,John G. Mikhael,John,Mikhael,John G. Mikhael,200,
0000-0002-7622-7645,Paul D. Sonenthal MD,Paul,Sonenthal,Paul D. Sonenthal MD,200,
0000-0002-7622-7733,Hong Ouyang,Hong,Ouyang,,200,
0000-0002-7622-8322,Roman Shapiro,Roman,Shapiro,,200,
0000-0002-7625-7385,Ana Maria Perez,Ana Maria,Perez,,200,
0000-0002-7626-4606,Shuqi Li,Shuqi,Li,,200,
0000-0002-7627-9285,Hailong Gao,Hailong,Gao,,200,
0000-0002-7630-6159,Aurelie Lemmens,Aurelie,Lemmens,,200,
0000-0002-7637-0644,Myung Whan Oh,Myung Whan,Oh,,200,
0000-0002-7641-5427,Keiko Kunitoki,Keiko,Kunitoki,,200,
0000-0002-7642-8578,Shawn Cole,Shawn,Cole,,200,
0000-0002-7647-6422,Scott Segal,Scott,Segal,,200,
0000-0002-7652-5562,Rachid EL FATIMY,Rachid,EL FATIMY,,200,
0000-0002-7654-2493,Nour Ammar,Nour,Ammar,,200,
0000-0002-7660-472X,Khin-Kyemon Aung,Khin-Kyemon,Aung,,200,
0000-0002-7662-3816,Ruijun Dang,Ruijun,Dang,,200,
0000-0002-7667-9588,Jin Kim,Jin,Kim,,200,
0000-0002-7669-2109,Marc Tkach,Marc,Tkach,,200,
0000-0002-7674-9056,Ye Sun,Ye,Sun,,200,
0000-0002-7682-3826,Giulia Cheloni,Giulia,Cheloni,,200,
0000-0002-7687-4877,Amber C. Smith,Amber,Smith,Amber C. Smith,200,
0000-0002-7689-275X,pazhanichamy Kalailingam,pazhanichamy,Kalailingam,,200,
0000-0002-7689-6494,Julia Lin,Julia,Lin,,200,
0000-0002-7691-7320,Anh-Tuan Pham,Anh-Tuan,Pham,,200,
0000-0002-7692-2648,Juergen Braunstein,Juergen,Braunstein,,200,
0000-0002-7692-706X,SUKU SNEHA,SUKU SNEHA,,,200,
0000-0002-7693-012X,jinyu li,jinyu,li,,200,
0000-0002-7695-4674,Sophie E Claudel,Sophie E,Claudel,,200,
0000-0002-7696-9366,Xiaoman Zhang,Xiaoman,Zhang,,200,
0000-0002-7702-5877,Aaron Marc Hosios,Aaron,Hosios,Aaron Marc Hosios,200,
0000-0002-7703-6074,Wang Tonghan,Wang,Tonghan,,200,
0000-0002-7704-3709,,,,,200,
0000-0002-7708-4391,Yan Ding,Yan,Ding,,200,
0000-0002-7709-1487,Zixi Liu,Zixi,Liu,,200,
0000-0002-7712-4664,Stefanos Kales,Stefanos,Kales,,200,
0000-0002-7717-7811,Jonathon Parker,Jonathon,Parker,,200,
0000-0002-7720-6264,João A. Amorim,João,Alves Amorim,João A. Amorim,200,
0000-0002-7721-9217,Areeg Ibrahim,Areeg,Ibrahim,,200,
0000-0002-7722-3355,Kehui Li,Kehui,Li,,200,
0000-0002-7723-5874,Nicholas Fancher,Nicholas,Fancher,,200,
0000-0002-7725-5787,Cynthia Y. Wang-Claypool,Cynthia Y.,Wang-Claypool,Cynthia Y. Wang-Claypool,200,
0000-0002-7728-350X,Sylvia Welsh,Sylvia,Welsh,,200,
0000-0002-7732-4287,J. Eric Klobas,J.,Klobas,J. Eric Klobas,200,
0000-0002-7733-2199,Sebastian Begg,Sebastian,Begg,,200,
0000-0002-7734-0076,Tai-Long He,Tai-Long,He,,200,
0000-0002-7734-3808,Yi Le,Yi,Le,,200,
0000-0002-7739-8913,Ming Tang,Ming,Tang,,200,
0000-0002-7739-922X,Timothy Blosser,Timothy,Blosser,,200,
0000-0002-7740-5212,Raul Mostoslavsky,Raul,Mostoslavsky,,200,
0000-0002-7740-771X,Monica Garcia Norlander ,Monica,Norlander ,Monica Garcia Norlander ,200,
0000-0002-7741-1962,Choolwe N Jacobs,Choolwe N,Jacobs,,200,
0000-0002-7747-463X,Burinrutt Thanasuwat,Burinrutt,Thanasuwat,,200,
0000-0002-7751-0282,Zeel Patel,Zeel,Patel,,200,
0000-0002-7752-7316,Arnav Kapur,Arnav,Kapur,,200,
0000-0002-7754-1580,Colin Conwell,Colin,Conwell,,200,
0000-0002-7756-2090,Max (Hao) Lu,Hao,Lu,Max (Hao) Lu,200,
0000-0002-7758-8100,Simon Bernatz,Simon,Bernatz,,200,
0000-0002-7758-9322,Mou Banerjee,Mou,Banerjee,,200,
0000-0002-7759-6944,,,,,200,
0000-0002-7762-8678,Jeff Mentch,Jeff,Mentch,,200,
0000-0002-7762-9902,W Christopher Fox,W Christopher,Fox,,200,
0000-0002-7766-7589,Meylin Gonzales Huaman,Meylin,Gonzales Huaman,,200,
0000-0002-7768-4901,Jing-Ruey Joanna Yeh,Jing-Ruey Joanna,Yeh,,200,
0000-0002-7768-9454,Martin Sjøgård,Martin,Sjøgård,,200,
0000-0002-7770-2655,B Perez-Gandara,Brais,Perez Gandara,B Perez-Gandara,200,
0000-0002-7770-9005,Cheryl Lee,Cheryl,Lee,,200,
0000-0002-7772-1143,Diego Pizzagalli,Diego,Pizzagalli,,200,
0000-0002-7775-8704,Ducksu  Seo,Ducksu ,Seo,,200,
0000-0002-7776-0281,Shireen Bhamani,Shireen,Bhamani,Shireen Bhamani,200,
0000-0002-7787-5476,Jacquelyn Nestor,Jacquelyn,Nestor,,200,
0000-0002-7788-7282,Misa Mi,Misa,Mi,,200,
0000-0002-7790-8311,Constance Turman,Constance,Turman,,200,
0000-0002-7792-1698,Jasmeer Chhatwal,Jasmeer,Chhatwal,,200,
0000-0002-7794-9754,Charles A. Kantor,Charles,Kantor,Charles A. Kantor,200,
0000-0002-7800-6395,Sofia Cantu,Sofia,Cantu,,200,
0000-0002-7801-8724,Anthony Samir,Anthony,Samir,Anthony Samir,200,
0000-0002-7803-023X,Cindy Lien,Cindy,Lien,,200,
0000-0002-7805-0716,"Schwartz, DS",Denise,Saretta Schwartz,"Schwartz, DS",200,
0000-0002-7806-2063,Erik McShane,Erik,McShane,,200,
0000-0002-7806-2389,Arin Nicole Jones,Arin Nicole,Jones,,200,
0000-0002-7807-4435,Benoit Michot,Benoit,Michot,,200,
0000-0002-7807-5980,Guoli Zhao,Guoli,Zhao,,200,
0000-0002-7812-0286,Amy Porter,Amy,Porter,,200,
0000-0002-7814-1511,Cleo Valentine,Cleo,Valentine,,200,
0000-0002-7822-6179,Anna Rose Polish,Anna Rose,Polish,,200,
0000-0002-7824-2064,Deepankur Thureja,Deepankur,Thureja,,200,
0000-0002-7826-217X,Yunhao Zhai,Yunhao,Zhai,Yunhao Zhai,200,
0000-0002-7829-100X,David Gabriel Vignes Chaparro,David Gabriel,Vignes Chaparro,David Gabriel Vignes Chaparro,200,
0000-0002-7829-6927,Florence Yong,Florence,Yong,,200,
0000-0002-7831-534X,Juan Orozco,Juan,Orozco,,200,
0000-0002-7836-4715,Johannes Feldmeier,Johannes,Feldmeier,,200,
0000-0002-7837-151X,Miguel A Gonzalez-Lozano,Miguel A,Gonzalez-Lozano,,200,
0000-0002-7837-9191,Ali Kiapour,Ali,Kiapour,,200,
0000-0002-7842-9080,Joanna Streck,Joanna,Streck,,200,
0000-0002-7843-578X,Nicholas Blauch,Nicholas,Blauch,,200,
0000-0002-7849-8078,Samantha Palace,Samantha,Palace,,200,
0000-0002-7850-6437,Alexander McQuown,Alexander,McQuown,,200,
0000-0002-7851-3020,Andrew Chou,Andrew,Chou,,200,
0000-0002-7855-0059,Lu Zhang,Lu,Zhang,,200,
0000-0002-7855-6178,Erick U. Vazquez Cano,Erick U.,Vazquez Cano,,200,
0000-0002-7856-4071,Pamela Silver,Pamela,Silver,,200,
0000-0002-7859-3470,Loretta Mickley,Loretta,Mickley,,200,
0000-0002-7859-625X,Zhengkai  Huang,Zhengkai ,Huang,,200,
0000-0002-7864-2981,Anthony Cooper,Anthony,Cooper,,200,
0000-0002-7868-3345,Kit Pogliano,Kit,Pogliano,,200,
0000-0002-7869-6920,Erjan Akhmedov,Erjan,Akhmedov,,200,
0000-0002-7871-0251,Juan Francisco Peña Cardelles,Juan Francisco,Peña Cardelles,,200,
0000-0002-7872-168X,Stephen J. Haggarty,Stephen J.,Haggarty,,200,
0000-0002-7872-5648,Anuradha Mitra,Anuradha,Mitra,,200,
0000-0002-7873-929X,Hikaru Yamagishi,Hikaru,Yamagishi,,200,
0000-0002-7873-9556,Cedric Flamant,Cedric,Flamant,,200,
0000-0002-7881-9951,Mykayla Sandler,Mykayla,Sandler,,200,
0000-0002-7883-9872,William Berry,William,Berry,,200,
0000-0002-7884-6730,Kumar Aavula,Kumar,Aavula,Kumar Aavula,200,
0000-0002-7893-4749,Kaiz P. Esmail,Kaiz Pyarali,Esmail,Kaiz P. Esmail,200,
0000-0002-7898-0227,Janet Song,Janet,Song,,200,
0000-0002-7899-3060,Jorge Contreras,Jorge,Contreras,,200,
0000-0002-7900-0825,Leo Otterbein,Leo,Otterbein,,200,
0000-0002-7902-8713,CHARLOTTE VINES,CHARLOTTE,VINES,,200,
0000-0002-7905-1104,Marcelo Armendariz,Marcelo,Armendariz,,200,
0000-0002-7905-2078,Chenyue Lu,Chenyue,Lu,,200,
0000-0002-7906-4407,Joonas Keski-Rahkonen,Joonas,Keski-Rahkonen,Joonas Keski-Rahkonen,200,
0000-0002-7906-5936,Burt Beckwith,Burt,Beckwith,,200,
0000-0002-7906-9080,Megan Jin Rae Yeo,Megan Jin Rae,Yeo,,200,
0000-0002-7911-9551,Yang Wang,Yang,Wang,,200,
0000-0002-7912-0309,Neil Dalvie,Neil,Dalvie,,200,
0000-0002-7912-3104,Sanjana Sathrasala,Sanjana,Sathrasala,,200,
0000-0002-7914-6605,Rodrigo Uribe-Pacheco,Rodrigo,Uribe-Pacheco,,200,
0000-0002-7914-7122,Prakash Shrestha,Prakash,Shrestha,,200,
0000-0002-7916-7422,ByungSoo Kong,ByungSoo,Kong,,200,
0000-0002-7918-576X,Jack Smith,Jack,Smith,,200,
0000-0002-7918-8290,Cristiane  Soares,Cristiane ,Soares,,200,
0000-0002-7923-2554,Bora Ju,Bora,Ju,,200,
0000-0002-7923-9713,Federico Roda,Federico,Roda,,200,
0000-0002-7924-0706,Daniel Mork,Daniel,Mork,,200,
0000-0002-7924-9401,Sat Bir Khalsa,Sat Bir,Khalsa,,200,
0000-0002-7927-7648,Aya Goto,Aya,Goto,,200,
0000-0002-7929-6451,Haider Qasim,Haider,Qasim,,200,
0000-0002-7931-8200,volney sheen,volney,sheen,,200,
0000-0002-7938-6692,Nia Johnson,Nia,Johnson,,200,
0000-0002-7939-6831,A Jay Holmgren,A Jay,Holmgren,,200,
0000-0002-7943-0454,Jude T. Wellens-Mensah,Jude T.,Wellens-Mensah,,200,
0000-0002-7943-2097,Elizabeth Perry,Elizabeth,Perry,,200,
0000-0002-7943-8405,Mariana Acuña,Mariana,Acuña,,200,
0000-0002-7944-2738,Olabimpe Eseyin,Olabimpe,Eseyin,,200,
0000-0002-7945-9775,,,,,200,
0000-0002-7951-6223,Salim Washington,Salim,Washington,,200,
0000-0002-7955-0536,Roberto Novoa,Roberto,Novoa,,200,
0000-0002-7955-9100,Tomasz Jadczyk,Tomasz,Jadczyk,,200,
0000-0002-7957-2575,Biana Bernshtein,Biana,Bernshtein,,200,
0000-0002-7958-7558,peter zimetbaum,peter,zimetbaum,,200,
0000-0002-7959-9401,Bradley Hyman,Bradley,Hyman,,200,
0000-0002-7960-7360,James L Warner,James,Warner,James L Warner,200,
0000-0002-7961-3955,Svetlana Santos,Svetlana,Santos,,200,
0000-0002-7964-4890,Jiahui Zhang,Jiahui,Zhang,,200,
0000-0002-7966-6862,Hua Ma,Hua,Ma,,200,
0000-0002-7967-7676,Rodrigo Córdova Rosado,Rodrigo,Córdova Rosado,,200,
0000-0002-7969-8629,Benjamin Lalani,Benjamin,Lalani,,200,
0000-0002-7971-5222,Lixin Sun,Lixin,Sun,,200,
0000-0002-7972-7071,Maggie Salinger,Maggie,Salinger,,200,
0000-0002-7974-2562,GERMÁN LÓPEZ NOREÑA ,GERMÁN,LÓPEZ NOREÑA ,,200,
0000-0002-7974-8155,Scott Kennedy,Scott,Kennedy,,200,
0000-0002-7977-5591,Pushan Dasgupta,Pushan,Dasgupta,Pushan Dasgupta,200,
0000-0002-7979-3001,Kehan Zhang,Kehan,Zhang,,200,
0000-0002-7979-4979,Pyong Woo Park,Pyong Woo,Park,,200,
0000-0002-7979-8953,Elizabeth Buchbinder,Elizabeth,Buchbinder,,200,
0000-0002-7980-7821,Lauren M Landau,Lauren Michelle,Landau,Lauren M Landau,200,
0000-0002-7980-8779,Kourosh Morshedy,Kourosh,Morshedy,Kourosh Morshedy,200,
0000-0002-7981-9267,Logan S. McCarty,Logan,McCarty,Logan S. McCarty,200,
0000-0002-7982-6280,Aden Knaap,Aden,Knaap,,200,
0000-0002-7982-6483,Hak Soo Choi,Hak Soo,Choi,,200,
0000-0002-7982-9019,POOJA SHARMA,POOJA,SHARMA,,200,
0000-0002-7983-650X,M Brooke Moran,M Brooke,Moran,,200,
0000-0002-7984-514X,Dr. Arsenio Paez,Arsenio,Paez,Dr. Arsenio Paez,200,
0000-0002-7985-2905,Stephen Bartels,Stephen,Bartels,,200,
0000-0002-7986-7760,Pavel Ivanov,Pavel,Ivanov,Pavel Ivanov,200,
0000-0002-7987-6237,Yukako Otori,Yukako,Otori,,200,
0000-0002-7988-2944,Fine F. Leung,Fine F.,Leung,,200,
0000-0002-7989-171X,José M Del Río Pantoja,José,Del Río Pantoja,José M Del Río Pantoja,200,
0000-0002-7990-7347,Lida Wang,Lida,Wang,,200,
0000-0002-7991-5929,Norma Ming,Norma,Ming,,200,
0000-0002-7997-9543,Alireza Borjali,Alireza,Borjali,,200,
0000-0002-7998-5775,Eli Tziperman,Eli,Tziperman,,200,
0000-0002-7999-3273,Matthew Johnson,Matthew,Johnson,,200,
0000-0002-8003-2269,Sara Allan,Sara,Allan,,200,
0000-0002-8006-4148,Malini Gandhi,Malini,Gandhi,,200,
0000-0002-8008-0690,George Fei,George,Fei,,200,
0000-0002-8012-2440,Christopher Wilson,Christopher,Wilson,,200,
0000-0002-8012-6935,Shing-Hong Lin,Shing-Hong,Lin,,200,
0000-0002-8014-2708,Cuilin Zhang,Cuilin,Zhang,,200,
0000-0002-8020-0664,Vikram Chandra,Vikram,Chandra,,200,
0000-0002-8020-4737,Benedikt Groever,Benedikt,Groever,,200,
0000-0002-8021-1662,Stephen Ferrigno,Stephen,Ferrigno,,200,
0000-0002-8023-0062,Evan Giangrande,Evan,Giangrande,,200,
0000-0002-8023-387X,Vinay Eapen,Vinay,Eapen,,200,
0000-0002-8023-5525,Kieran Bhave,Kieran,Bhave,,200,
0000-0002-8026-1926,Leslie Torres-Ulloa,Leslie,Torres Ulloa,Leslie Torres-Ulloa,200,
0000-0002-8026-3817,Javier De Taboada Amat y Leon,Javier,De Taboada Amat y Leon,,200,
0000-0002-8027-5746,Leena Cho,Leena,Cho,,200,
0000-0002-8027-5877,Jiao Li,Jiao,Li,,200,
0000-0002-8028-9603,Jovita Byemerwa,Jovita,Byemerwa,,200,
0000-0002-8030-0892,Roberto Molinaro,Roberto,Molinaro,,200,
0000-0002-8030-3727,Pranav Rajpurkar,Pranav,Rajpurkar,,200,
0000-0002-8031-6990,Erik Brynjolfsson,Erik,Brynjolfsson,Erik Brynjolfsson,200,
0000-0002-8035-3265,Mashael Dewan,Mashael,Dewan,,200,
0000-0002-8035-3281,Renugan Raidoo,Renugan,Raidoo,,200,
0000-0002-8039-2766,Ovul Sezer,Ovul,Sezer,,200,
0000-0002-8040-5299,Allen L. Feng,Allen,Feng,Allen L. Feng,200,
0000-0002-8048-9031,Samar Gupta,Samar,Gupta,,200,
0000-0002-8050-5775,Sun Hee Yim,Sun Hee,Yim,,200,
0000-0002-8051-6917,Laura Chen,Laura,Chen,,200,
0000-0002-8052-8360,Farrah L Ezzeddine,Farrah L,Ezzeddine,,200,
0000-0002-8053-0145,Raja-Elie E. Abdulnour,Raja-Elie E.,Abdulnour,,200,
0000-0002-8055-768X,Lynn Sleeper,Lynn,Sleeper,,200,
0000-0002-8056-0504,Artem Sokolov,Artem,Sokolov,,200,
0000-0002-8057-7947,Emiliana Vegas,Emiliana,Vegas,,200,
0000-0002-8058-3423,Nathanael Fillmore,Nathanael,Fillmore,,200,
0000-0002-8059-8668,Douglas Mata,Douglas,Mata,,200,
0000-0002-8062-7246,Rocky Mitsuaki Barilla,Rocky,Barilla,Rocky Mitsuaki Barilla,200,
0000-0002-8062-968X,Christian Lagares-Linares,Christian,Lagares-Linares,,200,
0000-0002-8063-207X,Jeroen Leijten,Jeroen,Leijten,,200,
0000-0002-8063-4251,Matt Johnson,Matt,Johnson,,200,
0000-0002-8064-5698,Letícia Nunes Campos,Letícia,Nunes Campos,,200,
0000-0002-8067-2143,Myron Belfer,Myron,Belfer,,200,
0000-0002-8068-3862,Sandeep Robert Datta,Sandeep,Datta,Sandeep Robert Datta,200,
0000-0002-8069-1766,Faye McKenna,Faye,McKenna,,200,
0000-0002-8069-6655,Sumegha Garg,Sumegha,Garg,,200,
0000-0002-8074-3108,David Diaz,David,Diaz,,200,
0000-0002-8075-1757,Paul Secchia,Paul,Secchia,Paul Secchia,200,
0000-0002-8075-7251,Teshika Jayewickreme,Teshika,Jayewickreme,,200,
0000-0002-8076-3854,Zachary Murray,Zachary,Murray,,200,
0000-0002-8076-4005,David Choy Buentello,David,Choy Buentello,,200,
0000-0002-8081-1588,Antti Häkkinen,Antti,Häkkinen,,200,
0000-0002-8081-3663,Fernando M. Reimers,Fernando,Reimers,Fernando M. Reimers,200,
0000-0002-8083-6208,Mary Perez,Mary,Perez,,200,
0000-0002-8087-081X,"Natia Gamkrelidze, PhD",Natia,"Gamkrelidze, PhD",,200,
0000-0002-8089-1127,Willy Shih,Willy,Shih,,200,
0000-0002-8094-5279,Claire Bubb,Claire,Bubb,Claire Bubb,200,
0000-0002-8095-0174,Mohamed Jarraya,Mohamed,Jarraya,,200,
0000-0002-8100-0517,Jakob Gerstl,Jakob,Gerstl,,200,
0000-0002-8100-2141,Ahmed Magdy,Ahmed,Magdy,,200,
0000-0002-8104-1001,Damien Miran,Damien,Miran,,200,
0000-0002-8106-6700,Yalun Li,Yalun,Li,,200,
0000-0002-8107-345X,David L. Pauls,David,Pauls,David L. Pauls,200,
0000-0002-8111-0863,Effie Apostolou,Effie,Apostolou,,200,
0000-0002-8111-9702,Supriya Dey,Supriya,Dey,,200,
0000-0002-8114-7703,Oscar A. Hernandez Murillo,Oscar,Hernandez Murillo,Oscar A. Hernandez Murillo,200,
0000-0002-8120-4456,Zhenglun Kong,Zhenglun,Kong,,200,
0000-0002-8123-1008,Oliver Lösch,Oliver,Lösch,,200,
0000-0002-8124-1265,Novalia Pishesha,Novalia,Pishesha,,200,
0000-0002-8125-0831,Luca Maini,Luca,Maini,,200,
0000-0002-8125-1690,David Hemenway,David,Hemenway,,200,
0000-0002-8125-1957,Adrian Kalaw,Adrian,Kalaw,,200,
0000-0002-8129-1895,Andrea Cepellotti,Andrea,Cepellotti,,200,
0000-0002-8129-9731,Domna Karagogeos,Domna,Karagogeos,,200,
0000-0002-8130-0763,Sarah M Alam,Sarah,Alam,Sarah M Alam,200,
0000-0002-8130-5433,Mariana Marliére Procópio de Souza,Mariana Marliére Procópio,de Souza,,200,
0000-0002-8131-1083,Abdulrahman Aldeeri,Abdulrahman,Aldeeri,,200,
0000-0002-8133-4728,Anmol Yousaf,Anmol,Yousaf,,200,
0000-0002-8135-9474,parisa farokh,parisa,farokh,,200,
0000-0002-8137-990X,Yi-Chen  Hsieh,Yi-Chen ,Hsieh,,200,
0000-0002-8145-0315,Nora A. Doaiji,Nora,Doaiji,Nora A. Doaiji,200,
0000-0002-8145-1051,Tae Yeon Yoo,Tae Yeon,Yoo,,200,
0000-0002-8149-0691,Aaron Halpern,Aaron,Halpern,,200,
0000-0002-8153-8915,Soahum Bagchi,Soahum,Bagchi,,200,
0000-0002-8162-2420,Emre Keskin,Emre,Keskin,,200,
0000-0002-8164-8655,Hayden Schwenk,Hayden,Schwenk,,200,
0000-0002-8166-3636,Taposh Dutta-Roy,Taposh,Dutta-Roy,,200,
0000-0002-8167-0772,Judith Steen,Judith,Steen,,200,
0000-0002-8169-7828,Teresa Trout,Teresa,Trout,,200,
0000-0002-8171-9476,Mathieu Epinette,Mathieu,Epinette,,200,
0000-0002-8174-0718,Amanda Gellis,Amanda,Gellis,,200,
0000-0002-8175-9531,Chelsea R. Lide,Chelsea,Lide,Chelsea R. Lide,200,
0000-0002-8177-1098,Gregg Nelson,Gregg,Nelson,,200,
0000-0002-8178-8463,Pavlos Protopapas,Pavlos,Protopapas,,200,
0000-0002-8180-5913,Cameron Fraser,Cameron,Fraser,,200,
0000-0002-8182-2983,Zhongjie Fu,ZHONGJIE,FU,Zhongjie Fu,200,
0000-0002-8184-4306,Thierry Madiès,Thierry,Madiès,,200,
0000-0002-8187-4169,Ajay Kumar,Ajay,Kumar,,200,
0000-0002-8187-7562,Yi Yang,Yi,Yang,,200,
0000-0002-8189-1874,,,,,200,
0000-0002-8190-8568,CARLOS MENDEZ-DORANTES,CARLOS,MENDEZ-DORANTES,,200,
0000-0002-8191-1708,martha wadleigh,martha,wadleigh,,200,
0000-0002-8191-9101,Catherine Sabatos-Peyton,Catherine,Sabatos-Peyton,,200,
0000-0002-8192-2220,Della Syau,Della,Syau,,200,
0000-0002-8194-2213,Fotis Iliopoulos,Fotis,Iliopoulos,,200,
0000-0002-8194-9204,Meenakshi Rao,Meenakshi,Rao,,200,
0000-0002-8197-3554,Anne Jacobi,Anne,Jacobi,,200,
0000-0002-8197-5293,Jacquelene Mwangi,Jacquelene,Mwangi,,200,
0000-0002-8200-7032,James Arnold,James,Arnold,,200,
0000-0002-8201-3627,Inês Torres,Inês,Torres,,200,
0000-0002-8202-094X,Eric Zhang,Eric,Zhang,,200,
0000-0002-8204-2436,Tatiana Bondarenko,Tatiana,Bondarenko,,200,
0000-0002-8205-9457,Maxim Y Wolf,Maxim,Wolf,Maxim Y Wolf,200,
0000-0002-8207-9378,Jung Hyun Lee,Jung Hyun,Lee,,200,
0000-0002-8209-9483,Angela She,Angela,She,,200,
0000-0002-8210-4983,Drew Pendergrass,Drew,Pendergrass,,200,
0000-0002-8213-1658,Myles Brown,Myles,Brown,,200,
0000-0002-8215-127X,David C. Bell,David,Bell,David C. Bell,200,
0000-0002-8216-6164,Shuoshuo Wang,Shuoshuo,Wang,,200,
0000-0002-8220-065X,Robert Brown,Robert,Brown,,200,
0000-0002-8221-7945,Asma M.Serag Eldien,Asma,M.Serag Eldien,,200,
0000-0002-8223-6812,Averell Schmidt,Averell,Schmidt,,200,
0000-0002-8226-9403,XU FENG,XU,FENG,,200,
0000-0002-8229-5417,David Herzog,David,Herzog,,200,
0000-0002-8230-5726,Michelle Aranha,Michelle,Aranha,,200,
0000-0002-8231-3611,Sabina Murphy,Sabina,Murphy,,200,
0000-0002-8236-0047,In-Young Choi,In-Young,Choi,,200,
0000-0002-8236-5761,Shradha M. Chhabria,Shradha,Chhabria,Shradha M. Chhabria,200,
0000-0002-8236-7935,Fu-An Kang,Fu-An,Kang,,200,
0000-0002-8237-8546,Walter Rosenbaum,Walter,Rosenbaum,,200,
0000-0002-8238-871X,Hannah Thomas,Hannah,Thomas,,200,
0000-0002-8244-6967,Kate van Orden,Kate,van Orden,,200,
0000-0002-8245-1248,Steven Ascoët,Steven,Ascoët,,200,
0000-0002-8246-3476,Paula C. Sanematsu,Paula C.,Sanematsu,,200,
0000-0002-8248-1463,Serena F. Hagerty,Serena,Hagerty,Serena F. Hagerty,200,
0000-0002-8249-4694,Yujia Li,Yujia,Li,,200,
0000-0002-8255-0086,Philip Kim,Philip,Kim,,200,
0000-0002-8257-8257,James Lee,James,Lee,,200,
0000-0002-8258-3726,Michail I. Marinis,Michail,Marinis,Michail I. Marinis,200,
0000-0002-8259-2761,Tomas S Huerta,Tomas,Huerta,Tomas S Huerta,200,
0000-0002-8260-8508,Xuehong Zhang,Xuehong,Zhang,,200,
0000-0002-8261-8546,Chao Liu,Chao,Liu,,200,
0000-0002-8262-3652,Katarina Bendtz,Katarina,Bendtz,,200,
0000-0002-8262-7557,Adam Sychla,Adam,Sychla,,200,
0000-0002-8266-6783,Mohit Kumar,Mohit,Kumar,,200,
0000-0002-8268-1529,Hiroko Oda,Hiroko,Oda,,200,
0000-0002-8272-6264,Kathleen Christie,Kathleen,Christie,,200,
0000-0002-8274-4681,Nancy Keating,Nancy,Keating,,200,
0000-0002-8276-8077,Aric Lu,Aric,Lu,,200,
0000-0002-8279-7150,Carly Ziegler,Carly,Ziegler,Carly Ziegler,200,
0000-0002-8280-4015,Charles Amoatey Odonkor,Charles Amoatey,Odonkor,,200,
0000-0002-8281-677X,Frank Zheng Kuang,Frank Zheng,Kuang,,200,
0000-0002-8282-2053,Catarina R. Fernandes,Catarina,Fernandes,Catarina R. Fernandes,200,
0000-0002-8285-7766,Ludger Goeminne,Ludger,Goeminne,,200,
0000-0002-8286-1255,John Roswell Whitman,John,Whitman,John Roswell Whitman,200,
0000-0002-8289-1040,Jade Webb,Jade,Webb,,200,
0000-0002-8294-1992,Jaime Martinez Grundman,Jaime,Martinez Grundman,,200,
0000-0002-8295-8911,Yixiang Mao,Yixiang,Mao,,200,
0000-0002-8296-1424,Daniel Kahne,Daniel,Kahne,,200,
0000-0002-8298-0289,Bradley McGregor,Bradley,McGregor,,200,
0000-0002-8298-1804,Anushka Patel,Anushka,Patel,,200,
0000-0002-8299-0196,Alvar Daza,Alvar,Daza,,200,
0000-0002-8299-3274,Clemens B Hug,Clemens,Hug,Clemens B Hug,200,
0000-0002-8300-9822,Gaurav Bhole,Gaurav,Bhole,,200,
0000-0002-8304-8397,Benjamin Cowie,Benjamin,Cowie,,200,
0000-0002-8307-9716,A. G. Kozak,Alexander George,Kozak,A. G. Kozak,200,
0000-0002-8310-4539,Christian Webb,Christian,Webb,,200,
0000-0002-8316-1947,Justin Feldman,Justin,Feldman,,200,
0000-0002-8318-0443,Hyun-Sik Yang,Hyun-Sik,Yang,,200,
0000-0002-8318-4225,Andrew Woods,Andrew,Woods,,200,
0000-0002-8319-5856,Alfred Goldberg,Alfred,Goldberg,,200,
0000-0002-8325-9944,Ronald Gerardo Garcia,Ronald Gerardo,Garcia,Ronald Gerardo Garcia,200,
0000-0002-8329-3253,Allison James,Allison,James,,200,
0000-0002-8331-4114,Talha Rehman,Talha,Rehman,,200,
0000-0002-8334-0400,Gyorgy Baffy,Gyorgy,Baffy,,200,
0000-0002-8334-0734,Douglas Johnson,Douglas,Johnson,,200,
0000-0002-8337-3106,Karla Rubio,Karla,Rubio,,200,
0000-0002-8337-5400,ADOLPHUS WAGALA,ADOLPHUS,WAGALA,,200,
0000-0002-8337-9030,Abbas Zarei Mehrvarz,Abbas,Zarei Mehrvarz,,200,
0000-0002-8337-9591,Sajanlal Panikkanvalappil,Sajanlal,Panikkanvalappil,,200,
0000-0002-8338-1798,James Januzzi,James,Januzzi,,200,
0000-0002-8339-6893,Jamie Wong,Jamie,Wong,,200,
0000-0002-8339-728X,Constance Rinaldo,Constance,Rinaldo,Constance Rinaldo,200,
0000-0002-8340-0258,John Farrell,John,Farrell,,200,
0000-0002-8342-1024,Elaine Chew,Elaine,Chew,,200,
0000-0002-8343-356X,Francesca Dell'Oro,Francesca,Dell'Oro,,200,
0000-0002-8344-7072,David M. Zimmerman,David,Zimmerman,David M. Zimmerman,200,
0000-0002-8346-4438,Matilda Delgado,Matilda,Delgado,,200,
0000-0002-8347-0096,Cole Crawford,Cole,Crawford,,200,
0000-0002-8348-2556,Manasvi Verma,Manasvi,Verma,,200,
0000-0002-8354-514X,Melissa Wong,Melissa,Wong,,200,
0000-0002-8355-6498,Zhigang Song,Zhigang,Song,,200,
0000-0002-8359-4179,Madeline Ryan,Madeline,Ryan,,200,
0000-0002-8359-4988,Keri Burge,Keri,Burge,,200,
0000-0002-8360-1391,Katherine E. A. Semrau,Katherine,Semrau,Katherine E. A. Semrau,200,
0000-0002-8360-4031,Subha Ramani,Subha,Ramani,,200,
0000-0002-8360-9780,Debby Cheng,Debby,Cheng,,200,
0000-0002-8361-0650,Misti L Paudel,Misti,Paudel,Misti L Paudel,200,
0000-0002-8361-8679,Pankaj Sharma,Pankaj,Sharma,,200,
0000-0002-8361-9567,Peter Brooks,Peter,Brooks,,200,
0000-0002-8362-0875,Zohaa  Faiz,Zohaa ,Faiz,,200,
0000-0002-8362-1034,"Mosi Dorbayani, PhD",Mosi,"Dorbayani, PhD",,200,
0000-0002-8364-5175,Sumit Sinha,Sumit,Sinha,,200,
0000-0002-8364-8894,Seejia Scarlett Yu,Seejia Scarlett,Yu,,200,
0000-0002-8370-3996,Antonio Arciniegas Rubio,Antonio,Arciniegas Rubio,,200,
0000-0002-8370-7858,JUNJIE LU,JUNJIE,LU,,200,
0000-0002-8372-5861,Noelle Huntington,Noelle,Huntington,,200,
0000-0002-8376-1221,Christina Davis,Christina,Davis,,200,
0000-0002-8377-0355,Stephen A. Kocs,Stephen,Kocs,Stephen A. Kocs,200,
0000-0002-8380-2345,Adam L Kern,Adam L,Kern,,200,
0000-0002-8382-6638,Lindsay Agostinelli,Lindsay,Agostinelli,,200,
0000-0002-8383-6000,Omer Subasi,Omer,Subasi,,200,
0000-0002-8383-6449,Bereket Yakob,Bereket Yakob,Yota,Bereket Yakob,200,
0000-0002-8385-8664,Ziad Saade,Ziad,Saade,,200,
0000-0002-8386-5899,Caroline Buckee,Caroline,Buckee,,200,
0000-0002-8387-9481,Ksenya Kiebuzinski,Ksenya,Kiebuzinski,,200,
0000-0002-8388-1522,Gary Skuse,Gary,Skuse,,200,
0000-0002-8390-6072,Thomas J. Carmona-LaSalle,Thomas J.,Carmona-LaSalle,Thomas J. Carmona-LaSalle,200,
0000-0002-8392-9880,Gustavo A. Sandoval,Gustavo Adolfo,Sandoval Peña,Gustavo A. Sandoval,200,
0000-0002-8393-1921,Reese Caldwell,Reese,Caldwell,,200,
0000-0002-8396-0183,Jenny Nesbitt,Jenny,Nesbitt,,200,
0000-0002-8396-0220,Dan Zhao,Dan,Zhao,,200,
0000-0002-8398-9584,Ninning Liu,Ninning,Liu,,200,
0000-0002-8399-2329,Albert,Albert,,,200,
0000-0002-8400-2235,Andrew G Reece,Andrew,Reece,Andrew G Reece,200,
0000-0002-8400-6842,Ann Forsyth,Ann,Forsyth,,200,
0000-0002-8401-4367,Allen J. Grieco,Allen James,Grieco,Allen J. Grieco,200,
0000-0002-8401-9037,Divya Choudhary,Divya,Choudhary,,200,
0000-0002-8404-6924,Yunzhe Qian,Yunzhe,Qian,Yunzhe Qian,200,
0000-0002-8405-211X,Leemore Dafny,Leemore,Dafny,,200,
0000-0002-8405-4596,Huo Chen,Huo,Chen,,200,
0000-0002-8407-7739,Onur Özgöde,Onur,Özgöde,,200,
0000-0002-8409-4491,Rhonda Bentley-Lewis,Rhonda,Bentley-Lewis,,200,
0000-0002-8409-6219,Nicholas Palmer,Nicholas,Palmer,,200,
0000-0002-8409-765X,Solange L. Baptiste,Solange,Baptiste,Solange L. Baptiste,200,
0000-0002-8412-9092,Daniel Comeaux,Daniel,Comeaux,,200,
0000-0002-8414-1796,edward yavitz,edward,yavitz,edward yavitz,200,
0000-0002-8416-9772,Jorge Luiz Freneda,Jorge Luiz,Freneda,Jorge Luiz Freneda,200,
0000-0002-8419-9891,Wren Fournier,Wren,Fournier,,200,
0000-0002-8421-0595,Si-Yu Zhao,Si-Yu,Zhao,,200,
0000-0002-8424-9801,Mary  tavares,Mary ,tavares,,200,
0000-0002-8426-4489,Pierre Colombe Dromel,Pierre,Colombe Dromel,,200,
0000-0002-8429-9702,Leo Benning,Leo,Benning,,200,
0000-0002-8434-784X,Angelina L. O'Brien,Angelina,O'Brien,Angelina L. O'Brien,200,
0000-0002-8435-6586,Yan Hu,Yan,Hu,,200,
0000-0002-8435-9402,Minjung Park,Minjung,Park,Minjung Park,200,
0000-0002-8437-9622,Guilherme Rossi,Guilherme,Rossi,,200,
0000-0002-8438-4149,Birgitta Schmidt,Birgitta,Schmidt,,200,
0000-0002-8440-2378,Cheng-Zhi Anna Huang,Cheng-Zhi Anna,Huang,,200,
0000-0002-8441-1311,Pierre Bourdillon,Pierre,Bourdillon,,200,
0000-0002-8443-5241,Thiago Petrilli Maffei Dardis,Thiago,Petrilli Maffei Dardis,,200,
0000-0002-8445-6798,Hannah T Tam,Hannah,Tam,Hannah T Tam,200,
0000-0002-8445-8697,Alex Epelde,Alex,Epelde,,200,
0000-0002-8447-3520,Vesna Brusic,Vesna,Brusic,,200,
0000-0002-8449-142X,Miloš Tišma,Miloš,Tišma,,200,
0000-0002-8450-2037,Wenxin Xu,Wenxin,Xu,,200,
0000-0002-8450-6273,MINGHAI GE,MINGHAI,GE,,200,
0000-0002-8452-1297,RUICHAO YU,RUICHAO,YU,,200,
0000-0002-8458-831X,Emmanuel Letouzé,Emmanuel,Letouzé,Emmanuel Letouzé,200,
0000-0002-8461-2068,Fátima Sanchís Calleja,Fátima,Sanchís Calleja,,200,
0000-0002-8465-0232,Li Zha,Li,Zha,,200,
0000-0002-8465-5607,WEI LUO,WEI,LUO,,200,
0000-0002-8466-5469,Collin Cherubim,Collin,Cherubim,,200,
0000-0002-8468-5101,Yuliya Sytnikova,Yuliya,Sytnikova,,200,
0000-0002-8469-4454,Olivier Lucar,Olivier,Lucar,,200,
0000-0002-8470-0834,Cheng He,Cheng,He,,200,
0000-0002-8471-6764,Tanner McAlister,Tanner,McAlister,,200,
0000-0002-8473-249X,Osagie Ebekozien,Osagie,Ebekozien,,200,
0000-0002-8477-0074,Yiran Zhang,Yiran,Zhang,,200,
0000-0002-8478-568X,Max Hauptschein,Max,Hauptschein,,200,
0000-0002-8480-1563,Qi Sun,Qi,Sun,,200,
0000-0002-8481-4161,Badalov. S.V.,Sabuhi,Badalov,Badalov. S.V.,200,
0000-0002-8484-8249,Steve Moore,Steve,Moore,,200,
0000-0002-8489-3373,Anil Doshi,Anil,Doshi,,200,
0000-0002-8489-9249,David Jung,David,Jung,,200,
0000-0002-8490-0190,William Bosl,William,Bosl,,200,
0000-0002-8490-1775,Noah Brown,Noah,Brown,,200,
0000-0002-8491-9115,John Hamilton,John,Hamilton,,200,
0000-0002-8493-2889,Chiara Farronato,Chiara,Farronato,,200,
0000-0002-8494-0950,Deeba Husain,Deeba,Husain,,200,
0000-0002-8494-6711,Nikolaos T. Polizos,Nikolaos,Polizos,Nikolaos T. Polizos,200,
0000-0002-8499-6081,Iliana Soto,Iliana,Soto,,200,
0000-0002-8505-2680,Cindy Huynh,Cindy,Huynh,,200,
0000-0002-8506-9888,Lauren Ferguson,Lauren,Ferguson,,200,
0000-0002-8508-0737,Giovanni Bovone,Giovanni,Bovone,,200,
0000-0002-8510-7696,Bhaswati Ganguli,Bhaswati,Ganguli,,200,
0000-0002-8514-2248,Daniëlle Peterse,Daniëlle,Peterse,,200,
0000-0002-8517-0003,Edward Gebara,Edward,Gebara,,200,
0000-0002-8518-4077,Heeseon An,Heeseon,An,,200,
0000-0002-8521-0036,Vasileios-Arsenios Lioutas,Vasileios-Arsenios,Lioutas,,200,
0000-0002-8521-8978,L. Daniel Estrella,Luis Daniel,Estrella,L. Daniel Estrella,200,
0000-0002-8524-7197,Peiyuan Qu,Peiyuan,Qu,,200,
0000-0002-8525-4936,Pulin Li,Pulin,Li,,200,
0000-0002-8530-3232,Anne Hallward,Anne,Hallward,,200,
0000-0002-8531-0731,Nicholas S. Colella,Nicholas,Colella,Nicholas S. Colella,200,
0000-0002-8535-8428,Nicholas Chiu,Nicholas,Chiu,,200,
0000-0002-8542-1247,Jesús Valdiviezo,Jesús ,Valdiviezo,Jesús Valdiviezo,200,
0000-0002-8545-0451,Hongbo Luo,Hongbo,Luo,,200,
0000-0002-8545-062X,David Maillet,David,Maillet,,200,
0000-0002-8546-0414,Jean-Sebastien Gagnon,Jean-Sebastien,Gagnon,,200,
0000-0002-8546-1521,Yiwen Xu,Yiwen,Xu,,200,
0000-0002-8554-8299,DALIAH SALEM,DALIAH,SALEM,,200,
0000-0002-8557-0066,Dragana Pilipovic,Dragana,Pilipovic,,200,
0000-0002-8559-3073,Ronaldo Correa Fabiano,Ronaldo,Correa Fabiano Filho,Ronaldo Correa Fabiano,200,
0000-0002-8565-4876,Heather Shattuck-Heidorn,Heather,Shattuck-Heidorn,,200,
0000-0002-8565-9888,Xingyan Wang,Xingyan,Wang,,200,
0000-0002-8568-7133,Andrew A. Drabek,Andrew A.,Drabek,Andrew A. Drabek,200,
0000-0002-8572-1944,musie ghebremichael,musie,ghebremichael,,200,
0000-0002-8572-7801,Nandhinee Radha Shanmugam,Nandhinee,Radha Shanmugam,,200,
0000-0002-8574-4572,Davene R. Wright,Davene,Wright,Davene R. Wright,200,
0000-0002-8575-5394,Xiaotang Lu,Xiaotang,Lu,,200,
0000-0002-8576-8697,Mira Sinha,Mira,Sinha,,200,
0000-0002-8578-6596,Zihan,Zihan,,,200,
0000-0002-8580-3843,Shun Li,Shun,Li,,200,
0000-0002-8582-4871,Adnan Syed,Adnan,Syed,,200,
0000-0002-8584-0759,Kaya Garringer,Kaya,Garringer,,200,
0000-0002-8585-1589,Francesca Fortenbaugh,Francesca,Fortenbaugh,,200,
0000-0002-8585-1802,Kevin Tyan,Kevin,Tyan,,200,
0000-0002-8589-1871,Sravana Borkataky-Varma,Sravana,Borkataky-Varma,,200,
0000-0002-8593-523X,Osamah Alamri,Osamah,Alamri,,200,
0000-0002-8601-0327,Anila Cake,Anila,Cake,,200,
0000-0002-8604-9985,Matheus Sobreira Farias,Matheus,Sobreira Farias,,200,
0000-0002-8605-096X,Andrew Enslen,Andrew,Enslen,,200,
0000-0002-8607-1787,Jared Mayers,Jared,Mayers,,200,
0000-0002-8607-8559,Stefan Kalchmair,Stefan,Kalchmair,,200,
0000-0002-8609-564X,Alexander Turchin,Alexander,Turchin,,200,
0000-0002-8609-7397,Houman Safaai,Houman,Safaai,,200,
0000-0002-8618-0115,Adriana Umana-Taylor,Adriana,Umana-Taylor,,200,
0000-0002-8619-1455,Adelphe Mfuh,Adelphe,Mfuh,,200,
0000-0002-8619-7160,Felix Y. Zhou,Felix,Zhou,Felix Y. Zhou,200,
0000-0002-8619-9393,Ilan Tamir,Ilan,Tamir,,200,
0000-0002-8620-5650,joseph JaJa,joseph,JaJa,,200,
0000-0002-8621-7301,Valeriya Dimitrova,Valeriya,Dimitrova,,200,
0000-0002-8622-6478,Demetrios Vavvas,Demetrios,Vavvas,,200,
0000-0002-8625-6474,Mary Dussault,Mary,Dussault,,200,
0000-0002-8629-1165,Justyna Antoniuk-Majchrzak,Justyna,Antoniuk-Majchrzak,,200,
0000-0002-8629-9888,Sondos Harfil,Sondos,Harfil,,200,
0000-0002-8634-8627,Roman Hoelzl,Roman,Hoelzl,,200,
0000-0002-8634-9267,Ludger Helms,Ludger,Helms,,200,
0000-0002-8636-9030,Alex Bell,Alex,Bell,,200,
0000-0002-8640-3227,Zhen Huang,Zhen,Huang,,200,
0000-0002-8641-636X,Anthony Sheets,Anthony,Sheets,,200,
0000-0002-8643-1092,ICIAR ALZAGA RUIZ,ICIAR,ALZAGA RUIZ,,200,
0000-0002-8646-0045,Rudaina Ismail Osman Ahmed,Rudaina,Ismail Osman Ahmed,,200,
0000-0002-8646-3107,Kristie LeBeau,Kristie,LeBeau,,200,
0000-0002-8647-8579,Corey Seehus,Corey,Seehus,,200,
0000-0002-8647-9950,Qian Zhu,Qian,Zhu,,200,
0000-0002-8657-5686,Hu Jin,Hu,Jin,,200,
0000-0002-8658-841X,LEE L RUBIN,Lee L,Rubin,LEE L RUBIN,200,
0000-0002-8660-8652,Bernice Rogowitz,Bernice,Rogowitz,,200,
0000-0002-8664-6931,Cong Liu,Cong,Liu,,200,
0000-0002-8665-2055,Ashiana Jivraj,Ashiana,Jivraj,,200,
0000-0002-8665-3488,Duy Trong Vien Diep,Trong Vien Duy,Diep,Duy Trong Vien Diep,200,
0000-0002-8665-558X,Orla Bonnar,Orla,Bonnar,,200,
0000-0002-8668-3660,Erfan Soliman,Erfan,Soliman,,200,
0000-0002-8668-9579,Peter Howley,Peter,Howley,,200,
0000-0002-8668-9835,Andaleeb Fatima,Andaleeb,Fatima,,200,
0000-0002-8671-6557,Joe Nudell,Joe,Nudell,,200,
0000-0002-8671-6573,Camena Guneratne,Camena,Guneratne,,200,
0000-0002-8672-9091,Joshua Sandor,Joshua,Sandor,,200,
0000-0002-8677-9304,Priscilla Cheung,Priscilla,Cheung,,200,
0000-0002-8680-7459,Daeun Jeong,Daeun,Jeong,,200,
0000-0002-8693-7923,Pracheta Salunkhe,Pracheta,Salunkhe,,200,
0000-0002-8695-6833,Christopher Miller,Christopher,Miller,,200,
0000-0002-8695-7633,Jim Lowell,Jim,Lowell,,200,
0000-0002-8696-0197,Abel Suárez-Fueyo,Abel,Suárez-Fueyo,,200,
0000-0002-8696-5318,Leonardo Civinelli,Leonardo,Civinelli Tornel da Silveira,Leonardo Civinelli,200,
0000-0002-8699-7176,Christopher Kabrhel,Christopher,Kabrhel,,200,
0000-0002-8703-1517,Barry Wanner,Barry,Wanner,,200,
0000-0002-8703-4451,Marcin Straczkiewicz,Marcin,Straczkiewicz,,200,
0000-0002-8705-1163,Oana Alina Zeleznik,Oana Alina,Zeleznik,,200,
0000-0002-8706-6197,Jonah S. Goldberg,Jonah S.,Goldberg,Jonah S. Goldberg,200,
0000-0002-8706-7675,Michelle V. Porche,Michelle V.,Porche,Michelle V. Porche,200,
0000-0002-8707-8657,Josephine Cool,Josephine,Cool,,200,
0000-0002-8708-4467,Meaghan E Kavanagh,Meaghan E,Kavanagh,,200,
0000-0002-8714-1644,david filman,david,filman,,200,
0000-0002-8715-287X,Laura Empson,Laura,Empson,,200,
0000-0002-8718-4417,Selina K. Kaiser,Selina K.,Kaiser,,200,
0000-0002-8718-7220,Miriam Aziz,Miriam,Aziz,,200,
0000-0002-8722-0027,Seung Han Baek,Seung Han,Baek,,200,
0000-0002-8723-7902,Kaili Fan,Kaili,Fan,,200,
0000-0002-8729-0500,Shadab Rahman,Shadab,Rahman,,200,
0000-0002-8731-5712,Maria Grahn-Farley,Maria,Grahn-Farley,,200,
0000-0002-8733-2803,Søren Z. Von Dosenrode-Lynge,Søren Z. Von,Dosenrode-Lynge,,200,
0000-0002-8734-3959,Yu-Ting  Cheng,Yu-Ting ,Cheng,,200,
0000-0002-8734-5647,Norma Hylton,Norma,Hylton,,200,
0000-0002-8734-9736,Ahmet Bugra  Tufan,Ahmet Bugra ,Tufan,,200,
0000-0002-8736-1591,Christopher Williams,Christopher,Williams,,200,
0000-0002-8741-5924,Elena G. van Stee,Elena,van Stee,Elena G. van Stee,200,
0000-0002-8742-525X,David L Paul,David,Paul,David L Paul,200,
0000-0002-8744-2471,Eva Gombos,Eva,Gombos,,200,
0000-0002-8744-2973,Edwin K. C. Li,Edwin K. C.,Li,,200,
0000-0002-8745-4608,Melani Cammett,Melani,Cammett,,200,
0000-0002-8748-2123,Yeimy Rivera,Yeimy,Rivera,,200,
0000-0002-8749-1206,Bhanu Teja Gullapalli,Bhanu Teja,Gullapalli,,200,
0000-0002-8750-0491,Jinwoo Shin,Jinwoo,Shin,,200,
0000-0002-8754-0565,Raymond Mak,Raymond,Mak,,200,
0000-0002-8755-6735,Jugal Choudhary,Jugal,Choudhary,,200,
0000-0002-8758-113X,Mehmet Akif Özdemir,Mehmet Akif,Özdemir,,200,
0000-0002-8761-7390,Giulia Gaggi,Giulia,Gaggi,,200,
0000-0002-8761-9337,Gloria Dalla Costa,Gloria,Dalla Costa,,200,
0000-0002-8762-2536,Fernando,Fernando,,,200,
0000-0002-8763-1387,Ting Zhai,Ting,Zhai,,200,
0000-0002-8763-3331,Carolina L  Zilli Vieira,Carolina L ,Zilli Vieira,,200,
0000-0002-8766-2212,,,,,200,
0000-0002-8766-3768,Daniel Chang,Daniel,Chang,,200,
0000-0002-8768-2782,Chengxin Jiang,Chengxin,Jiang,,200,
0000-0002-8772-8488,Sai Sumedh R. Hindupur,Sai Sumedh R.,Hindupur,Sai Sumedh R. Hindupur,200,
0000-0002-8774-5296,Xiangyu Wei,Xiangyu,Wei,,200,
0000-0002-8775-1709,Jalen Daniels,Jalen,Daniels,,200,
0000-0002-8775-3755,Chuan-Chin Huang,Chuan-Chin,Huang,,200,
0000-0002-8776-6644,Matt Gage,Matt,Gage,,200,
0000-0002-8777-5962,Michael C. LaScaleia,Michael,LaScaleia,Michael C. LaScaleia,200,
0000-0002-8780-3986,Colin Harper,Colin,Harper,,200,
0000-0002-8782-2036,Farnaz Daneshnia,Farnaz,Daneshnia,,200,
0000-0002-8784-9001,Han Han,Han,Han,,200,
0000-0002-8786-6995,Sanghee Shin,Sanghee,Shin,,200,
0000-0002-8788-9783,G.Enrico Rovati,G.Enrico,Rovati,,200,
0000-0002-8791-6286,Cecilia Garraffo,Cecilia,Garraffo,,200,
0000-0002-8792-7719,"Camacho, G.P.",Gabriela Procopio,Camacho,"Camacho, G.P.",200,
0000-0002-8792-8527,Lynn Bry,Lynn,Bry,,200,
0000-0002-8793-9330,Jingyi Qian,Jingyi,Qian,,200,
0000-0002-8794-1289,Mark Kalinich,Mark,Kalinich,Mark Kalinich,200,
0000-0002-8795-379X,Rochelle P. Walensky,Rochelle P.,Walensky,Rochelle P. Walensky,200,
0000-0002-8796-0025,Willian das Neves Silva,Willian,das Neves Silva,,200,
0000-0002-8796-1714,Sampa Santra,Sampa,Santra,,200,
0000-0002-8797-5307,ZÜLEYHA SUSAM,ZÜLEYHA,SUSAM,,200,
0000-0002-8798-8562,Benoit Scherrer,Benoit,Scherrer,,200,
0000-0002-8800-0456,Daniel R. Hart,Daniel R.,Hart,Daniel R. Hart,200,
0000-0002-8803-1463,Maolin Ge,Maolin,Ge,,200,
0000-0002-8803-6475,Sam Norwitz,Sam,Norwitz,,200,
0000-0002-8805-1405,Evelyn Hu,Evelyn,Hu,,200,
0000-0002-8809-9169,Elizabeth Senior,Elizabeth,Senior,,200,
0000-0002-8810-858X,Kaley Brauer,Kaley,Brauer,,200,
0000-0002-8810-8694,Adam Morris,Adam,Morris,,200,
0000-0002-8810-9777,Ramon Sanchez,Ramon,Sanchez,,200,
0000-0002-8819-2072,Matthew Chun,Matthew,Chun,,200,
0000-0002-8821-8885,Devorah Kranz,Devorah,Kranz,,200,
0000-0002-8823-2230,Carlos Rivera-López,Carlos,Rivera-López,,200,
0000-0002-8824-2834,Christina Chang,Christina,Chang,,200,
0000-0002-8826-3870,Mary-Anne Hartley,Mary-Anne,Hartley,,200,
0000-0002-8826-5171,Qikai Qin (秦琪凯),Qikai,Qin,Qikai Qin (秦琪凯),200,
0000-0002-8826-6019,Munir M Mosaheb,Munir,Mosaheb,Munir M Mosaheb,200,
0000-0002-8826-665X,Juliann Tefft,Juliann,Tefft,,200,
0000-0002-8829-4415,Tahereh Derakhshan,Tahereh,Derakhshan,,200,
0000-0002-8831-7189,ROSARIO FERNANDEZ GODINO,ROSARIO,FERNANDEZ GODINO,,200,
0000-0002-8835-1096,Charles Fisher,Charles,Fisher,,200,
0000-0002-8835-9063,Fardin Aryan,Fardin,Aryan,,200,
0000-0002-8838-8243,Sk Mizanul  Haque,Sk Mizanul ,Haque,,200,
0000-0002-8839-0503,Katherine Mika,Katherine,Mika,,200,
0000-0002-8843-2099,DOO WOONG LEE,DOO WOONG,LEE,,200,
0000-0002-8843-5468,John D. Rolston,John,Rolston,John D. Rolston,200,
0000-0002-8844-2246,Kathryn Davidson,Kathryn,Davidson,,200,
0000-0002-8844-9915,M Benjamin Sabath,M Benjamin,Sabath,,200,
0000-0002-8845-5952,Vanessa Romanelli Tavares,Vanessa,Romanelli Tavares,,200,
0000-0002-8846-2781,Chenjing Yang,Chenjing,Yang,,200,
0000-0002-8849-6500,Caio Cesar Esteves de Souza,Caio Cesar,Esteves de Souza,,200,
0000-0002-8849-808X,Ioannis S Vlachos,Ioannis,Vlachos,Ioannis S Vlachos,200,
0000-0002-8852-7602,Lauren A. Rutter,Lauren,Rutter,Lauren A. Rutter,200,
0000-0002-8853-1900,Arthur Chrysostomo,Arthur,Chrysostomo,,200,
0000-0002-8853-8379,Huihui Huang,Huihui,Huang,,200,
0000-0002-8854-4082,Kirsten Walters,Kirsten,Walters,,200,
0000-0002-8858-2484,Francesco Mottes,Francesco,Mottes,,200,
0000-0002-8858-4471,Guosong Hong,Guosong,Hong,,200,
0000-0002-8858-9096,Penelope Hallett,Penelope,Hallett,,200,
0000-0002-8859-3861,Kyle Nelson,Kyle,Nelson,,200,
0000-0002-8859-6974,John Messinger,John,Messinger,,200,
0000-0002-8861-5450,Jiyun Zhu,Jiyun,Zhu,,200,
0000-0002-8862-1236,Bharati Kochar,Bharati,Kochar,,200,
0000-0002-8864-2379,Matthew Gardiner,Matthew,Gardiner,,200,
0000-0002-8864-5473,Giuseppe Ricciardi,Giuseppe,Ricciardi,,200,
0000-0002-8865-1101,Kyla Gabriel,Kyla Gabriel,,,200,
0000-0002-8866-3532,Ryan McNamara,Ryan,McNamara,,200,
0000-0002-8866-8667,Daniel Low,Daniel,Low,,200,
0000-0002-8868-1124,J. Christopher Polanco Santana,J. Christopher,Polanco Santana,,200,
0000-0002-8868-3365,Isabel del Carmen Quintana,Isabel del Carmen,Quintana,,200,
0000-0002-8870-3805,Shazia Bano,Shazia,Bano,,200,
0000-0002-8871-8759,Areti Kotsoni,Areti,Kotsoni,,200,
0000-0002-8872-5908,Frederique C. Corbett,Frederique,Corbett,Frederique C. Corbett,200,
0000-0002-8876-5248,Zihao Wu,Zihao,Wu,,200,
0000-0002-8877-622X,Nazgol Tavabi,Nazgol,Tavabi,,200,
0000-0002-8883-2172,Eske M. Pedersen,Eske,Pedersen,Eske M. Pedersen,200,
0000-0002-8883-3255,Mohamed Raouf Seyam,Mohamed Raouf,Seyam,,200,
0000-0002-8884-806X,SUMEDH ANATHPINDIKA,SUMEDH,ANATHPINDIKA,,200,
0000-0002-8885-2800,Vernon Reinhold,Vernon,Reinhold,,200,
0000-0002-8890-5351,Euncheon Lim,Euncheon,Lim,,200,
0000-0002-8891-3714,Sreelakshmi K. Sreenivasamurthy,Sreelakshmi K.,Sreenivasamurthy,,200,
0000-0002-8893-1170,Bat-Erdene Jugder,Bat-Erdene,Jugder,,200,
0000-0002-8895-2609,Nathan Mathewson,Nathan,Mathewson,,200,
0000-0002-8895-9130,Georgios Theocharidis,Georgios,Theocharidis,,200,
0000-0002-8896-6138,Ting-Ying Huang,Ting-Ying,Huang,,200,
0000-0002-8897-3485,Yunjin Lee,Yunjin,Lee,,200,
0000-0002-8904-8515,Sharmila Sambanthamoorthy,Sharmila,Sambanthamoorthy,,200,
0000-0002-8905-0471,Ryan McMillan,Ryan,McMillan,,200,
0000-0002-8905-7745,Tarek Nafee,Tarek,Nafee,,200,
0000-0002-8908-6968,Padhraig Gormley,Padhraig,Gormley,,200,
0000-0002-8909-3586,Ali Raja,Ali,Raja,,200,
0000-0002-8909-4546,"Neriya-Ben Shahar, Rivka",Rivka,Neriya-Ben Shahar,"Neriya-Ben Shahar, Rivka",200,
0000-0002-8909-639X,German Bender,German,Bender,,200,
0000-0002-8910-5153,Amani Carson,Amani,Carson,,200,
0000-0002-8913-1300,Fang Zhou,Fang,Zhou,,200,
0000-0002-8914-1306,Mary Norris,Mary,Norris,,200,
0000-0002-8915-4203,Antoine Duclos,Antoine,Duclos,,200,
0000-0002-8920-3415,Joshua Steinberg,Joshua,Steinberg,,200,
0000-0002-8921-0770,Yang Lu,Yang,Lu,,200,
0000-0002-8922-1955,Jeremy Richards,Jeremy,Richards,,200,
0000-0002-8922-9703,Jooeun Bae,Jooeun,Bae,,200,
0000-0002-8923-9151,Stefan Wuensch,Stefan,Wuensch,,200,
0000-0002-8924-4006,Chamith Fonseka,Chamith,Fonseka,,200,
0000-0002-8930-9287,Jin-Ah Park,Jin-Ah,Park,,200,
0000-0002-8933-2188,Lyndon P James,Lyndon,James,Lyndon P James,200,
0000-0002-8935-6147,Elizabeth Shlala,Elizabeth,Shlala,,200,
0000-0002-8936-6118,Jinen Guo,Jinen,Guo,,200,
0000-0002-8938-4164,Chi Zhang,Chi,Zhang,,200,
0000-0002-8939-8988,Richard M Walsh Jr,Richard,Walsh,Richard M Walsh Jr,200,
0000-0002-8939-9120,Junzhi Gong,Junzhi,Gong,,200,
0000-0002-8941-161X,Tsukasa Oda,Tsukasa,Oda,,200,
0000-0002-8944-5182,José Ignacio Nazif-Munoz,José Ignacio,Nazif-Munoz,,200,
0000-0002-8945-9250,Jim Leape,Jim,Leape,,200,
0000-0002-8946-0622,Anjum Khurshid,Anjum,Khurshid,,200,
0000-0002-8947-5605,Karolina Chwalek,Karolina,Chwalek,,200,
0000-0002-8948-9150,Miriam Jorgensen,Miriam,Jorgensen,,200,
0000-0002-8949-817X,Michael McKenna,Michael,McKenna,,200,
0000-0002-8954-8202,John Graves,John,Graves,,200,
0000-0002-8955-5832,Jiaxuan Liu,Jiaxuan,Liu,,200,
0000-0002-8955-8662,Heung Kim,Heung,Kim,,200,
0000-0002-8960-4200,Jason  Dou,Jason ,Dou,,200,
0000-0002-8961-488X,Jeanne-Marie Guise,Jeanne-Marie,Guise,,200,
0000-0002-8963-8048,Genevieve Simpson,Genevieve,Simpson,,200,
0000-0002-8965-1058,Steffie Woolhandler,Steffie,Woolhandler,,200,
0000-0002-8966-0480,Shamsun nahar Khan,Shamsun nahar,Khan,,200,
0000-0002-8967-3564,Sofia O.P. Blomqvist,Sofia,Blomqvist,Sofia O.P. Blomqvist,200,
0000-0002-8967-9237,Neguine Rezaii,Neguine,Rezaii,,200,
0000-0002-8968-2612,Anuraag Gopaluni,Anuraag,Gopaluni,,200,
0000-0002-8970-7373,SEUNGWON YANG,SEUNGWON,YANG,,200,
0000-0002-8971-7627,Neel Shah,Neel,Shah,,200,
0000-0002-8973-526X,Breda M. Zimkus,Breda,Zimkus,Breda M. Zimkus,200,
0000-0002-8973-6916,Zeynep  Hasgul,Zeynep ,Hasgul,,200,
0000-0002-8977-0954,Stuti Agarwal,Stuti,Agarwal,,200,
0000-0002-8981-227X,Debbie Teodorescu,Debbie,Teodorescu,,200,
0000-0002-8981-9906,john chuo,john,chuo,,200,
0000-0002-8983-6060,Patrick McKenzie,Patrick,McKenzie,,200,
0000-0002-8985-8489,Andrea Dupree,Andrea,Dupree,,200,
0000-0002-8986-5451,Mathieu A.  Goldman,Mathieu A. ,Goldman,,200,
0000-0002-8990-2611,Volker Schomerus,Volker,Schomerus,,200,
0000-0002-8992-8205,"Henrik Totterman, D.Sc.",Henrik,"Totterman, D.Sc.",,200,
0000-0002-8994-1258,Erik Larson,Erik,Larson,,200,
0000-0002-8994-9110,Iasha Khan,Iasha,Khan,,200,
0000-0002-8996-4898,Naoko Sugita,Naoko,Sugita,,200,
0000-0002-8996-7554,Scot Martin,Scot,Martin,,200,
0000-0002-8999-0957,Grant W. Turner,Grant,Turner,Grant W. Turner,200,
0000-0002-9002-1328,Chiara Victor,Chiara,Victor,,200,
0000-0002-9003-484X,David Charbonneau,David,Charbonneau,,200,
0000-0002-9003-6079,Thomas Dixon-McDougall,Thomas,Dixon-McDougall,,200,
0000-0002-9004-5960,Nikkitha Umesh Ganesh,Nikkitha,Umesh Ganesh,,200,
0000-0002-9009-1203,"Silva, Victo",Victo José,da Silva Neto,"Silva, Victo",200,
0000-0002-9014-5857,Alba Jiménez,Alba,Jiménez,,200,
0000-0002-9016-7917,Andrew Field,Andrew,Field,,200,
0000-0002-9017-894X,Obinna O Oleribe,Obinna,Oleribe,Obinna O Oleribe,200,
0000-0002-9018-4602,Eszter Poros,Eszter,Poros,,200,
0000-0002-9018-7109,Samuel Brill-Weil,Samuel,Brill-Weil,,200,
0000-0002-9018-8646,Donald Pfister,Donald,Pfister,,200,
0000-0002-9026-7598,Shiraz Hajiani,Shiraz,Hajiani,,200,
0000-0002-9029-5388,Dr. Patrice Derrington,Patrice,Derrington,Dr. Patrice Derrington,200,
0000-0002-9030-3667,David Wu,David,Wu,,200,
0000-0002-9032-0360,Veera Chandra Sekhar Reddy Chittepu,Veera Chandra Sekhar Reddy,Chittepu,,200,
0000-0002-9035-4405,Washingtone Ochieng,Washingtone,Ochieng,,200,
0000-0002-9036-0741,Kathrin Durizzo,Kathrin,Durizzo,,200,
0000-0002-9037-1862,Rebecca Wolfe,Rebecca,Wolfe,,200,
0000-0002-9044-4777,,,,,200,
0000-0002-9046-1366,Mustafa Talay,Mustafa,Talay,,200,
0000-0002-9048-3055,Andrei-Dragos Popescu,Andrei-Dragos,Popescu,,200,
0000-0002-9049-3712,Monioluwa Omolara Olaniyi,Monioluwa Omolara,Olaniyi,,200,
0000-0002-9053-1336,Emily Zhang,Emily,Zhang,,200,
0000-0002-9053-3761,Geoffrey R. Kirsch,Geoffrey R.,Kirsch,,200,
0000-0002-9054-7389,Maren Wright Voss,Maren Wright,Voss,,200,
0000-0002-9055-8109,Mulin He,Mulin,He,,200,
0000-0002-9056-4488,Jung Hyun Choi,Jung Hyun,Choi,,200,
0000-0002-9056-4875,julio regueiro-delgado,julio,regueiro-delgado,,200,
0000-0002-9058-1595,Andrew Hertsenberg,Andrew,Hertsenberg,,200,
0000-0002-9058-4964,Xiang Deng,Xiang,Deng,,200,
0000-0002-9066-1966,Pengfei Zhang,Pengfei,Zhang,,200,
0000-0002-9068-9205,Kevin Riley,Kevin,Riley,,200,
0000-0002-9070-2780,Francesca V. Ponce,Francesca V.,Ponce,,200,
0000-0002-9074-5713,Andrew Cunningham,Andrew,Cunningham,,200,
0000-0002-9074-8375,Bola Hanna,Bola,Hanna,,200,
0000-0002-9075-4652,Hans Chow,Hans,Chow,,200,
0000-0002-9076-5829,Wingel Xue,Wingel,Xue,,200,
0000-0002-9076-9010,Luis Lopez,Luis,Lopez,,200,
0000-0002-9076-9897,YAN-CHENG WEI,YAN-CHENG,WEI,,200,
0000-0002-9080-9254,Aditya Bandekar,Aditya,Bandekar,,200,
0000-0002-9084-9328,Feng Xiao,Feng,Xiao,,200,
0000-0002-9084-9627,Douglas Dahl,Douglas,Dahl,,200,
0000-0002-9089-2617,Simon Yuan Wang,Simon Yuan,Wang,,200,
0000-0002-9089-7370,Thi Thu Huong Nguyen,Thi Thu Huong,Nguyen,,200,
0000-0002-9090-4307,Timothy Carroll,Timothy,Carroll,,200,
0000-0002-9093-0505,Hannah L. Phillips,Hannah,Phillips,Hannah L. Phillips,200,
0000-0002-9095-1496,Jessica W Chen,Jessica,Chen,Jessica W Chen,200,
0000-0002-9095-278X,Matteo Paradisi,Matteo,Paradisi,,200,
0000-0002-9095-6377,Mustafa Korkutata,Mustafa,Korkutata,,200,
0000-0002-9097-759X,Ann Symonds,Ann,Symonds,,200,
0000-0002-9102-6155,Reza Fazel,Reza,Fazel,,200,
0000-0002-9105-1078,Francesco Anselmetti,Francesco,Anselmetti,,200,
0000-0002-9105-317X,Xin Liu,Xin,Liu,,200,
0000-0002-9106-6966,Talia Shoshany,Talia,Shoshany,,200,
0000-0002-9107-5432,Oleg Pianykh,Oleg,Pianykh,,200,
0000-0002-9107-5731,Andy Wu,Andy,Wu,,200,
0000-0002-9108-3328,Maximillian Gabriel Marin,Maximillian Gabriel,Marin,Maximillian Gabriel Marin,200,
0000-0002-9109-051X,Christian K.O Dzuvor,Christian K.O,Dzuvor,,200,
0000-0002-9110-7633,HAIXIA LI,HAIXIA,LI,,200,
0000-0002-9111-6484,Carola Suarez-Orozco,Carola,Suarez-Orozco,,200,
0000-0002-9112-2331,Gerald Pier,Gerald,Pier,,200,
0000-0002-9114-3896,R. Noah Padgett,R. Noah,Padgett,,200,
0000-0002-9115-4720,Nara Andrade,Nara,Andrade,,200,
0000-0002-9116-6828,Katelin Morrissette,Katelin,Morrissette,,200,
0000-0002-9117-2785,Ahmad Greene-Hayes,Ahmad,Greene-Hayes,,200,
0000-0002-9118-7936,Erin E. Sullivan,Erin,Sullivan,Erin E. Sullivan,200,
0000-0002-9120-8434,Bin Zhu,Bin,Zhu,,200,
0000-0002-9121-5319,Kee B. Park,Kee,PARK,Kee B. Park,200,
0000-0002-9123-240X,Sandy Wong,Sandy,Wong,,200,
0000-0002-9124-147X,Kevin Kuo,Kevin,Kuo,,200,
0000-0002-9128-3012,Catherine Marinac,Catherine,Marinac,,200,
0000-0002-9134-6570,Julia Eddelbuettel,Julia,Eddelbuettel,,200,
0000-0002-9134-8082,Ali R. Zomorrodi,Ali,Zomorrodi,Ali R. Zomorrodi,200,
0000-0002-9138-4710,Nicoletta Ninkovic,Nicoletta,Ninkovic,,200,
0000-0002-9139-322X,Yuri Pompeu,Yuri,Pompeu,,200,
0000-0002-9141-4043,M. A. Thomas,Melissa,Thomas,M. A. Thomas,200,
0000-0002-9143-1935,Arius Lauren Raposas,Arius Lauren,Raposas,,200,
0000-0002-9144-5376,Marius Berman,Marius,Berman,,200,
0000-0002-9144-6950,Lauren Hoffman,Lauren,Hoffman,,200,
0000-0002-9146-4227,Samuel Maldonado,Samuel,Maldonado,,200,
0000-0002-9146-7938,Rachel Martino,Rachel,Martino,,200,
0000-0002-9147-6973,Fang-Yi Su,Fang-Yi,Su,,200,
0000-0002-9148-3620,Daisy Ji,Daisy,Ji,,200,
0000-0002-9151-9873,Ruchita Balasubramanian,Ruchita,Balasubramanian,,200,
0000-0002-9152-3194,Christos Bergeles,Christos,Bergeles,,200,
0000-0002-9157-9585,Gregory Curfman,Gregory,Curfman,,200,
0000-0002-9160-9713,Dante Avalos,Dante,Avalos,,200,
0000-0002-9161-0335,Kevin Alexander Soltany,Kevin,Soltany,Kevin Alexander Soltany,200,
0000-0002-9161-5945,Jose A. Aceves-Salvador,Jose,Aceves Salvador,Jose A. Aceves-Salvador,200,
0000-0002-9162-1886,Vahid Karamzadeh,Vahid,Karamzadeh,,200,
0000-0002-9162-602X,Peter DiRoma,Peter,DiRoma,,200,
0000-0002-9171-0723,James Woods,James,Woods,,200,
0000-0002-9174-2303,Bethany Kotlar,Bethany,Kotlar,,200,
0000-0002-9175-8321,Amie Alley Pollack,Amie,Pollack,Amie Alley Pollack,200,
0000-0002-9177-054X,Rachelle Gaudet,Rachelle,Gaudet,,200,
0000-0002-9178-4386,Aditya Pawar,Aditya,Pawar,,200,
0000-0002-9179-9705,Thaisa Way,Thaisa,Way,,200,
0000-0002-9180-8907,Braeden Mair,Braeden,Mair,,200,
0000-0002-9181-9702,Tejas Shivkumar,Tejas,Shivkumar,,200,
0000-0002-9182-4720,Deepak Kalra,Deepak,Kalra,,200,
0000-0002-9183-016X,Thomas Tsai,Thomas,Tsai,,200,
0000-0002-9183-8698,Jing Chen,Jing,Chen,,200,
0000-0002-9185-0427,Joseph J. Taylor,Joseph,Taylor,Joseph J. Taylor,200,
0000-0002-9187-3100,Eduardo Novais,Eduardo,Novais,,200,
0000-0002-9188-7131,Stephen Chong,Stephen,Chong,,200,
0000-0002-9192-1811,Germán David Orbegozo Rodríguez,Germán David,Orbegozo Rodríguez,,200,
0000-0002-9192-3681,Michael Beer,Michael,Beer,,200,
0000-0002-9194-7624,yanchen liu,yanchen,liu,,200,
0000-0002-9196-1610,Yuyu Song,Yuyu,Song,Yuyu Song,200,
0000-0002-9198-2980,Jutatip Panaampon,Jutatip,Panaampon,,200,
0000-0002-9198-8039,Ron Alkalay,Ron,Alkalay,,200,
0000-0002-9198-824X,Jordan Kruguer,Jordan,Kruguer,,200,
0000-0002-9200-1566,David Hava,David,Hava,,200,
0000-0002-9200-322X,Lisa Situ,Lisa,Situ,,200,
0000-0002-9202-1428,David Ferenbach,David,Ferenbach,,200,
0000-0002-9202-2236,Christina Ciocca Eller,Christina,Ciocca Eller,,200,
0000-0002-9203-5539,Lamei Wang,Lamei,Wang,Lamei Wang,200,
0000-0002-9203-8094,Edward Chouchani,Edward,Chouchani,,200,
0000-0002-9207-7026,Jaeyul Lee,Jaeyul,Lee,,200,
0000-0002-9208-2511,Christopher S Morrow,Christopher,Morrow,Christopher S Morrow,200,
0000-0002-9208-5157,Michael Scott,Michael,Scott,,200,
0000-0002-9210-0441,Haipeng Guan,Haipeng,Guan,,200,
0000-0002-9210-2922,Jessica Lehoczky,Jessica,Lehoczky,,200,
0000-0002-9211-7227,Michael McCarthy,Michael,McCarthy,,200,
0000-0002-9211-7657,Néstor Cuevas,Néstor,Cuevas,,200,
0000-0002-9216-8980,Lenon Mendes Pereira,Lenon,Mendes Pereira,,200,
0000-0002-9217-3982,Stephen V Faraone,Stephen V,Faraone,,200,
0000-0002-9217-7406,Jyoti Dev,Jyoti,Dev,Jyoti Dev,200,
0000-0002-9218-2643,Jakob Heinz,Jakob,Heinz,,200,
0000-0002-9219-2323,Muhammed Miran Öncel,Muhammed Miran,Öncel,,200,
0000-0002-9220-9025,Robert C. Threlkeld,Robert,Threlkeld,Robert C. Threlkeld,200,
0000-0002-9222-1518,Haylee Ham,Haylee,Ham,,200,
0000-0002-9223-8512,Soyoung Lee,Soyoung,Lee,,200,
0000-0002-9224-9342,Christopher R. O'Connor,Christopher,O'Connor,Christopher R. O'Connor,200,
0000-0002-9225-9786,Pernille P Konow,Pernille P,Konow,Pernille P Konow,200,
0000-0002-9228-8325,Shih Yee-Marie Tan Gipson,Shih Yee-Marie Tan,Gipson,Shih Yee-Marie Tan Gipson,200,
0000-0002-9231-3658,Richard Lewis,Richard,Lewis,,200,
0000-0002-9232-295X,Jieun Baek,Jieun,Baek,,200,
0000-0002-9239-0469,Dipa Ghindani,Dipa,Ghindani,,200,
0000-0002-9239-7476,Izzuddin M Aris,Izzuddin,Aris,Izzuddin M Aris,200,
0000-0002-9240-4381,Daniel Aillaud De Uriarte,Daniel,Aillaud De Uriarte,,200,
0000-0002-9244-0307,Allison Nash,Allison,Nash,,200,
0000-0002-9248-6524,Ran Jing,Ran,Jing,,200,
0000-0002-9248-8503,Rong Ma,Rong,Ma,,200,
0000-0002-9249-564X,Ine Mesia,Ine,Mesia,Ine Mesia,200,
0000-0002-9251-3430,Elaine Scarry,Elaine,Scarry,,200,
0000-0002-9252-1721,Yarden Samuel Fraiman,Yarden,Fraiman,Yarden Samuel Fraiman,200,
0000-0002-9253-2375,Shijun Deng,Shijun,Deng,,200,
0000-0002-9253-7782,Paola Cecchi-Dimeglio,Paola,Cecchi-Dimeglio,,200,
0000-0002-9254-5635,João  Roque do Vale Afonso,João ,Roque do Vale Afonso,,200,
0000-0002-9254-8529,Rana Shahout,Rana,Shahout,,200,
0000-0002-9261-5680,Associate Professor Dr. Majdi Khaleeli,Associate Professor Dr. Majdi,Khaleeli,,200,
0000-0002-9262-531X,Thiri Aung,Thiri,Aung,,200,
0000-0002-9264-3294,Jimmy Ching-Cheng Hsu,Jimmy C.,Hsu,Jimmy Ching-Cheng Hsu,200,
0000-0002-9271-8807,Wilson Gomarga,Wilson,Gomarga,,200,
0000-0002-9273-7506,Graham Dempsey,Graham,Dempsey,,200,
0000-0002-9274-4976,Ioanna Fampiou,Ioanna,Fampiou,,200,
0000-0002-9275-2271,Emmanouil Theodosis,Emmanouil,Theodosis,,200,
0000-0002-9284-9129,Gaya Herrington,Gaya,Branderhorst,Gaya Herrington,200,
0000-0002-9288-7766,Alejandra S.  Laureano,Alejandra S. ,Laureano,,200,
0000-0002-9289-5213,Yossef  Baidi,Yossef ,Baidi,,200,
0000-0002-9292-5670,Minttu Rönn,Minttu,Rönn,,200,
0000-0002-9293-2088,Molly K Gabler-Smith,Molly,Gabler-Smith,Molly K Gabler-Smith,200,
0000-0002-9293-4382,Elaine Reichert Raguram,Elaine,Reichert Raguram,Elaine Reichert Raguram,200,
0000-0002-9297-2848,Eunhee Kim,Eunhee,Kim,,200,
0000-0002-9297-5758,Lauren Zichittella,Lauren,Zichittella,,200,
0000-0002-9298-4806,Adrian Bebenek,Adrian,Bebenek,,200,
0000-0002-9298-6991,Amy O'Connell,Amy,O'Connell,,200,
0000-0002-9299-3921,John Choi,John,Choi,,200,
0000-0002-9300-5550,Cale Jacobs,Cale,Jacobs,,200,
0000-0002-9300-8014,Basit Salik Ph.D.,Basit,Salik,Basit Salik Ph.D.,200,
0000-0002-9301-9928,Alexis Giff,Alexis,Giff,,200,
0000-0002-9302-0400,Poyin Chen,Poyin,Chen,,200,
0000-0002-9303-0529,Celia Reddick,Celia,Reddick,,200,
0000-0002-9303-1046,Jicheng Yang,Jicheng,Yang,,200,
0000-0002-9303-6963,Jillian Davis,Jillian,Davis,,200,
0000-0002-9306-8703,Albert Chen,Albert,Chen,,200,
0000-0002-9308-1617,Nitin Kumar,Nitin,Kumar,,200,
0000-0002-9308-4607,Rafael Rojas,Rafael,Rojas,,200,
0000-0002-9314-2889,Stefania Milan,Stefania,Milan,,200,
0000-0002-9314-8041,Mack Su,Mack,Su,,200,
0000-0002-9319-7097,David Helekal,David,Helekal,,200,
0000-0002-9322-6169,jennie weiner,jennie,weiner,,200,
0000-0002-9323-3924,Hidetoshi Nomoto,Hidetoshi,Nomoto,,200,
0000-0002-9324-3815,Julian Arango-Ochoa,Julian,Arango-Ochoa,,200,
0000-0002-9325-0126,Ogwo chukwuebuka E,Chukwuebuka Elozona,Ogwo,Ogwo chukwuebuka E,200,
0000-0002-9329-1876,Alan Kabat,Alan,Kabat,,200,
0000-0002-9331-0520,Carrie Whittle,Carrie,Whittle,Carrie Whittle,200,
0000-0002-9333-3554,Runyu Zhang,Runyu,Zhang,,200,
0000-0002-9335-0282,Joanne Clark-Matott,Joanne,Clark-Matott,Joanne Clark-Matott,200,
0000-0002-9337-2780,Maxwell Su,Maxwell,Su,,200,
0000-0002-9337-8226,Shaan McGhie,Shaan,McGhie,,200,
0000-0002-9339-8737,Charles Hutchison,Charles,Hutchison,,200,
0000-0002-9342-523X,Ronghua Bei,Ronghua,Bei,,200,
0000-0002-9344-5185,Surabhi Vora,Surabhi,Vora,,200,
0000-0002-9344-7236,goreau Goreau,goreau,Goreau,,200,
0000-0002-9345-4516,Mallika Mendu,Mallika,Mendu,,200,
0000-0002-9345-5834,Payman Zamani,Payman,Zamani,,200,
0000-0002-9346-5506,Jake Colloff,Jake,Colloff,,200,
0000-0002-9347-0647,José I Rojas Echenique,José,Rojas Echenique,José I Rojas Echenique,200,
0000-0002-9348-6542,Brian Perkins,Brian,Perkins,,200,
0000-0002-9348-7131,Dr Mark Fernando,Mark,Fernando,Dr Mark Fernando,200,
0000-0002-9350-7868,Rahil Ukani,Rahil,Ukani,,200,
0000-0002-9354-5514,Tiffany Riebel,Tiffany,Riebel,,200,
0000-0002-9355-4867,Mohammed Mostafizur Rahman,Mohammed Mostafizur,Rahman,,200,
0000-0002-9358-111X,Yanqiong Zhang,Yanqiong,Zhang,,200,
0000-0002-9358-4230,Mihael Cudic,Mihael,Cudic,,200,
0000-0002-9358-4759,Yanfei Wang,Yanfei,Wang,,200,
0000-0002-9359-1641,Mostafa Al-Alusi,Mostafa,Al-Alusi,,200,
0000-0002-9359-5503,Gabriel Cardenas-Chirivi,Gabriel,Cardenas-Chirivi,,200,
0000-0002-9359-8907,James Bohnslav,James,Bohnslav,,200,
0000-0002-9359-9862,Brandon M. Campbell,Brandon M.,Campbell,Brandon M. Campbell,200,
0000-0002-9363-8710,Uwe  Gielen,Uwe ,Gielen,,200,
0000-0002-9363-9190,Francesca Buffone,Francesca,Buffone,,200,
0000-0002-9363-9633,Taylor Copeland,Taylor,Copeland,,200,
0000-0002-9368-3765,Alexander Murphy,Alexander,Murphy,,200,
0000-0002-9371-8593,Max DeCurtins,Max,DeCurtins,,200,
0000-0002-9372-9313,Mi-Kyoung Seo,Mikyoung,Seo,Mi-Kyoung Seo,200,
0000-0002-9374-031X,kathryn isaac,kathryn,isaac,,200,
0000-0002-9374-103X,Chadi A. El Farran,Chadi A.,El Farran,,200,
0000-0002-9375-0446,Alexandra Forman,Alexandra,Forman,,200,
0000-0002-9376-3773,Alexandru Bacanu,Alexandru,Bacanu,,200,
0000-0002-9377-0877,Rahina Muazu,Rahina,Muazu,,200,
0000-0002-9380-8548,Paul M.C. Park,paul,park,Paul M.C. Park,200,
0000-0002-9382-0141,Francesca Dominici,Francesca,Dominici,,200,
0000-0002-9386-6860,Christopher T. Kenny,Christopher,Kenny,Christopher T. Kenny,200,
0000-0002-9387-1168,Ross Perfetti,Ross,Perfetti,Ross Perfetti,200,
0000-0002-9387-1387,Lindsey Brown,Lindsey,Brown,,200,
0000-0002-9387-8212,Lee Gehrke,Lee,Gehrke,,200,
0000-0002-9389-2030,Andrew Kane,Andrew,Kane,,200,
0000-0002-9389-9996,Trevor Krolak,Trevor,Krolak,,200,
0000-0002-9390-4687,Vinay Mannam,Vinay,Mannam,,200,
0000-0002-9392-0062,Laura Bagamery,Laura,Bagamery,,200,
0000-0002-9392-1209,Gabriel Lovinger,Gabriel,Lovinger,,200,
0000-0002-9392-6325,ROLAND BRUSSEAU,ROLAND,BRUSSEAU,,200,
0000-0002-9394-1381,Steven Criss,Steven,Criss,,200,
0000-0002-9395-7148,Alireza Gholipour,Alireza,Gholipour,,200,
0000-0002-9398-9473,Shyam Bharti,Shyam,Bharti,,200,
0000-0002-9400-3098,Hee-Young Kim,Hee-Young,Kim,Hee-Young Kim,200,
0000-0002-9404-0489,Ahmad I. Alomari,Ahmad Ibrahim,Alomari,Ahmad I. Alomari,200,
0000-0002-9407-6326,George Stamatiades,George,Stamatiades,,200,
0000-0002-9408-4676,Steen Hansen,Steen,Hansen,,200,
0000-0002-9408-5775,Jonathan Ross Gilbert,Jonathan Ross,Gilbert,Jonathan Ross Gilbert,200,
0000-0002-9412-1668,Iman Aboelsaad,Iman,Aboelsaad,,200,
0000-0002-9412-7349,Pushpa Narayanaswami,Pushpa,Narayanaswami,,200,
0000-0002-9412-8800,Carlos Beyrodt Paiva Neto,Carlos,Beyrodt Paiva Neto,,200,
0000-0002-9412-9766,Selina Bopp,Selina,Bopp,,200,
0000-0002-9414-7999,Mitch Nakaue,Mitch,Nakaue,,200,
0000-0002-9417-5682,Amit Goldenberg,Amit,Goldenberg,,200,
0000-0002-9418-6840,Philip Hanna,Philip,Hanna,,200,
0000-0002-9419-2650,Yawei Kong,Yawei,Kong,,200,
0000-0002-9419-3565,Daniel Olal,Daniel,Olal,,200,
0000-0002-9419-5675,Lukas Heger,Lukas,Heger,,200,
0000-0002-9425-1059,PATRIZIA VANNINI,PATRIZIA,VANNINI,,200,
0000-0002-9426-7595,JoAnn Manson,JoAnn,Manson,,200,
0000-0002-9433-8541,Hankyung Jun,Hankyung,Jun,,200,
0000-0002-9434-5207,Daniel Michelson,Daniel,Michelson,,200,
0000-0002-9441-8605,Alvin Silk,Alvin,Silk,,200,
0000-0002-9442-2604,Daniel Jiang Stein,Daniel,Stein,Daniel Jiang Stein,200,
0000-0002-9443-3928,Elisabeth Riviello,Elisabeth,Riviello,,200,
0000-0002-9444-4627,Scott Y. H. Kim,Scott,Kim,Scott Y. H. Kim,200,
0000-0002-9450-3973,Juliet McCann,Juliet,McCann,,200,
0000-0002-9457-1036,Weidong Xu,Weidong,Xu,,200,
0000-0002-9457-4560,bihui zhu,bihui,zhu,,200,
0000-0002-9458-2093,Jessica Cohen,Jessica,Cohen,,200,
0000-0002-9458-4988,Sotiris Vandoros,Sotiris,Vandoros,,200,
0000-0002-9459-2224,brian swann,brian,swann,,200,
0000-0002-9462-3051,Sarah Richardson,Sarah,Richardson,,200,
0000-0002-9463-6530,Su Wang,Su,Wang,,200,
0000-0002-9465-5635,Ian Corbin,Ian,Corbin,,200,
0000-0002-9467-334X,Cesar Rodrigo Zoni,Cesar Rodrigo,Zoni,,200,
0000-0002-9467-8394,W. Eamon Callison,William,Callison,W. Eamon Callison,200,
0000-0002-9468-3863,Mark Wright,Mark,Wright,,200,
0000-0002-9469-6437,Eishi Aizawa,Eishi,Aizawa,,200,
0000-0002-9473-8115,Sara Neill,Sara,Neill,,200,
0000-0002-9474-1867,Adela Roa-Varon,Adela,Roa-Varon,,200,
0000-0002-9474-7679,Stuart Quan,Stuart,Quan,,200,
0000-0002-9475-0798,Angela Kim,Angela,Kim,,200,
0000-0002-9481-6304,Verma Pushpa,Pushpa,Verma,Verma Pushpa,200,
0000-0002-9484-8621,Mary May,Mary,May,,200,
0000-0002-9486-2319,Ioana Da Silva,Ioana,Da Silva,Ioana Da Silva,200,
0000-0002-9487-570X,Qin Tang,Qin,Tang,,200,
0000-0002-9491-1424,Ademi Zhakyp,Ademi,Zhakyp,,200,
0000-0002-9493-5784,Qian Cong,Qian,Cong,,200,
0000-0002-9494-4883,Shi Chen,Shi,Chen,,200,
0000-0002-9495-4395,Xavier Symons,Xavier,Symons,,200,
0000-0002-9500-1887,Arjun Pillai,Arjun,Pillai,,200,
0000-0002-9500-8907,Travis Gerke,Travis,Gerke,,200,
0000-0002-9501-3845,Katherine Angier,Katherine,Angier,,200,
0000-0002-9503-0258,Marcela Gutierrez Bernal,Marcela,Gutierrez Bernal,,200,
0000-0002-9506-9646,Paola Jhong,Paola,Jhong,,200,
0000-0002-9508-3026,Salem Akkar,Salem,Akkar,,200,
0000-0002-9508-7326,Ruoshi Yuan,Ruoshi,Yuan,,200,
0000-0002-9508-757X,David Grossman,David,Grossman,,200,
0000-0002-9510-5686,Michal Beth Dinkler,Michal Beth,Dinkler,,200,
0000-0002-9512-4924,Min Ji Choi,Min Ji,Choi,,200,
0000-0002-9512-7121,Fan Yang,Fan,Yang,,200,
0000-0002-9512-9821,Tomoki Matsuno,Tomoki,Matsuno,,200,
0000-0002-9513-2019,Benedikt Schwarz,Benedikt,Schwarz,,200,
0000-0002-9517-5393,Allison Baker,Allison,Baker,,200,
0000-0002-9518-111X,José Pedro Lavrador,José Pedro,Lavrador,,200,
0000-0002-9518-8952,MUSTAFA UNAL,MUSTAFA,UNAL,,200,
0000-0002-9523-2597,Xuan Hoang Le,Xuan Hoang,Le,,200,
0000-0002-9523-9537,Barrak Alahmad,Barrak,Alahmad,,200,
0000-0002-9525-7380,Jaewon Oh,Jaewon,Oh,,200,
0000-0002-9530-196X,Jing Yang,Jing,Yang,,200,
0000-0002-9544-3466,Bongmin Bae,Bongmin,Bae,,200,
0000-0002-9546-3635,Wei Meng,Wei,Meng,,200,
0000-0002-9548-2588,Bo Yuan,Bo,Yuan,,200,
0000-0002-9548-3281,Poornima Kumar,Poornima,Kumar,,200,
0000-0002-9549-4255,Fei Du,Fei,Du,,200,
0000-0002-9552-5613,Souvik Mandal,Souvik,Mandal,,200,
0000-0002-9557-3754,Raquel N Taddei,Raquel Natalia,Taddei,Raquel N Taddei,200,
0000-0002-9558-1826,James Edward Jordan Campbell,James Edward Jordan,Campbell,,200,
0000-0002-9563-342X,shacheng wang,shacheng,wang,,200,
0000-0002-9564-2107,Khairul I Ansari,Khairul I,Ansari,,200,
0000-0002-9564-9894,Laura M. Cox,Laura,Cox,Laura M. Cox,200,
0000-0002-9565-8707,Jonas Rüegg,Jonas,Rüegg,,200,
0000-0002-9569-2438,Rakesh Kumar Yadav,Rakesh Kumar,Yadav,,200,
0000-0002-9570-3416,James Martenson,James,Martenson,,200,
0000-0002-9576-477X,Alan J. Wolf,Alan,Wolf,Alan J. Wolf,200,
0000-0002-9576-9589,Mark Lee,Mark,Lee,,200,
0000-0002-9578-1596,Anne Louise Oaklander,Anne Louise,Oaklander,,200,
0000-0002-9578-3129,Nino Ephremidze,Nino,Ephremidze,,200,
0000-0002-9581-6568,Angela G. Winegar,Angela G.,Winegar,Angela G. Winegar,200,
0000-0002-9582-6950,Zhipeng Tao,Zhipeng,Tao,,200,
0000-0002-9585-0256,Alexandra Bartlett,Alexandra,Bartlett,,200,
0000-0002-9585-9242,Jingyi Zhang,Jingyi,Zhang,,200,
0000-0002-9593-269X,Clara Carus,Clara,Carus,,200,
0000-0002-9596-1407,C. J. Xin,Chen Jie,Xin,C. J. Xin,200,
0000-0002-9600-2558,Sara Lewis,Sara,Lewis,,200,
0000-0002-9600-5433,Jacob Zahm,Jacob,Zahm,,200,
0000-0002-9600-5820,Sudhina Guragain,Sudhina,Guragain,,200,
0000-0002-9600-924X,Laura D. Schell,Laura,Schell,Laura D. Schell,200,
0000-0002-9603-0874,Keiichi Homma,Keiichi,Homma,,200,
0000-0002-9604-9284,Clive Foss,Clive,Foss,,200,
0000-0002-9610-6330,David Systrom,David,Systrom,,200,
0000-0002-9613-7970,Stefan H. Olsen,Stefan,Olsen,Stefan H. Olsen,200,
0000-0002-9616-8363,Katherine ODonnell,Katherine,ODonnell,,200,
0000-0002-9618-0004,Eva Hobeika,Eva,Hobeika,,200,
0000-0002-9619-537X,Kelly Krogh,Kelly,Krogh,,200,
0000-0002-9619-625X,Karita Haapasalo,Karita,Haapasalo,,200,
0000-0002-9620-7107,Lukas Klic,Lukas,Klic,,200,
0000-0002-9621-6716,Davide Cacchiarelli,Davide,Cacchiarelli,,200,
0000-0002-9622-8370,Dang Nguyen,Dang,Nguyen,,200,
0000-0002-9624-3976,Karl Petri,Karl,Petri,,200,
0000-0002-9625-1183,Luciano G. Martelotto,Luciano,Martelotto,Luciano G. Martelotto,200,
0000-0002-9625-6259,Ali Hashemi Gheinani,Ali,Hashemi Gheinani,Ali Hashemi Gheinani,200,
0000-0002-9629-4650,Rakel Halldórsdóttir,Rakel,Halldórsdóttir,,200,
0000-0002-9630-7917,Giri Gopalan,Giri,Gopalan,,200,
0000-0002-9631-7824,Ayse Nur Koyun,Ayse Nur,Koyun,,200,
0000-0002-9633-3541,Krinio Giannikou,Krinio,Giannikou,,200,
0000-0002-9634-0303,Carolyn Elya,Carolyn,Elya,,200,
0000-0002-9634-7695,Chase Samsel,Chase,Samsel,,200,
0000-0002-9640-9278,Gordon Fishell,Gordon,Fishell,,200,
0000-0002-9642-1787,XI ZHANG,XI,ZHANG,,200,
0000-0002-9643-2822,Lifei Huang,Lifei,Huang,,200,
0000-0002-9645-5899,Kyosuke Yanagawa,Kyosuke,Yanagawa,,200,
0000-0002-9648-9319,Lydia Shrier,Lydia,Shrier,,200,
0000-0002-9652-1307,Christine Laine,Christine,Laine,,200,
0000-0002-9658-4703,Ji Wook Kim,Ji Wook,Kim,,200,
0000-0002-9661-1396,Jon Haitz Legarreta Gorroño,Jon Haitz,Legarreta Gorroño,,200,
0000-0002-9661-6998,Coren Apicella,Coren,Apicella,,200,
0000-0002-9663-4387,Ana Filipa Geraldo,Ana Filipa,Geraldo da Silva Couceiro,Ana Filipa Geraldo,200,
0000-0002-9664-5983,Farees Saqlain,Farees,Saqlain,,200,
0000-0002-9665-1101,Isabella Del Priore,Isabella,Del Priore,,200,
0000-0002-9665-496X,David Perkins,David,Perkins,,200,
0000-0002-9666-5941,Robert A. Parker,Robert A.,Parker,,200,
0000-0002-9667-1081,Joonho Lee,Joonho,Lee,,200,
0000-0002-9667-6229,"Ugochukwu Uzoeghelu, MD, MPH",Ugochukwu,"Uzoeghelu, MD, MPH",,200,
0000-0002-9668-7091,Vajira Weerasekara,Vajira,Weerasekara,,200,
0000-0002-9670-1092,Sam Fuller,Samuel,Fuller,Sam Fuller,200,
0000-0002-9670-4074,Kristopher Kennedy,Kristopher,Kennedy,,200,
0000-0002-9672-1827,Sruthi Narayanan,Sruthi,Narayanan,,200,
0000-0002-9672-4841,JEREMY ROBBINS,JEREMY,ROBBINS,,200,
0000-0002-9672-8703,Gustavo Hessmann Dalaqua,Gustavo Hessmann,Dalaqua,,200,
0000-0002-9674-0067,Rohini Dutta,Rohini,Dutta,,200,
0000-0002-9675-3001,Lori Laffel,Lori,Laffel,,200,
0000-0002-9677-6932,Daniel Berger,Daniel,Berger,,200,
0000-0002-9682-4367,Jacqueline K Yuen,Jacqueline,Yuen,Jacqueline K Yuen,200,
0000-0002-9687-0101,Jiahong Li,Jiahong,Li,,200,
0000-0002-9688-5303,Benjamin Goldberg,Benjamin,Goldberg,,200,
0000-0002-9689-8171,Wilson Albieri Vieira,Wilson,Albieri Vieira,,200,
0000-0002-9690-632X,Andrew Gardner,Andrew,Gardner,,200,
0000-0002-9691-0417,Ewa Grassin,Ewa,Grassin,,200,
0000-0002-9691-3749,Alaa A Hazime,Alaa,Hazime,Alaa A Hazime,200,
0000-0002-9699-9204,Shengwen Calvin Li,Shengwen Calvin,Li,,200,
0000-0002-9700-3640,Randall Korman,Randall,Korman,,200,
0000-0002-9702-2999,Michael Ganz,Michael,Ganz,,200,
0000-0002-9702-9680,Mark R. Francis,Mark R.,Francis,,200,
0000-0002-9705-8035,Sebastián Bustos,Sebastián,Bustos,,200,
0000-0002-9706-8217,Theresa Connors Stewart,Theresa,Connors Stewart,Theresa Connors Stewart,200,
0000-0002-9708-6319,Nicholas William Ashton,Nicholas William,Ashton,,200,
0000-0002-9710-0248,Ali Rahnavard,Ali,Rahnavard,Ali Rahnavard,200,
0000-0002-9710-0483,Bhavna Chopra,Bhavna,Chopra,,200,
0000-0002-9710-3553,James McKenna,James,McKenna,,200,
0000-0002-9712-2615,Kosmas Kosmas,Kosmas,Kosmas,,200,
0000-0002-9712-4581,Rachel Daniels,Rachel,Daniels,,200,
0000-0002-9716-2502,Hayami Kikuchi Koga,Hayami Kikuchi,Koga,Hayami Kikuchi Koga,200,
0000-0002-9718-1797,Jason Young,Jason,Young,,200,
0000-0002-9720-8128,Kongju Zhu,Kongju,Zhu,,200,
0000-0002-9721-7817,Franziska Plessow,Franziska,Plessow,,200,
0000-0002-9725-4386,Emily M. Njuguna,Emily M.,Njuguna,,200,
0000-0002-9727-4539,Thomas Maldonado-Reis,Thomas,Maldonado-Reis,,200,
0000-0002-9728-9255,Robert Mudida,Robert,Mudida,,200,
0000-0002-9729-0926,Maria Bozoghlian,Maria,Bozoghlian,,200,
0000-0002-9729-3406,Joanna Suomi,Joanna,Suomi,,200,
0000-0002-9729-7271,John Mills,John,Mills,,200,
0000-0002-9729-832X,Jacqueline Rose St. Laurent,Jacqueline Rose,St. Laurent,,200,
0000-0002-9732-572X,Jake Rudin,Jake,Rudin,,200,
0000-0002-9734-5122,Anupam Jena,Anupam,Jena,,200,
0000-0002-9736-1480,James Marvel-Coen,James,Marvel-Coen,,200,
0000-0002-9736-2109,Arlene Sharpe,Arlene,Sharpe,,200,
0000-0002-9736-4964,Sarah Larsen,Sarah,Larsen,,200,
0000-0002-9738-6303,Ruyi Yang,Ruyi,Yang,,200,
0000-0002-9741-8790,James Roggeveen,James,Roggeveen,,200,
0000-0002-9742-7398,Katherine von Stackelberg,Katherine,von Stackelberg,,200,
0000-0002-9743-3843,Ashley Krenelka Chase,Ashley,Krenelka Chase,,200,
0000-0002-9744-6548,Sophia Li,Sophia,Li,,200,
0000-0002-9745-3342,Bennett Meier,Bennett,Meier,,200,
0000-0002-9750-0225,Siddhartha Jena,Siddhartha,Jena,,200,
0000-0002-9750-1615,Joseph Sodroski,Joseph,Sodroski,,200,
0000-0002-9750-543X,Liron David,Liron,David,,200,
0000-0002-9752-5377,David T. Wu,David,Wu,David T. Wu,200,
0000-0002-9754-8907,Daniel Jafferis,Daniel,Jafferis,,200,
0000-0002-9754-9790,Eric R. Louderback,Eric,Louderback,Eric R. Louderback,200,
0000-0002-9759-4540,Christopher Gaffney,Christopher,Gaffney,,200,
0000-0002-9761-1929,Wonsik Lee,Wonsik,Lee,,200,
0000-0002-9762-6557,Shoumen Bose Palit Austin Datta,Shoumen,Datta,Shoumen Bose Palit Austin Datta,200,
0000-0002-9762-8536,Elizabeth Mittendorf,Elizabeth,Mittendorf,,200,
0000-0002-9762-9010,Stefan Ostermann,Stefan,Ostermann,,200,
0000-0002-9763-9075,Vinay Rathi,Vinay,Rathi,,200,
0000-0002-9770-3209,Ryan Raffaelli,Ryan,Raffaelli,,200,
0000-0002-9771-0572,Michael Young,Michael,Young,,200,
0000-0002-9772-8799,Liviu Aron,Liviu,Aron,,200,
0000-0002-9773-0311,Charna D'Ardenne,Charna,D'Ardenne,,200,
0000-0002-9774-3446,Long Yuan,Long,Yuan,,200,
0000-0002-9776-4343,David Brewster,David,Brewster,,200,
0000-0002-9776-7114,Alexi Wright,Alexi,Wright,,200,
0000-0002-9779-0787,Konrad Juszkiewicz,Konrad,Juszkiewicz,,200,
0000-0002-9780-8035,Aaron Coe,Aaron,Coe,,200,
0000-0002-9781-6561,Soroush Saghafian,Soroush,Saghafian,,200,
0000-0002-9784-2305,Samuel Phelps,Samuel,Phelps,,200,
0000-0002-9788-4329,Cheng-Yen Wen,Cheng-Yen,Wen,,200,
0000-0002-9792-4271,Georg Lauer,Georg,Lauer,,200,
0000-0002-9793-1877,Evan Zheng,Evan,Zheng,,200,
0000-0002-9795-5633,Hao Xu,Hao,Xu,,200,
0000-0002-9796-1099,Tallessyn Z Grenfell-Lee,Tallessyn Z,Grenfell-Lee,,200,
0000-0002-9797-4244,Benjamin Green,Benjamin,Green,,200,
0000-0002-9802-2309,kai kang,kai,kang,,200,
0000-0002-9805-7675,Rômulo Nascimento Mundin,Rômulo,Nascimento Mundin,,200,
0000-0002-9806-9756,Raju Kucherlapati,Raju,Kucherlapati,,200,
0000-0002-9810-7767,Gustavo Yamada Fukusaki,Gustavo,Yamada Fukusaki,,200,
0000-0002-9811-457X,Helen Choi,Helen,Choi,,200,
0000-0002-9811-6997,Ted Kwartler,Ted,Kwartler,,200,
0000-0002-9815-1733,Asma Tchakal-Mesbahi,Asma,Tchakal-Mesbahi,,200,
0000-0002-9816-7452,Silvana Tenreyro,Silvana,Tenreyro,,200,
0000-0002-9817-541X,Daniel Russell Green,Daniel,Green,Daniel Russell Green,200,
0000-0002-9818-3639,Claudio Vinegoni,Claudio,Vinegoni,,200,
0000-0002-9819-8179,Georgios Polychronidis,Georgios,Polychronidis,,200,
0000-0002-9820-1526,WENDY PURCELL,WENDY,PURCELL,,200,
0000-0002-9825-1937,Kevin Fettel,Kevin,Fettel,,200,
0000-0002-9828-3816,Nick Petford,Nick,Petford,,200,
0000-0002-9829-6756,Adedeji Hammed Ajani,Adedeji Hammed,Ajani,,200,
0000-0002-9830-0997,Dominique Jullien,Dominique,Jullien,,200,
0000-0002-9830-9510,Eric Alan Isaacson,Eric Alan,Isaacson,,200,
0000-0002-9831-6905,Nicolas Vogel,Nicolas,Vogel,,200,
0000-0002-9833-1929,Kimberly Lindsey,Kimberly,Lindsey,,200,
0000-0002-9838-1862,Alejandro Soto-Gutierrez,Alejandro,Soto-Gutierrez,,200,
0000-0002-9840-7559,Clara Pons-Duran,Clara,Pons-Duran,,200,
0000-0002-9841-6789,Brian D. Mikolasko,Brian,Mikolasko,Brian D. Mikolasko,200,
0000-0002-9842-9045,Xiao Corey Ma,Xiao Corey,Ma,,200,
0000-0002-9845-3571,Danielle N. Poole,Danielle N.,Poole,,200,
0000-0002-9846-2945,Hillel Ori,Hillel,Ori,,200,
0000-0002-9849-1316,Dr. Kyla L. Tennin,Dr. Kyla L.,Tennin,,200,
0000-0002-9851-6376,Xiang Li,Xiang,Li,,200,
0000-0002-9854-545X,You Zhou,You,Zhou,,200,
0000-0002-9854-8079,Iris Jahng,Iris,Jahng,,200,
0000-0002-9855-4321,Lama Alabdulaaly,Lama,Alabdulaaly,,200,
0000-0002-9860-6080,Elena Rykova,Elena,Rykova,,200,
0000-0002-9860-6312,Anjali Gupta,Anjali,Gupta,,200,
0000-0002-9860-7374,Daniela Shuman,Daniela,Shuman,,200,
0000-0002-9865-121X,Albert Hofman,Albert,Hofman,Albert Hofman,200,
0000-0002-9865-4445,Daniel Gilbert,Daniel,Gilbert,,200,
0000-0002-9865-5317,Marnen Laibow-Koser,Marnen,Laibow-Koser,,200,
0000-0002-9866-8943,Nelson G. Mejia,Nelson,Mejia,Nelson G. Mejia,200,
0000-0002-9868-0512,Jiarong Li,Jiarong,Li,,200,
0000-0002-9869-5490,Evan Albury,Evan,Albury,,200,
0000-0002-9870-2742,Slavko Bogdanov,Slavko,Bogdanov,,200,
0000-0002-9871-0048,Debbie Ginsberg,Deborah,Ginsberg,Debbie Ginsberg,200,
0000-0002-9872-6074,Gabriel Dagotto,Gabriel,Dagotto,,200,
0000-0002-9874-6286,Jerzy Janiec,Jerzy,Janiec,,200,
0000-0002-9875-9319,Nicole Salazar-Austin,Nicole,Salazar-Austin,,200,
0000-0002-9876-8506,Lingbo Liu,Lingbo,Liu,,200,
0000-0002-9876-9680,Jules Allbritton-King,Jules,Allbritton-King,,200,
0000-0002-9877-4180,Sophie Helaine,Sophie,Helaine,,200,
0000-0002-9878-4776,Katharine M Stohlman,Katharine,Stohlman,Katharine M Stohlman,200,
0000-0002-9880-2591,Jewel Gausman,Jewel,Gausman,,200,
0000-0002-9880-4562,Pieter-Jan Stas,Pieter-Jan,Stas,,200,
0000-0002-9883-610X,Sanjana Kulkarni,Sanjana,Kulkarni,,200,
0000-0002-9884-1419,Ella Frigyik,Ella,Frigyik,,200,
0000-0002-9885-0390,Sota Kato,Sota,Kato,,200,
0000-0002-9885-3743,Manuela Nicoliello,Manuela,Nicoliello,,200,
0000-0002-9886-2834,Kaylee de Soto,Kaylee,de Soto,,200,
0000-0002-9887-064X,John Biddle,John,Biddle,,200,
0000-0002-9887-312X,Alvin Kho,Alvin,Kho,,200,
0000-0002-9887-3234,Carlos Ponce,Carlos,Ponce,,200,
0000-0002-9888-8321,Vy H. Nguyen,Vy,Nguyen,Vy H. Nguyen,200,
0000-0002-9888-9076,Andrew Martens,Andrew,Martens,,200,
0000-0002-9888-9324,Alexandra Z. Worden,Alexandra,Worden,Alexandra Z. Worden,200,
0000-0002-9890-1346,Adam Joseph Rieth,Adam,Rieth,Adam Joseph Rieth,200,
0000-0002-9893-5060,Clyde Smith,Clyde,Smith,,200,
0000-0002-9896-6983,Kristen LeGault,Kristen,LeGault,,200,
0000-0002-9897-4422,Tanuja Chitnis,Tanuja,Chitnis,,200,
0000-0002-9897-9178,Kelsey N Berry,Kelsey N,Berry,Kelsey N Berry,200,
0000-0002-9901-1935,David Han,David,Han,,200,
0000-0002-9902-1009,Frank Sloan,Frank,Sloan,,200,
0000-0002-9902-5077,Shuhan He,Shuhan,He,,200,
0000-0002-9906-2556,Veronica Alfano,Veronica,Alfano,,200,
0000-0002-9906-7779,Tatiana Velasquez Tovar,Tatiana,Velasquez Tovar,,200,
0000-0002-9906-9678,Penny Gilbert,Penny,Gilbert,,200,
0000-0002-9907-4151,James Celi Kitch,James,Kitch,James Celi Kitch,200,
0000-0002-9907-7774,Nicole Bartolo,Nicole,Bartolo,,200,
0000-0002-9910-4971,Nara Shin,Nara,Shin,,200,
0000-0002-9911-8070,Eric Yamga,Eric,Yamga,,200,
0000-0002-9912-063X,Stephanie Buss,Stephanie,Buss,,200,
0000-0002-9913-6391,William Orwig,William,Orwig,,200,
0000-0002-9914-1537,Katharine Robb,Katharine,Robb,,200,
0000-0002-9915-4135,Eric Feins,Eric,Feins,,200,
0000-0002-9920-2256,Sharon Paice MacLeod,Sharon,Paice MacLeod,,200,
0000-0002-9921-2956,Paul Adams,Paul,Adams,,200,
0000-0002-9924-283X,Shuangchun Yan,Shuangchun,Yan,,200,
0000-0002-9924-478X,Marcella Regina Cardoso,Marcella Regina,Cardoso,,200,
0000-0002-9927-4508,Margot Louail,Margot,Louail,,200,
0000-0002-9932-6275,Alessandra Seiter,Alessandra,Seiter,,200,
0000-0002-9934-9530,Dolev Bluvstein,Dolev,Bluvstein,,200,
0000-0002-9936-436X,David Sinclair,David,Sinclair,,200,
0000-0002-9939-6740,Vaughan Rees,Vaughan,Rees,,200,
0000-0002-9940-1984,Gregory Raskind,Gregory,Raskind,,200,
0000-0002-9941-7759,Jeremy Brown,Jeremy,Brown,,200,
0000-0002-9945-0372,Patrick Gnanapragasam,Patrick,Gnanapragasam,,200,
0000-0002-9945-6387,Constance Cepko,Constance,Cepko,,200,
0000-0002-9945-6862,Anwesha Chaudhury,Anwesha,Chaudhury,,200,
0000-0002-9946-2314,Yogesh Rathi,Yogesh,Rathi,,200,
0000-0002-9947-8690,Dinesh Krishnamoorthy,Dinesh,Krishnamoorthy,,200,
0000-0002-9948-1670,José Carlos Pinto da Costa,José Carlos,Pinto da Costa,José Carlos Pinto da Costa,200,
0000-0002-9948-3991,Rachel Sweet,Rachel,Sweet,,200,
0000-0002-9948-648X,Jennifer Reynolds,Jennifer,Reynolds,,200,
0000-0002-9949-3081,Susannah Kisvarday,Susannah,Kisvarday,,200,
0000-0002-9952-6891,Sjirk Westra,Sjirk,Westra,,200,
0000-0002-9954-3499,Calvin Morrill,Calvin,Morrill,,200,
0000-0002-9956-2315,"Germaine A. Hoston (She, Her, Hers)",Germaine Annette,Hoston,"Germaine A. Hoston (She, Her, Hers)",200,
0000-0002-9957-3321,Augusto Enrique Caballero,Augusto Enrique,Caballero,,200,
0000-0002-9961-1885,Fatemah Abdullah Alqahtani,Fatemah Abdullah,Alqahtani,,200,
0000-0002-9961-9975,Sylvia Ofori,Sylvia,Ofori,,200,
0000-0002-9962-298X,Sanaz Khosravani,Sanaz,Khosravani,,200,
0000-0002-9963-469X,D. Bradley Welling,D. Bradley,Welling,,200,
0000-0002-9965-2767,Sijia Wang,Sijia,Wang,,200,
0000-0002-9968-2368,Savvas M. Koushiappas,Savvas M.,Koushiappas,,200,
0000-0002-9970-8417,John Rock,John,Rock,,200,
0000-0002-9971-354X,Brian Cafferty,Brian,Cafferty,,200,
0000-0002-9972-6877,kawa amin,kawa,amin,,200,
0000-0002-9976-5999,François Proulx,François,Proulx,,200,
0000-0002-9976-956X,Peizhi Wen,Peizhi,Wen,,200,
0000-0002-9980-4126,Brian O'Callaghan,Brian,O'Callaghan,,200,
0000-0002-9980-5321,Benjamin Adams,Benjamin,Adams,,200,
0000-0002-9980-5735,Raina Fichorova,Raina,Fichorova,,200,
0000-0002-9982-6309,Luke Benz,Luke,Benz,,200,
0000-0002-9982-7723,Devon J Borowski,Devon,Borowski,Devon J Borowski,200,
0000-0002-9983-7948,Wanze Xie,Wanze,Xie,,200,
0000-0002-9985-473X,Shenda Mary Baker,Shenda,Baker,Shenda Mary Baker,200,
0000-0002-9985-9565,Jatin Vyas,Jatin,Vyas,,200,
0000-0002-9987-2815,Kara A Fulton,Kara,Fulton,Kara A Fulton,200,
0000-0002-9989-5435,Divya Ramesh,Divya,Ramesh,,200,
0000-0002-9989-8994,Alyssa Loera,Alyssa,Loera,,200,
0000-0002-9991-1394,SEBASTIAN MHANGA,SEBASTIAN,MHANGA,,200,
0000-0002-9992-4507,Suzete Farias da Guarda,Suzete,Farias da Guarda,,200,
0000-0002-9993-8554,Raaz Dwivedi,Raaz,Dwivedi,,200,
0000-0002-9994-1366,Regan Marsh,Regan,Marsh,,200,
0000-0002-9994-3142,ChangHee Lee,ChangHee,Lee,,200,
0000-0002-9999-2403,Soheil Rastgou Talemi,Soheil,Rastgou Talemi,,200,
0000-0002-9999-9074,Anne Halloin,Anne,Halloin,,200,
0000-0003-0001-1204,Lili Shan,Lili,Shan,,200,
0000-0003-0001-3197,Seunghee Jeong,Seunghee,Jeong,,200,
0000-0003-0001-9492,HIROSHI KONDO,HIROSHI,KONDO,,200,
0000-0003-0002-3926,Mariam Elgamal,Mariam,Elgamal,,200,
0000-0003-0008-9052,Catherine Lee,Catherine,Lee,,200,
0000-0003-0009-7394,Madina Jumabaeva,Madina,Jumabaeva,,200,
0000-0003-0013-700X,Susan Waisbren,Susan,Waisbren,,200,
0000-0003-0015-0845,Jesus  Ruiz ,Jesus ,Ruiz ,,200,
0000-0003-0018-3858,Annabelle Jones,Annabelle,Jones,,200,
0000-0003-0023-8767,Michael J. Fink,Michael J.,Fink,,200,
0000-0003-0024-4067,Junya Aoyama,Junya,Aoyama,,200,
0000-0003-0025-1910,Maryam Motmaen Dadgar,Maryam,Motmaen Dadgar,,200,
0000-0003-0026-4690,Evelyne Goillot,Evelyne,Goillot,,200,
0000-0003-0026-8253,Rachel Zoll,Rachel,Zoll,,200,
0000-0003-0029-2544,wen yuan,wen,yuan,,200,
0000-0003-0036-734X,Linda Intveld,Linda,Intveld,,200,
0000-0003-0039-7784,David Jones,David,Jones,,200,
0000-0003-0040-5270,João Augusto,João,Augusto,,200,
0000-0003-0040-6994,Loranzie Rogers,Loranzie,Rogers,,200,
0000-0003-0041-5698,Mark D Feuer,Mark D,Feuer,,200,
0000-0003-0041-6287,Jinjin Xu,Jinjin,Xu,,200,
0000-0003-0042-552X,Ali Ahmad,Ali,Ahmad,Ali Ahmad,200,
0000-0003-0043-0206,Jaclyn LoPiccolo,Jaclyn,LoPiccolo,,200,
0000-0003-0043-3263,Ana Berdugo,Ana,Berdugo,,200,
0000-0003-0044-232X,Ceilyn Boyd,Ceilyn,Boyd,,200,
0000-0003-0047-7274,Kristen Eichensehr,Kristen,Eichensehr,,200,
0000-0003-0048-5477,Kuan-Hung Lin,Kuan-Hung,Lin,,200,
0000-0003-0049-0305,Jason Gallicchio,Jason,Gallicchio,,200,
0000-0003-0049-965X,Brooke E. Flammang,Brooke,Flammang,Brooke E. Flammang,200,
0000-0003-0051-2623,Ryan Brewster,Ryan,Brewster,,200,
0000-0003-0051-5867,Kale Kundert,Kale,Kundert,,200,
0000-0003-0055-7493,Skarleth Cardenas Romero,Skarleth,Cardenas Romero,,200,
0000-0003-0055-9261,Minghan Li,Minghan,Li,,200,
0000-0003-0056-5928,Shinichiro Kira,Shinichiro,Kira,,200,
0000-0003-0058-9970,Caroline Tonon,Caroline,Tonon,,200,
0000-0003-0063-9608,Vincent Ginis,Vincent,Ginis,,200,
0000-0003-0063-9763,,,,,200,
0000-0003-0064-8707,April W. Armstrong,April W.,Armstrong,,200,
0000-0003-0065-4672,Rajesh  Kumar,Rajesh ,Kumar,,200,
0000-0003-0065-5632,Lucas Sousa Salgado,Lucas,Sousa Salgado,,200,
0000-0003-0066-1354,Phillip Lichtor,Phillip,Lichtor,,200,
0000-0003-0074-6489,Xiaopeng Song,Xiaopeng,Song,,200,
0000-0003-0075-581X,Peng Xiao,Peng,Xiao,,200,
0000-0003-0075-9685,Darshini Kuruppu,Kumudu Darshini,Kuruppu,Darshini Kuruppu,200,
0000-0003-0077-667X,Katherine Susa,Katherine,Susa,,200,
0000-0003-0080-3340,Patrick Purdon,Patrick,Purdon,,200,
0000-0003-0083-6601,Maurizio Fazio,Maurizio,Fazio,,200,
0000-0003-0085-3882,"Giovane R Sousa, PhD",Giovane,"Sousa, PhD","Giovane R Sousa, PhD",200,
0000-0003-0085-6573,Bezawit Sahile,Bezawit,Sahile,,200,
0000-0003-0088-1867,Sinead Sinnott,Sinead,Sinnott,,200,
0000-0003-0088-6262,Yifei Zhou,Yifei,Zhou,,200,
0000-0003-0090-5355,Claudio Battiloro,Claudio,Battiloro,,200,
0000-0003-0092-7562,MONICA DÁVILA,MONICA,DÁVILA,,200,
0000-0003-0092-9496,Douglas Pleskow,Douglas,Pleskow,,200,
0000-0003-0094-8136,Yi Gao,Yi,Gao,,200,
0000-0003-0095-9177,Bernardo Sabatini,Bernardo,Sabatini,,200,
0000-0003-0098-2537,Nuria Martinez-Saez,Nuria,Martínez Sáez,Nuria Martinez-Saez,200,
0000-0003-0098-7864,Vinu Krishnan,Vinu,Krishnan,,200,
0000-0003-0100-1489,Jianli Tao,Jianli,Tao,,200,
0000-0003-0100-5893,William Mallon,William,Mallon,,200,
0000-0003-0101-8213,Nida Haider,Nida,Haider,,200,
0000-0003-0105-1582,MoonSoo Choi,MoonSoo,Choi,,200,
0000-0003-0106-0323,Mei-Yin Polley,Mei-Yin,Polley,,200,
0000-0003-0106-9096,Alexa Schrock,Alexa,Schrock,,200,
0000-0003-0107-7504,Rongxin Fang,Rongxin,Fang,,200,
0000-0003-0109-3539,,,,,200,
0000-0003-0110-0735,Feyaad Allie,Feyaad,Allie,,200,
0000-0003-0111-1565,Gene Bowman,Gene,Bowman,Gene Bowman,200,
0000-0003-0112-2993,Marwa Okasha,Marwa,Okasha,,200,
0000-0003-0112-9458,Christopher Davis,Christopher,Davis,,200,
0000-0003-0119-1657,Aashna Shah,Aashna,Shah,,200,
0000-0003-0119-8672,Amy Storer,Amy,Storer,,200,
0000-0003-0121-2040,Catherine F. Boyle,Catherine F.,Boyle,,200,
0000-0003-0121-4046,Maria Lampou,Maria,Lampou,,200,
0000-0003-0122-9168,Anton Ni,Anton,Ni,,200,
0000-0003-0131-5699,Adam Dmytriw,Adam,Dmytriw,,200,
0000-0003-0134-238X,Ritvik  Raina,Ritvik ,Raina,,200,
0000-0003-0134-5804,Catherine Luria,Catherine,Luria,,200,
0000-0003-0134-8853,Ya Wen,Ya,Wen,,200,
0000-0003-0135-0806,Benjamin Cook,Benjamin,Cook,,200,
0000-0003-0135-8437,Reinhard M. Knerr,Reinhard,Knerr,Reinhard M. Knerr,200,
0000-0003-0137-4509,Rui An,Rui,An,,200,
0000-0003-0139-2176,Marcia Testa,Marcia,Testa,,200,
0000-0003-0140-8879,Cevin Soling,Cevin,Soling,,200,
0000-0003-0140-8959,H. D. Vinod,Hrishikesh,Vinod,H. D. Vinod,200,
0000-0003-0141-3555,Ethan Garner,Ethan,Garner,,200,
0000-0003-0143-2692,Herbert Melariri,Herbert,Melariri,,200,
0000-0003-0144-3287,Danielle Haslam,Danielle,Haslam,,200,
0000-0003-0144-4693,Yuson Jung,Yuson,Jung,,200,
0000-0003-0144-7624,thomas cochard,thomas,cochard,,200,
0000-0003-0145-0110,Constantin Giurgiu,Constantin,Giurgiu,,200,
0000-0003-0146-9428,Gaspard Kerner,Gaspard,Kerner,,200,
0000-0003-0147-6476,Michael Hopkins,Michael,Hopkins,,200,
0000-0003-0150-2419,Minhee Kang,Minhee,Kang,,200,
0000-0003-0150-9653,Bridget Tenner,Bridget,Tenner,,200,
0000-0003-0153-1463,Athar Roshandelpoor,Athar,Roshandelpoor,,200,
0000-0003-0153-6571,Laura Maliszewski,Laura,Maliszewski,,200,
0000-0003-0157-6389,William P. Miller,WILLIAM PHILLIP,MILLER,William P. Miller,200,
0000-0003-0159-6750,Grace Liu,Grace,Liu,,200,
0000-0003-0161-2714,nicola alesi,nicola,alesi,,200,
0000-0003-0166-8750,Eva de la Serna,Eva,de la Serna,,200,
0000-0003-0168-8946,Kaitlin Rhee,Kaitlin,Rhee,,200,
0000-0003-0170-2453,Melani Peña Núñez,Melani,Peña Núñez,,200,
0000-0003-0171-8818,Yile Fang,Yile,Fang,,200,
0000-0003-0172-3174,Lana Vasung,Lana,Vasung,,200,
0000-0003-0176-7177,Alexander W. Peters,Alexander,Peters,Alexander W. Peters,200,
0000-0003-0178-2852,Lloyd Demetrius,Lloyd,Demetrius,,200,
0000-0003-0179-5477,Alan Moss,Alan,Moss,,200,
0000-0003-0179-6648,Hanno Steen,Hanno,Steen,,200,
0000-0003-0181-5845,Hui Wang,Hui,Wang,,200,
0000-0003-0186-8867,Oleg Butovsky,Oleg,Butovsky,,200,
0000-0003-0187-7472,Rongyu Xin,Rongyu,Xin,,200,
0000-0003-0189-1418,Arcellia Farosyah Putri,Arcellia Farosyah,Putri,,200,
0000-0003-0189-2066,Virginia Cortijo Gallego,Virginia,Cortijo Gallego,,200,
0000-0003-0191-9775,Nicolai Goettel,Nicolai,Goettel,Nicolai Goettel,200,
0000-0003-0192-6684,Sade  McFadden,Sade ,McFadden,,200,
0000-0003-0194-214X,Kyle Colonna,Kyle,Colonna,,200,
0000-0003-0197-5611,Run Ze Gao,Run Ze,Gao,,200,
0000-0003-0197-8302,Michael Veling,Michael,Veling,,200,
0000-0003-0198-0234,David Bruce Conn,David Bruce,Conn,,200,
0000-0003-0200-5326,Silvia Nastasio,Silvia,Nastasio,,200,
0000-0003-0201-3764,Yudong Cao,Yudong,Cao,,200,
0000-0003-0203-5779,Obada Al Zoubi,Obada,Al Zoubi,,200,
0000-0003-0206-2101,William Renthal,William,Renthal,,200,
0000-0003-0207-0697,Jong Bae Park,Jong Bae,Park,,200,
0000-0003-0209-4808,Andre Uhl,Andre,Uhl,,200,
0000-0003-0211-1970,Ellen Meara,Ellen,Meara,,200,
0000-0003-0212-2039,Robin Hu,Robin,Hu,,200,
0000-0003-0213-1250,Elizabeth Selleck Fiore,Elizabeth,Selleck Fiore,,200,
0000-0003-0213-8356,Jon Clardy,Jon,Clardy,,200,
0000-0003-0214-0659,Isabel Papadimitriou,Isabel,Papadimitriou,,200,
0000-0003-0217-9991,Michele Hacker,Michele,Hacker,,200,
0000-0003-0222-5441,Michael Janssen,Michael,Janssen,,200,
0000-0003-0222-8095,Bo Yuan,Bo,Yuan,,200,
0000-0003-0223-2211,Jean Vilbert,Jean,Vilbert,,200,
0000-0003-0223-4858,Maya Manian,Maya,Manian,,200,
0000-0003-0223-7485,Michelle Li,Michelle,Li,,200,
0000-0003-0225-1228,Lily Zihui Zhu,Zihui,Zhu,Lily Zihui Zhu,200,
0000-0003-0225-199X,Paolo Cassano,Paolo,Cassano,,200,
0000-0003-0225-6352,Danelle Brown,Danelle,Brown,,200,
0000-0003-0225-6424,Hiroko Wakimoto,Hiroko,Wakimoto,,200,
0000-0003-0232-3076,Jing Xia,Jing,Xia,,200,
0000-0003-0232-9187,Stephen C. Frederico,Stephen,Frederico,Stephen C. Frederico,200,
0000-0003-0233-6037,Ashenafi Yirga,Ashenafi,Yirga,,200,
0000-0003-0237-8376,Subir Majumder,Subir,Majumder,,200,
0000-0003-0238-8830,James Capobianco,James,Capobianco,,200,
0000-0003-0242-9161,Christoph Fellinger,Christoph,Fellinger,,200,
0000-0003-0243-514X,Stephen Early,Stephen,Early,,200,
0000-0003-0245-0729,Megan Powell Cuzzolino,Megan,Cuzzolino,Megan Powell Cuzzolino,200,
0000-0003-0246-8195,david sando,david,sando,,200,
0000-0003-0247-2557,Sarah Ahmed,Sarah,Ahmed,,200,
0000-0003-0248-3934,Luis Martin Mejia Mendoza,Luis Martin,Mejia Mendoza,,200,
0000-0003-0249-4529,Miguel Santoscoy,Miguel,Santoscoy,,200,
0000-0003-0252-0854,Ekin Tusalp Atiyas,Ekin,Tusalp Atiyas,,200,
0000-0003-0252-1179,Vincent de Laat,Vincent,de Laat,,200,
0000-0003-0252-6201,Tanush Jagdish,Tanush,Jagdish,,200,
0000-0003-0253-3153,Kay Young,Kay,Young,,200,
0000-0003-0255-7534,Shaye J.D. Cohen,Shaye,Cohen,Shaye J.D. Cohen,200,
0000-0003-0255-8377,Adam Hunter,Adam,Hunter,,200,
0000-0003-0256-9201,Linda S. Ford,Linda ,Ford,Linda S. Ford,200,
0000-0003-0259-4829,Hector Parra De Freitas,Hector,Parra De Freitas,,200,
0000-0003-0259-9101,Matthew Shupler,Matthew,Shupler,,200,
0000-0003-0263-1538,Ramona Crawford,Ramona,Crawford,,200,
0000-0003-0267-6162,Thomas Brazelton,Thomas,Brazelton,,200,
0000-0003-0268-3282,Rachel A. Busby,Rachel Alexandria,Busby,Rachel A. Busby,200,
0000-0003-0275-6699,Adam Lalley,Adam,Lalley,,200,
0000-0003-0275-9099,Jack Ghannam,Jack,Ghannam,,200,
0000-0003-0278-1894,Khosrov Alexander Grigoryan,Khosrov Alexander,Grigoryan,Khosrov Alexander Grigoryan,200,
0000-0003-0280-0610,Aneela javed,Aneela,javed,,200,
0000-0003-0280-3838,Sophia Wiesenfeld,Sophia,Wiesenfeld,,200,
0000-0003-0282-0822,Sharon Curhan,Sharon,Curhan,,200,
0000-0003-0282-8752,Peter Berenstein,Peter,Berenstein,,200,
0000-0003-0283-4917,Kathleen Buckley,Kathleen,Buckley,Kathleen Buckley,200,
0000-0003-0284-7371,Camila Lopes-Ramos,Camila,Lopes-Ramos,,200,
0000-0003-0284-8286,Amir H. Ameri,Amir H.,Ameri,,200,
0000-0003-0285-3632,Xin Xiang,Xin,Xiang,,200,
0000-0003-0285-4846,Lauren Bush,Lauren,Sullivan,Lauren Bush,200,
0000-0003-0285-7633,Zhiping Yang,Zhiping,Yang,,200,
0000-0003-0286-3339,YE ZHANG,YE,ZHANG,,200,
0000-0003-0286-3443,Luis Alejandro Morales Ojeda,Luis Alejandro,Morales Ojeda,,200,
0000-0003-0286-8906,Tiago Luiz Vieira,Tiago Luiz,Vieira Silva,Tiago Luiz Vieira,200,
0000-0003-0289-6982,peng zhang,peng,zhang,,200,
0000-0003-0292-1674,Ruairidh M. Battleday,Ruairidh,Battleday,Ruairidh M. Battleday,200,
0000-0003-0295-293X,Nicholas Mondrik,Nicholas,Mondrik,,200,
0000-0003-0298-8270,Jarrod Treppish,Jarrod,Treppish,,200,
0000-0003-0299-4830,Mira Fitzek,Mira,Fitzek,,200,
0000-0003-0299-5876,Mayank Saxena,Mayank,Saxena,,200,
0000-0003-0299-7273,Rishi Desai,Rishi,Desai,,200,
0000-0003-0301-5016,Jiarui Wang,Jiarui,Wang,,200,
0000-0003-0301-7724,Daniel I. Hoffman,Daniel,Hoffman,Daniel I. Hoffman,200,
0000-0003-0304-8125,Ashley I. Michnick,Ashley Irene,Michnick,Ashley I. Michnick,200,
0000-0003-0305-471X,Sivateja Tangirala,Sivateja,Tangirala,,200,
0000-0003-0307-9984,Tarraneh Eftekhari,Tarraneh,Eftekhari,,200,
0000-0003-0310-1096,Nazgul Sakenova,Nazgul,Sakenova,,200,
0000-0003-0310-6129,Ivana Kim,Ivana,Kim,,200,
0000-0003-0311-345X,Theoni Stathopoulou,Theoni,Stathopoulou,,200,
0000-0003-0317-3233,Muhemmet Fatih UYAR,Muhemmet Fatih,UYAR,,200,
0000-0003-0318-5533,Sudhir Gopal Tattikota,Sudhir Gopal,Tattikota,,200,
0000-0003-0320-8010,Travis E. Gibson,Travis,Gibson,Travis E. Gibson,200,
0000-0003-0322-2461,Chris Dede,Chris,Dede,,200,
0000-0003-0322-5988,Giovanni Bordiga,Giovanni,Bordiga,,200,
0000-0003-0327-8297,Nils Gehlenborg,Nils,Gehlenborg,Nils Gehlenborg,200,
0000-0003-0333-9627,Victoria Moses,Victoria,Moses,,200,
0000-0003-0335-7024,hans gruler,hans,gruler,,200,
0000-0003-0337-7973,Danqing Wang,Danqing,Wang,,200,
0000-0003-0339-7309,Soroush Moallef,Soroush,Moallef,,200,
0000-0003-0342-9024,Gil Rosenthal,Gil,Rosenthal,,200,
0000-0003-0344-3694,john heyman,john,heyman,,200,
0000-0003-0346-1083,Henna Hundal,Henna,Hundal,,200,
0000-0003-0347-1724,Christopher W. Stubbs,Christopher,Stubbs,Christopher W. Stubbs,200,
0000-0003-0347-3244,Kathy May Tran,Kathy May,Tran,Kathy May Tran,200,
0000-0003-0349-0765,So Jeong Lee,So Jeong,Lee,,200,
0000-0003-0350-3132,Kun Hu,Kun,Hu,,200,
0000-0003-0353-2937,Alex Wang,Alex,Wang,,200,
0000-0003-0354-2350,Swarnabh Bhattacharya,Swarnabh,Bhattacharya,,200,
0000-0003-0356-922X,Borges KS,Kleiton Silva,Borges,Borges KS,200,
0000-0003-0357-351X,Michael Coulter,Michael,Coulter,,200,
0000-0003-0358-7962,Barnali Das,Barnali,Das,,200,
0000-0003-0361-238X,Andrea Corrado Profeta,Andrea Corrado,Profeta,,200,
0000-0003-0362-2123,Arpan Sarkar,Arpan,Sarkar,,200,
0000-0003-0362-7012,Emily Temple,Emily,Temple,,200,
0000-0003-0363-6031,Daniel Taub,Daniel,Taub,,200,
0000-0003-0366-3929,Laura Hatfield,Laura,Hatfield,,200,
0000-0003-0367-4441,Ryan Greene,Ryan,Greene,,200,
0000-0003-0367-6447,Jinah Kim,Jinah,Kim,,200,
0000-0003-0369-1428,Alexandros Haridis,Alexandros,Haridis,Alexandros Haridis,200,
0000-0003-0370-3425,Dr.Mohammed Mahmood Ali,Dr.Mohammed,Mahmood Ali,,200,
0000-0003-0370-4567,Youlian Goulev,Youlian,Goulev,,200,
0000-0003-0370-6095,Vinothan N. Manoharan,Vinothan,Manoharan,Vinothan N. Manoharan,200,
0000-0003-0373-2349,Peter Olds,Peter,Olds,,200,
0000-0003-0373-5005,william Crisp,william,Crisp,,200,
0000-0003-0374-3427,William E. Friedman,William Edward,Friedman,William E. Friedman,200,
0000-0003-0375-3406,Agnete Engelsen,Agnete,Engelsen,,200,
0000-0003-0375-4054,Whitney J. Westhoff,Whitney,Westhoff,Whitney J. Westhoff,200,
0000-0003-0385-926X,Sylvie Le Gall,Sylvie,Le Gall,,200,
0000-0003-0386-1001,Stanley Katz,Stanley,Katz,,200,
0000-0003-0386-9548,Elsie Sunderland,Elsie,Sunderland,,200,
0000-0003-0387-008X,Carolin Krahn,Carolin,Krahn,,200,
0000-0003-0387-2667,Fadwa Chaker,Fadwa,Chaker,,200,
0000-0003-0389-1331,Richard J. Chen,Richard,Chen,Richard J. Chen,200,
0000-0003-0389-820X,Michael Masiya,Michael,Masiya,,200,
0000-0003-0394-4982,shannon kenney,shannon,kenney,,200,
0000-0003-0394-8502,Jade De Andrade,Jade,De Andrade,,200,
0000-0003-0395-1752,Priyanca Ford,Priyanca,Ford,,200,
0000-0003-0398-4343,David Sanderson,David,Sanderson,,200,
0000-0003-0399-9879,Margarita Orlova,Margarita,Orlova,,200,
0000-0003-0400-698X,Young Lee,Young Lee,,,200,
0000-0003-0401-2239,Jessica N. Busler,Jessica,Busler,Jessica N. Busler,200,
0000-0003-0403-856X,Iulian Brumar,Iulian,Brumar,,200,
0000-0003-0404-1240,Wonjae Lee,Wonjae,Lee,,200,
0000-0003-0413-4965,Andres Sanz Garcia,Andrés,Sanz-García,Andres Sanz Garcia,200,
0000-0003-0413-747X,Yuta Katsumi,Yuta,Katsumi,,200,
0000-0003-0414-4696,Catherine Barber,Catherine,Barber,,200,
0000-0003-0414-8507,Mohamed Abdelnabi,Mohamed,Abdelnabi,,200,
0000-0003-0415-5248,DITSA SARKAR,DITSA,SARKAR,,200,
0000-0003-0418-8082,Jorge L. Esquirol,Jorge L.,Esquirol,,200,
0000-0003-0425-1942,Tobias Henke,Tobias,Henke,,200,
0000-0003-0426-3492,Jeffrey Millman,Jeffrey,Millman,,200,
0000-0003-0427-1580,Suzanne Leveille,Suzanne,Leveille,,200,
0000-0003-0427-2639,Ignacio Vázquez-García,Ignacio,Vázquez-García,,200,
0000-0003-0428-3215,Eric C Griffith,Eric,Griffith,Eric C Griffith,200,
0000-0003-0429-4862,Sofie Cairo,Sofie,Cairo,Sofie Cairo,200,
0000-0003-0432-6086,Yingzhi  ZHAO,Yingzhi ,ZHAO,,200,
0000-0003-0432-7214,Ann Dominick,Ann,Dominick,,200,
0000-0003-0433-9637,Dr. Alexander Nazarenko,Alexander,Nazarenko,Dr. Alexander Nazarenko,200,
0000-0003-0434-3900,Hannah L. Williams,Hannah L.,Williams,,200,
0000-0003-0434-8787,Timothy Hofer,Timothy,Hofer,,200,
0000-0003-0435-5522,Yichen Li,Yichen,Li,,200,
0000-0003-0435-8643,Michael Chang,Michael,Chang,,200,
0000-0003-0437-5208,Aikaterini Papagianni,Aikaterini,Papagianni,,200,
0000-0003-0438-6126,Claudia Chaves Loureiro,Claudia,Chaves Loureiro,,200,
0000-0003-0439-3270,Colin P. Thackray,Colin,Pike-Thackray,Colin P. Thackray,200,
0000-0003-0439-6586,Christopher da Costa,Christopher,da Costa,,200,
0000-0003-0440-3926,Stephen Buratowski,Stephen,Buratowski,,200,
0000-0003-0440-8671,Thomas Kaffenberger,Thomas,Kaffenberger,,200,
0000-0003-0441-5193,Dr. Albana Shehaj,Albana,Shehaj,Dr. Albana Shehaj,200,
0000-0003-0441-6268,xiaojing peng,xiaojing,peng,,200,
0000-0003-0443-1986,Megan Murray,Megan,Murray,,200,
0000-0003-0443-4204,Thibault Decoppet,Thibault,Decoppet,,200,
0000-0003-0444-6547,Elizabeth Hart,Elizabeth,Hart,,200,
0000-0003-0446-3144,Tim Xiaoming Hu,Tim Xiaoming,Hu,,200,
0000-0003-0446-6898,Adomas Bunevicius,Adomas,Bunevicius,,200,
0000-0003-0448-8181,Yue-Chen Liu,YUECHEN,LIU,Yue-Chen Liu,200,
0000-0003-0451-3439,Makoto Kelp,Makoto,Kelp,,200,
0000-0003-0454-0699,Andreane Cartier,Andreane,Cartier,,200,
0000-0003-0455-2972,Janet Rosenzweig,Janet,Rosenzweig,,200,
0000-0003-0455-5364,Catherine Hua,Catherine,Hua,,200,
0000-0003-0455-9445,Blake Bordelon,Blake,Bordelon,,200,
0000-0003-0462-0568,Rachel Reid,Rachel,Reid,,200,
0000-0003-0464-9459,Shafique N. Virani,Shafique Nizarali,Virani,Shafique N. Virani,200,
0000-0003-0468-5353,Qing Yu,Qing,Yu,,200,
0000-0003-0471-0854,Allan Wain,Allan,Wain,,200,
0000-0003-0472-7648,Junmin Peng,Junmin,Peng,,200,
0000-0003-0473-7555,Caroline Sokol,Caroline,Sokol,,200,
0000-0003-0477-2377,Ronny Munoz-Acuna,Ronny,Munoz-Acuna,,200,
0000-0003-0477-3476,John-Hanson Machado,John-Hanson,Machado,,200,
0000-0003-0480-3516,Eric McNulty,Eric,McNulty,,200,
0000-0003-0482-6072,Yirong Yao,Yirong,Yao,,200,
0000-0003-0482-8756,GERARDO MOCHALES ,GERARDO,MOCHALES ,,200,
0000-0003-0484-6997,Casie Pendexter,Casie,Pendexter,,200,
0000-0003-0484-8968,Fabien Muller,Fabien,Muller,,200,
0000-0003-0487-5595,Miaochen Jin,Miaochen,Jin,,200,
0000-0003-0490-232X,Vedita Anand Singh,Vedita Anand,Singh,Vedita Anand Singh,200,
0000-0003-0492-2398,Yehuda Tri Nugroho Supranoto,Yehuda Tri Nugroho,Supranoto,Yehuda Tri Nugroho Supranoto,200,
0000-0003-0495-9940,Zhenghui Gordon Jiang,Zhenghui,Jiang,Zhenghui Gordon Jiang,200,
0000-0003-0499-1895,Claire Xiang,Claire,O'Mara,Claire Xiang,200,
0000-0003-0502-2957,Edward Chang,Edward,Chang,,200,
0000-0003-0510-1284,Alcestis RODI,Alcestis,RODI,,200,
0000-0003-0510-3335,Natalie Marie Michael,Natalie,Michael,Natalie Marie Michael,200,
0000-0003-0512-1226,Jonathan Thompson,Jonathan,Thompson,,200,
0000-0003-0512-3811,Wenyi Wei,Wenyi,Wei,,200,
0000-0003-0516-7080,D. S. Sayres,David,Sayres,D. S. Sayres,200,
0000-0003-0516-7128,Danielle Batchelor,Danielle,Batchelor,,200,
0000-0003-0522-7792,Ning Mitchell,Ning,Mitchell,,200,
0000-0003-0524-4752,Dimitrios Ntentakis,Dimitrios,Ntentakis,,200,
0000-0003-0524-5536,Ilhan Can Ozen,Ilhan Can,Ozen,,200,
0000-0003-0525-7166,Alexander B. Afeyan,Alexander,Afeyan,Alexander B. Afeyan,200,
0000-0003-0527-2948,Derek Araujo,Derek,Araujo,,200,
0000-0003-0527-6842,Afroditi  Angelopoulou,Afroditi, Angelopoulou,,200,
0000-0003-0535-6623,Akshaya Chandrasekaran,Akshaya,Chandrasekaran,,200,
0000-0003-0538-2303,Mark Gluck,Mark,Gluck,,200,
0000-0003-0538-9193,Fabrício Bittencourt da  Cruz,Fabrício Bittencourt da ,Cruz,,200,
0000-0003-0545-5779,Mohammad Arafat Hussain,Mohammad Arafat,Hussain,,200,
0000-0003-0547-1349,Pablo Reimers,Pablo,Reimers,,200,
0000-0003-0547-7281,Katherine B Howe,Katherine,Howe,Katherine B Howe,200,
0000-0003-0549-4823,Bryan Song,Bryan,Song,,200,
0000-0003-0552-7605,Zhenli Lai,Zhenli,Lai,,200,
0000-0003-0553-9059,Joel Littler,Joel,Littler,,200,
0000-0003-0554-8502,Yee-Ming Chan,Yee-Ming,Chan,,200,
0000-0003-0555-585X,Jiwoo Lee,Jiwoo,Lee,,200,
0000-0003-0556-924X,Carole Turley Voulgaris,Carole Turley,Voulgaris,,200,
0000-0003-0558-6912,Giacomo De Nicola,Giacomo,De Nicola,,200,
0000-0003-0559-1105,Shutaro Takeda,Shutaro,Takeda,,200,
0000-0003-0559-3258,Menglu Qian,Menglu,Qian,,200,
0000-0003-0559-893X,Tom Kirchhausen,Tom,Kirchhausen,,200,
0000-0003-0561-5314,Francis Fiorenza,Francis,Fiorenza,,200,
0000-0003-0562-1300,Darren Higgins,Darren,Higgins,,200,
0000-0003-0562-4536,Ethel Pereira,Ethel,Pereira,,200,
0000-0003-0564-6516,Jim Sidanius,Jim,Sidanius,,200,
0000-0003-0569-311X,Kathryn Alexa Jackson,Kathryn Alexa,Jackson,,200,
0000-0003-0577-7444,Stephan Kraemer,Stephan,Kraemer,,200,
0000-0003-0578-7781,Vivian Lee-Kim,Vivian,Lee-Kim,,200,
0000-0003-0582-2284,Emily Osterweil,Emily,Osterweil,Emily Osterweil,200,
0000-0003-0588-0601,Laurie Rosenblatt,Laurie,Rosenblatt,,200,
0000-0003-0590-9937,Jing Shan,Jing,Shan,,200,
0000-0003-0591-4031,Haoyang Gao,Haoyang,Gao,,200,
0000-0003-0599-9063,Ann Wu,Ann,Wu,,200,
0000-0003-0601-3665,Tuğba Ece,Tuğba,Ece,,200,
0000-0003-0601-8255,Rasoul Namazi,Rasoul,Namazi,,200,
0000-0003-0604-0110,Tamara Warner,Tamara,Warner,,200,
0000-0003-0605-8791,Marcin Kalinowski,Marcin,Kalinowski,,200,
0000-0003-0607-1240,Arman Qamar,Arman,Qamar,,200,
0000-0003-0608-0948,Sukumar Desai,Sukumar,Desai,,200,
0000-0003-0613-1522,Shivank A. Madan,Shivank A.,Madan,,200,
0000-0003-0613-5283,Forrest Hammel,Forrest,Hammel,,200,
0000-0003-0613-7916,Nirmalya Chatterjee,Nirmalya,Chatterjee,,200,
0000-0003-0614-0189,Nolan Kamitaki,Nolan,Kamitaki,,200,
0000-0003-0616-034X,Raymond Mailhot,Raymond,Mailhot,,200,
0000-0003-0618-1749,Khalid Ahmed,Khalid,Ahmed,,200,
0000-0003-0618-6283,Abiola ADEYEMO,Abiola,ADEYEMO,,200,
0000-0003-0619-8946,Joost Botman,Joost,Botman,,200,
0000-0003-0620-4744,Anita Williams Woolley,Anita,Williams Woolley,,200,
0000-0003-0622-6206,José Roberto Rodrigues de Oliveira,José Roberto,Rodrigues de Oliveira,,200,
0000-0003-0623-0133,Jianmin Liu,Jianmin,Liu,,200,
0000-0003-0623-7378,Robyn A. Ellis,Robyn,Ellis,Robyn A. Ellis,200,
0000-0003-0623-9189,Milton Fernando Gonzalez Rodriguez,Milton Fernando,Gonzalez Rodriguez,Milton Fernando Gonzalez Rodriguez,200,
0000-0003-0624-1342,Francisco Fernandez,Francisco,Fernandez,,200,
0000-0003-0624-2791,EDUARDO RAUL RAMIREZ ZAMUDIO,EDUARDO RAUL,RAMIREZ ZAMUDIO,,200,
0000-0003-0625-6261,Kevin Garewal,Kevin,Garewal,,200,
0000-0003-0626-4851,Tomer Ezra,Tomer,Ezra,,200,
0000-0003-0627-3387,Christina Grassi,Christina,Grassi,,200,
0000-0003-0627-3600,Aditya Kumar Gupta,Aditya Kumar,Gupta,Aditya Kumar Gupta,200,
0000-0003-0628-5775,Jinyan Zang,Jinyan,Zang,,200,
0000-0003-0628-8909,Jaclyn Saltzman,Jaclyn,Saltzman,,200,
0000-0003-0630-6660,Dan Levy,Dan,Levy,,200,
0000-0003-0632-7373,Neil Freeman,Neil,Freeman,,200,
0000-0003-0632-958X,Antonia Kreso,Antonia,Kreso,,200,
0000-0003-0636-9514,Blakely Bussie O'Connor,Blakely,O'Connor,Blakely Bussie O'Connor,200,
0000-0003-0640-0016,Shifan Wang,Shifan,Wang,,200,
0000-0003-0645-2342,Omar Rafique,Omar,Rafique,,200,
0000-0003-0647-0567,Hwai-Jong Cheng,Hwai-Jong,Cheng,,200,
0000-0003-0647-8745,Andrés Felipe Herrera Ortiz,Andrés Felipe,Herrera Ortiz,Andrés Felipe Herrera Ortiz,200,
0000-0003-0648-2373,Clare Canavan,Clare,Canavan,,200,
0000-0003-0650-9193,Ivan Tochitsky,Ivan,Tochitsky,,200,
0000-0003-0654-3455,Anjali Prabhat,Anjali,Prabhat,,200,
0000-0003-0655-1519,Hiroyuki Kato,Hiroyuki,Kato,Hiroyuki Kato,200,
0000-0003-0656-0036,Renato Errea,Renato,Errea,,200,
0000-0003-0658-074X,Emily Brown,Emily,Brown,,200,
0000-0003-0660-0827,Catherine Musinsky,Catherine,Musinsky,,200,
0000-0003-0661-4276,Rochel Hecht,Rochel,Hecht,Rochel Hecht,200,
0000-0003-0661-6167,Daria Bikina,Daria,Bikina,,200,
0000-0003-0662-0246,Donna M. Fekete,Donna M.,Fekete,,200,
0000-0003-0666-4767,Aima A. Ahonkhai,Aima,Ahonkhai,Aima A. Ahonkhai,200,
0000-0003-0672-5910,Shingo Kajimura,Shingo,Kajimura,,200,
0000-0003-0675-2011,PJ Van Camp,Pieter-Jan,Van Camp,PJ Van Camp,200,
0000-0003-0675-9483,Marta Cano,Marta,Cano,,200,
0000-0003-0676-4071,Felix Ivander,Felix,Ivander,,200,
0000-0003-0677-7649,Emily  Greenwood,Emily ,Greenwood,,200,
0000-0003-0682-1849,Hari Padma,Hari,Padma,,200,
0000-0003-0683-9029,Xinle Dai,Xinle,Dai,,200,
0000-0003-0683-9520,Manon Pigeolet,Manon,Pigeolet,,200,
0000-0003-0684-8232,Edward Kim,Edward,Kim,Edward Kim,200,
0000-0003-0688-0865,Jessica Gray,Jessica,Gray,,200,
0000-0003-0688-7194,Helena See,Helena,See,,200,
0000-0003-0691-9811,Pamela Paresky,Pamela,Paresky,,200,
0000-0003-0696-6087,Ana Uzquiano,Ana,Uzquiano Lopez,Ana Uzquiano,200,
0000-0003-0698-2319,Yero Saponjian,Yero,Saponjian,,200,
0000-0003-0700-981X,Damilola S. Olawuyi,Damilola S.,Olawuyi,,200,
0000-0003-0702-3013,James F Dougherty,James,Dougherty,James F Dougherty,200,
0000-0003-0704-4834,David Weinberger,David,Weinberger,,200,
0000-0003-0706-5731,Leo Tianlai Chen,Leo Tianlai,Chen,,200,
0000-0003-0708-5214,Alexey Yaremenko,Alexey,Yaremenko,,200,
0000-0003-0709-2270,Thomas J. Roberts,Thomas J.,Roberts,,200,
0000-0003-0710-8404,yiming qi,yiming,qi,,200,
0000-0003-0714-5125,SUN JIN MOON,SUN JIN,MOON,,200,
0000-0003-0715-403X,Marta Martínez Bonet,Marta,Martínez Bonet,,200,
0000-0003-0717-1841,Stephanie Elaine Pierce,Stephanie Elaine,Pierce,,200,
0000-0003-0717-7936,Özge Demet Özçete,Özge Demet,Özçete,,200,
0000-0003-0718-3092,Sarah Frail,Sarah,Frail,,200,
0000-0003-0721-3984,David Yang,David,Yang,,200,
0000-0003-0723-5913,Yichen Wang,Yichen,Wang,,200,
0000-0003-0729-1042,Ivy SL Streeter,Ivy,Streeter,Ivy SL Streeter,200,
0000-0003-0730-3197,Byron Good,Byron,Good,,200,
0000-0003-0730-4077,Rita Hamad,Rita,Hamad,,200,
0000-0003-0731-286X,George Lauder,George,Lauder,,200,
0000-0003-0731-5614,Ryan Richard Ruff,Ryan Richard,Ruff,Ryan Richard Ruff,200,
0000-0003-0735-7152,Emily E. Ackerman,Emily,Ackerman,Emily E. Ackerman,200,
0000-0003-0736-1071,Barbara J Turner,Barbara J,Turner,,200,
0000-0003-0736-8097,Joan Ruderman,Joan,Ruderman,,200,
0000-0003-0740-190X,Jesus Perez,Jesus,Perez,,200,
0000-0003-0741-6829,Daniel Kopans,Daniel,Kopans,,200,
0000-0003-0744-343X,Christine Woyshner,Christine,Woyshner,,200,
0000-0003-0748-8152,Takao Hensch,Takao,Hensch,,200,
0000-0003-0752-116X,Limei Jing,Limei,Jing,,200,
0000-0003-0754-1427,Maryna Ivanchenko,Maryna,Ivanchenko,,200,
0000-0003-0755-0737,YUTING KE,YUTING,KE,,200,
0000-0003-0756-7301,JAMES SONNER,JAMES,SONNER,,200,
0000-0003-0757-9054,Dean PB,Peter,Dean,Dean PB,200,
0000-0003-0758-0979,Umji Lee,Umji,Lee,,200,
0000-0003-0758-163X,Jessica Huang,Jessica,Huang,,200,
0000-0003-0758-4929,Alana Goncalves ,Alana,Goncalves ,,200,
0000-0003-0763-6856,Huiyuan Zhang,Huiyuan,Zhang,,200,
0000-0003-0763-8827,David Izquierdo-Garcia,David,Izquierdo-Garcia,,200,
0000-0003-0765-064X,Charles Dai,Charles,Dai,,200,
0000-0003-0766-8874,Cory Gerlach,Cory,Gerlach,,200,
0000-0003-0767-1002,Mayra Lorenzo,Mayra,Lorenzo,,200,
0000-0003-0767-449X,Prasenjit Mondal,Prasenjit,Mondal,,200,
0000-0003-0775-2064,Eleanor Rand,Eleanor,Rand,,200,
0000-0003-0775-6516,Martin Smith,Martin,Smith,,200,
0000-0003-0775-8044,Arpita Kulkarni,Arpita,Kulkarni,,200,
0000-0003-0779-8556,Cynthia Meyersburg,Cynthia,Meyersburg,,200,
0000-0003-0780-2762,Julia Espinosa,Julia,Espinosa,,200,
0000-0003-0780-3810,Chelsey LeBlang,Chelsey,LeBlang,,200,
0000-0003-0783-3905,James Vaupel,James,Vaupel,,200,
0000-0003-0784-5180,Robyn McDermott,Robyn,McDermott,,200,
0000-0003-0784-5973,Roberta Martinelli,Roberta,Martinelli,,200,
0000-0003-0785-1580,Greta Panova,Greta,Panova,,200,
0000-0003-0786-0938,George B Moseley III,George Boswell,Moseley III,George B Moseley III,200,
0000-0003-0786-8788,"Jonathan S. Hausmann, MD",Jonathan,Hausmann,"Jonathan S. Hausmann, MD",200,
0000-0003-0788-4462,Vrushali Dipak Fangal,Vrushali Dipak,Fangal,,200,
0000-0003-0789-0109,Christopher Siviy,Christopher,Siviy,,200,
0000-0003-0789-2358,Ilbong Lee,Ilbong,Lee,,200,
0000-0003-0791-6380,Mohammed Shameer Kondengadan,Mohammed Shameer,Kondengadan,,200,
0000-0003-0792-1622,Carson Poe,Carson,Poe,,200,
0000-0003-0793-5725,Dingwei He,Dingwei,He,,200,
0000-0003-0798-3452,Emily Broad Leib,Emily,Broad Leib,,200,
0000-0003-0799-0601,Michael Szonyi,Michael,Szonyi,,200,
0000-0003-0801-9331,Eunju Nam,Eunju,Nam,,200,
0000-0003-0802-9142,Meng-Fu Chen,Meng-Fu,Chen,,200,
0000-0003-0804-7180,Yazan Alwadi,Yazan,Alwadi,,200,
0000-0003-0805-3855,Didar Ayşe Akbulut,Didar Ayşe,Akbulut,,200,
0000-0003-0805-513X,Teresa Augustin,Teresa,Augustin,,200,
0000-0003-0809-7073,Peter Lotfy,Peter,Lotfy,,200,
0000-0003-0813-5551,Tadasu Nozaki,Tadasu,Nozaki,,200,
0000-0003-0815-9211,Adetola Anifalaje,Adetola,Anifalaje,,200,
0000-0003-0818-4222,Chantal Guegler,Chantal,Guegler,,200,
0000-0003-0819-6397,Adebayo Adeniyi,Adebayo,Adeniyi,,200,
0000-0003-0821-4129,Steven Charlap,Steven,Charlap,,200,
0000-0003-0824-6796,Tammy C. T. Lan,Tammy C. T.,Lan,,200,
0000-0003-0826-2032,Zai Xi Jeffrey Wong,Zai Xi Jeffrey,Wong,,200,
0000-0003-0828-3677,ellen hanson,ellen,hanson,,200,
0000-0003-0828-4143,Ralph Weissleder,Ralph,Weissleder,Ralph Weissleder,200,
0000-0003-0831-7646,Devin Bendixsen,Devin,Bendixsen,,200,
0000-0003-0832-0503,Esha  Sircar ,Esha ,Sircar ,,200,
0000-0003-0834-4492,Emlyn Dodd,Emlyn,Dodd,,200,
0000-0003-0835-8907,James C Henderson,James,Henderson,James C Henderson,200,
0000-0003-0836-0740,Andrew M. Bergman,Andrew,Bergman,Andrew M. Bergman,200,
0000-0003-0837-2709,Luis Alberto García Rodríguez,Luis Alberto,García Rodríguez,,200,
0000-0003-0838-7644,Anke Becker,Anke,Becker,,200,
0000-0003-0840-1784,Robert Leon Summers,Robert,Summers,Robert Leon Summers,200,
0000-0003-0841-5289,Kristina Penikis,Kristina,Penikis,,200,
0000-0003-0843-3479,Madelyn Leembruggen,Madelyn,Leembruggen,,200,
0000-0003-0847-5468,Grace Kromm,Grace,Kromm,,200,
0000-0003-0849-4589,William Chen,William,Chen,,200,
0000-0003-0850-0328,Sampurna Chatterjee,Sampurna,Chatterjee,,200,
0000-0003-0850-9154,Lia Tadesse Gebremedhin,Lia Tadesse,Gebremedhin,,200,
0000-0003-0864-3644,Zhe Fang,Zhe,Fang,,200,
0000-0003-0864-8007,Aleksandra Przegalinska,Aleksandra,Przegalinska,,200,
0000-0003-0865-1126,Haiqing Bai,Haiqing,Bai,,200,
0000-0003-0867-8062,John m Baust,John m,Baust,,200,
0000-0003-0868-944X,Amerria Causey,Amerria,Causey,,200,
0000-0003-0869-0088,Joscha Meiers,Joscha,Meiers,,200,
0000-0003-0869-4492,Ji Miao,Ji,Miao,,200,
0000-0003-0871-115X,Sanjay Prabhu,Sanjay,Prabhu,,200,
0000-0003-0871-2080,Wayne Mitchell,Wayne,Mitchell,,200,
0000-0003-0871-4641,Harsh Kumar,Harsh,Kumar,,200,
0000-0003-0871-6057,"Dr Tayyaba Hasan, PhD",Tayyaba,Hasan,"Dr Tayyaba Hasan, PhD",200,
0000-0003-0872-0718,Joseph deVeer,Joseph,deVeer,,200,
0000-0003-0874-0196,Christian Anderson,Christian,Anderson,,200,
0000-0003-0874-6694,Davide Antognazza,Davide,Antognazza,,200,
0000-0003-0879-1292,Augustin Guyonnet,Augustin,Guyonnet,,200,
0000-0003-0879-5488,Dauro Lohnhoff Dorea,Dauro,Lohnhoff Dorea,,200,
0000-0003-0882-0196,Alison R. Barton,Alison,Barton,Alison R. Barton,200,
0000-0003-0882-738X,Steven DuBois,Steven,DuBois,,200,
0000-0003-0883-6286,Stephen Volante,Stephen,Volante,,200,
0000-0003-0884-1042,Olga Viktorovskaya,Olga,Viktorovskaya,,200,
0000-0003-0885-2542,Jorge Cortell-Albert,Jorge,Cortell,Jorge Cortell-Albert,200,
0000-0003-0886-1561,Obinna Nwosu,Obinna,Nwosu,Obinna Nwosu,200,
0000-0003-0890-7275,Jörn Boehnke,Jörn,Boehnke,,200,
0000-0003-0891-6497,Sara Tejani,Sara,Tejani,,200,
0000-0003-0892-2125,Daniel Bennett,Daniel,Bennett,,200,
0000-0003-0893-7079,Claire Hartmann,Claire,Hartmann,,200,
0000-0003-0894-5247,Nadine,Nadine,,,200,
0000-0003-0895-8494,Shijia Liu,Shijia,Liu,,200,
0000-0003-0898-6989,Javier Parquet Villagra,Javier,Parquet Villagra,,200,
0000-0003-0899-8541,Hyoung-Soo Cho,Hyoung-Soo,Cho,,200,
0000-0003-0904-4862,Martin Wattenberg,Martin,Wattenberg,,200,
0000-0003-0906-824X,Thejane Wilson Motladiile,Thejane Wilson,Motladiile,,200,
0000-0003-0907-6282,Wenjun Wang,Wenjun,Wang,,200,
0000-0003-0908-5998,Lin Tian,Lin,Tian,,200,
0000-0003-0909-2506,Jacob Alappatt,Jacob,Alappatt,,200,
0000-0003-0911-0022,Shinichiro Takiguchi,Shinichiro,Takiguchi,,200,
0000-0003-0914-4994,Jing Zhou,Jing,Zhou,,200,
0000-0003-0915-4017,Chaitra Prabhakara,Chaitra,Prabhakara,,200,
0000-0003-0916-3327,Andrea Axtell,Andrea,Axtell,,200,
0000-0003-0917-2709,DONATO CONTEDUCA,DONATO,CONTEDUCA,,200,
0000-0003-0917-4966,Morris McInnes,Morris,McInnes,,200,
0000-0003-0918-294X,Kathryn Held,Kathryn,Held,,200,
0000-0003-0920-1821,Gene Bowman,Gene,Bowman,,200,
0000-0003-0921-1843,Munib Wober,Munib,Wober,,200,
0000-0003-0922-2593,Bertrand Schneider,Bertrand,Schneider,,200,
0000-0003-0923-691X,Kazuki Irie,Kazuki,Irie,,200,
0000-0003-0923-9440,Jackie Lodman,Jackie,Lodman,,200,
0000-0003-0929-3164,Sasha A. Singh,Sasha Anna,Singh,Sasha A. Singh,200,
0000-0003-0929-7253,Bo Xia,Bo,Xia,,200,
0000-0003-0932-7416,Chelsea Marcho,Chelsea,Marcho,,200,
0000-0003-0933-5053,Mary Bushman,Mary,Bushman,,200,
0000-0003-0937-9216,Logan Blaine,Logan,Blaine,,200,
0000-0003-0941-5846,Muhammad Ali Chaudhary,Muhammad,Chaudhary,Muhammad Ali Chaudhary,200,
0000-0003-0944-1913,Pei Qin Ng,Pei Qin,Ng,,200,
0000-0003-0944-3775,Victor Counted,VICTOR,COUNTED,Victor Counted,200,
0000-0003-0950-2675,Sina Kianersi,Sina,Kianersi,,200,
0000-0003-0951-2195,Navid Redjal,Navid,Redjal,,200,
0000-0003-0951-6487,Richard Liu,Richard,Liu,,200,
0000-0003-0952-8891,Maria Puspa Kartika,Maria Puspa,Kartika,Maria Puspa Kartika,200,
0000-0003-0953-7800,Charles Vidoudez,Charles,Vidoudez,,200,
0000-0003-0954-5018,Shichang Zhang,Shichang,Zhang,,200,
0000-0003-0954-789X,Brian Carney,Brian,Carney,,200,
0000-0003-0956-9597,Charlotte Cole,Charlotte,Cole,,200,
0000-0003-0958-0091,Amin Mohamadi,Amin,Mohamadi,,200,
0000-0003-0961-0588,Basu-Ray I,Indranill,Basu Ray,Basu-Ray I,200,
0000-0003-0963-4029,Laurent Dubois,Laurent,Dubois,,200,
0000-0003-0963-7422,Mark Daza,Mark,Daza,Mark Daza,200,
0000-0003-0964-485X,shahrokh Abbasi Rad,shahrokh,Abbasi Rad,,200,
0000-0003-0969-6414,Kilmer McCully,Kilmer,McCully,,200,
0000-0003-0971-4512,David Pullins,David,Pullins,,200,
0000-0003-0972-1376,Rosanne Di Stefano,Rosanne,Di Stefano,,200,
0000-0003-0973-8987,Ion A. Iftimie,Ion A.,Iftimie,,200,
0000-0003-0978-9848,Howard Harper,Howard,Harper,,200,
0000-0003-0980-9255,Jonathan Burnie,Jonathan,Burnie,,200,
0000-0003-0981-9605,Benjamin FRY,Benjamin,FRY,,200,
0000-0003-0982-3575,Emma Palermo,Emma,Palermo,,200,
0000-0003-0983-7627,James Winter,James,Winter,,200,
0000-0003-0984-0818,Jiageng Wu,Jiageng,Wu,,200,
0000-0003-0987-1112,Pascal Lill,Pascal,Lill,,200,
0000-0003-0987-6538,Arkadijs Zvaigzne,Arkadijs,Zvaigzne,,200,
0000-0003-0989-5720,Ashley Ison,Ashley,Ison,,200,
0000-0003-0990-077X,Hyangsu Nam,Hyangsu,Nam,Hyangsu Nam,200,
0000-0003-0993-1947,Mukesh Harisinghani,Mukesh,Harisinghani,,200,
0000-0003-0995-1403,Fabrizio Zuffranieri,Fabrizio,Zuffranieri,,200,
0000-0003-0995-5244,Yuri Alexander Romaña-Rivas,Yuri Alexander,Romaña-Rivas,,200,
0000-0003-0995-6722,Irene Soto Marín,Irene,Soto Marín,,200,
0000-0003-0999-8244,Henry Gruber,Henry,Gruber,,200,
0000-0003-1004-4771,Dora Mahečić,Dora,Mahečić,,200,
0000-0003-1007-5682,John J. Kowalczyk,John,Kowalczyk,John J. Kowalczyk,200,
0000-0003-1007-9034,Sagar Bhandari,Sagar,Bhandari,,200,
0000-0003-1009-4357,Kaifu Chen,Kaifu,Chen,,200,
0000-0003-1011-5269,Jan Gieseler,Jan,Gieseler,,200,
0000-0003-1011-934X,Jessica Barrett,Jessica,Barrett,,200,
0000-0003-1012-2346,Laila Akhmetova,Laila,Akhmetova,,200,
0000-0003-1013-9324,Gabriel Pizzorno,Gabriel,Pizzorno,,200,
0000-0003-1014-0456,Jesse Bump,Jesse,Bump,,200,
0000-0003-1019-186X,Yufeng Chen,Yufeng,Chen,,200,
0000-0003-1019-3558,Vincent de Bakker,Vincent,de Bakker,,200,
0000-0003-1021-534X,David Douglas,David,Douglas,,200,
0000-0003-1022-6639,Wen Shi,Wen,Shi,Wen Shi,200,
0000-0003-1026-5144,Margareta Matache,Margareta,Matache,,200,
0000-0003-1027-0322,Laurence Sophie  Jouaville,Laurence Sophie ,Jouaville,,200,
0000-0003-1027-5449,Kimberly Hook,Kimberly,Hook,,200,
0000-0003-1028-1478,David King,David,King,,200,
0000-0003-1029-1086,Aimee Hollander,Aimee,Hollander,,200,
0000-0003-1029-3954,Bo WANG,Bo,WANG,,200,
0000-0003-1031-8541,José Ignacio Hernández González,José Ignacio,Hernández González,,200,
0000-0003-1035-0779,Jimmy Hu,Jimmy,Hu,,200,
0000-0003-1035-2379,Eric Kutscher,Eric,Kutscher,,200,
0000-0003-1036-6367,Peter Sadow,Peter,Sadow,,200,
0000-0003-1036-6519,Elaine Shore,Elaine,Shore,,200,
0000-0003-1038-2965,Imad Awan,Imad,Awan,,200,
0000-0003-1041-6360,Felipe Ramirez-Velandia,Felipe,Ramirez-Velandia,,200,
0000-0003-1044-3393,Simone Passarelli,Simone,Passarelli,,200,
0000-0003-1044-9381,Grace Wang,Grace,Wang,Grace Wang,200,
0000-0003-1045-1158,Steven D. Sheridan,Steven D.,Sheridan,Steven D. Sheridan,200,
0000-0003-1048-4371,Kwangkook Lee,Kwangkook,Lee,Kwangkook Lee,200,
0000-0003-1049-2945,Andrew Witt,Andrew,Witt,Andrew Witt,200,
0000-0003-1050-650X,Jai Prakash,Jai,Prakash,,200,
0000-0003-1052-9736,Benjamin Zielonka,Benjamin,Zielonka,,200,
0000-0003-1055-3875,Paul Swartzendruber,Paul,Swartzendruber,,200,
0000-0003-1055-7745,Brett O. Otis,Brett,Otis,Brett O. Otis,200,
0000-0003-1055-7964,Jianhui Liu,Jianhui,Liu,,200,
0000-0003-1057-3892,Jack A. Queenan,Jack A.,Queenan,,200,
0000-0003-1057-7156,Dr. Nadir Ali,Dr. Nadir,Ali,,200,
0000-0003-1058-6976,James D McCully,James Donald,McCully,James D McCully,200,
0000-0003-1061-907X,Piotr Jednaszewski,Piotr,Jednaszewski,,200,
0000-0003-1065-0173,Regina Rabinovich,Regina,Rabinovich,,200,
0000-0003-1070-3271,Charlotte Minsky,Charlotte,Minsky,,200,
0000-0003-1072-6043,Alan M. Zaslavsky,Alan,Zaslavsky,Alan M. Zaslavsky,200,
0000-0003-1075-0190,Craig Mascarenhas,Craig,Mascarenhas,,200,
0000-0003-1076-308X,Eric Hewitt,Eric,Hewitt,,200,
0000-0003-1077-7553,Meng Wu,Meng,Wu,,200,
0000-0003-1077-9823,Susan Haas,Susan,Haas,,200,
0000-0003-1078-6601,Ashwini Jambhekar,Ashwini,Jambhekar,,200,
0000-0003-1080-1007,AMIT LEVI,AMIT,LEVI,,200,
0000-0003-1084-2618,Markus Wesaw,Markus,Wesaw,Markus Wesaw,200,
0000-0003-1088-2775,Daniel Salcedo,Daniel,Salcedo,,200,
0000-0003-1093-3755,Yuchiao Chang,Yuchiao,Chang,,200,
0000-0003-1094-4462,Taraneh Meshkani,Taraneh,Meshkani,,200,
0000-0003-1095-6156,David J Dowling,David,Dowling,David J Dowling,200,
0000-0003-1095-9402,Zubia,Zubia,,,200,
0000-0003-1097-803X,Payal Chandak,Payal,Chandak,,200,
0000-0003-1099-5673,Lillian J. Horin,Lillian,Horin,Lillian J. Horin,200,
0000-0003-1100-4018,Guihong Wan,Guihong,Wan,,200,
0000-0003-1103-2721,Anita Gupta,Anita,Gupta,,200,
0000-0003-1104-7181,Melanie Weber,Melanie,Weber,,200,
0000-0003-1104-9355,Shima Rajabali,Shima,Rajabali,,200,
0000-0003-1106-0095,Zachary Gabor,Zachary,Gabor,,200,
0000-0003-1107-2862,Sibin Marian,Sibin,Marian,,200,
0000-0003-1109-1756,Zaid W. El-Husseini,Zaid,Elhusseini,Zaid W. El-Husseini,200,
0000-0003-1109-3823,Luca Pinello,Luca,Pinello,,200,
0000-0003-1111-7311,Sarah Cohen,Sarah,Cohen,,200,
0000-0003-1120-1783,Jesus C. Fabregas,Jesus,Fabregas,Jesus C. Fabregas,200,
0000-0003-1122-9655,Alexandra Wood,Alexandra,Wood,,200,
0000-0003-1126-547X,Youqi Gang,Youqi,Gang,,200,
0000-0003-1132-1937,Pengfei Zhang,Pengfei,Zhang,,200,
0000-0003-1133-3428,Hakjoo Kim,Hakjoo,Kim,,200,
0000-0003-1134-8195,Dafna Sharon Maksimov,Dafna,Sharon Maksimov,,200,
0000-0003-1135-6195,Andrew S. Hyatt,Andrew,Hyatt,Andrew S. Hyatt,200,
0000-0003-1137-2515,Ogochukwu Nwanne,Ogochukwu,Nwanne,,200,
0000-0003-1139-3383,Brian Surjanhata,Brian,Surjanhata,,200,
0000-0003-1139-6496,Kim Danforth,Kim,Danforth,,200,
0000-0003-1141-3559,Chloe H Anderson,Chloe,Anderson,Chloe H Anderson,200,
0000-0003-1141-5554,kun-hsiang Liu,kun-hsiang,Liu,,200,
0000-0003-1144-5710,Clarence Yapp,Clarence,Yapp,,200,
0000-0003-1146-2115,Youn-mi Kim,Youn-mi,Kim,,200,
0000-0003-1149-0474,Lei Shi,Lei,Shi,,200,
0000-0003-1155-1281,Anne Matthies,Anne,Matthies,,200,
0000-0003-1158-4737,Katelyn Vendrely Brenneman,Katelyn,Vendrely Brenneman,,200,
0000-0003-1162-7346,Jonah Medoff,Jonah,Medoff,,200,
0000-0003-1162-7530,Chitong Rao,Chitong,Rao,,200,
0000-0003-1162-9181,Moira E.  Harding,Moira E. ,Harding,,200,
0000-0003-1164-8606,Elizabeth Quattrocki Knight,Elizabeth,Quattrocki Knight,,200,
0000-0003-1165-8388,H. Sophia Chung,H. Sophia,Chung,H. Sophia Chung,200,
0000-0003-1166-4171,Collin Yves Ewald,Collin,Ewald,Collin Yves Ewald,200,
0000-0003-1166-5000,Yara Abu Awad,Yara,Abu Awad,,200,
0000-0003-1169-0062,John Lie,John,Lie,,200,
0000-0003-1173-2920,Yan Ma,Yan,Ma,,200,
0000-0003-1174-7700,David Tang,David,Tang,,200,
0000-0003-1176-0753,Lucy Liu,Lucy,Liu,,200,
0000-0003-1176-640X,Coral Stredny,Coral,Stredny,,200,
0000-0003-1182-0613,Christopher Richards,Christopher,Richards,,200,
0000-0003-1183-3027,Eileen Jerrett,Eileen,Jerrett,,200,
0000-0003-1183-8522,Susan Marquez,Susan,Marquez,,200,
0000-0003-1185-3693,Nicola Cloete,Nicola,Cloete,,200,
0000-0003-1186-3971,VIOLET KIMANI,VIOLET,KIMANI,,200,
0000-0003-1187-9025,Margaret Zi Han Zhou,Margaret Zi Han,Zhou,,200,
0000-0003-1188-1854,CS Cohen; Sarah Cohen; C. Sarah Cohen; Cynthia Cohen,C. Sarah,Cohen,CS Cohen; Sarah Cohen; C. Sarah Cohen; Cynthia Cohen,200,
0000-0003-1189-2254,Miguel A. Alcantar,Miguel A.,Alcantar,,200,
0000-0003-1189-2828,Brittany A Mayweather,Brittany,Mayweather,Brittany A Mayweather,200,
0000-0003-1190-6556,Merranda Logan,Merranda,Logan,,200,
0000-0003-1192-7904,siman Shen,siman,Shen,,200,
0000-0003-1193-0935,Patrick Holt,Patrick,Holt,,200,
0000-0003-1193-9841,Thomas Michel,Thomas,Michel,,200,
0000-0003-1194-3015,Humsa Venkatesh,Humsa,Venkatesh,,200,
0000-0003-1196-8669,Zachary Barsdale,Zachary,Barsdale,,200,
0000-0003-1197-0806,YUHWA Huang,YUHWA,Huang,,200,
0000-0003-1198-8125,Katherine H. Walker,Katherine H.,Walker,Katherine H. Walker,200,
0000-0003-1200-1185,Ryan E. Nelson,Ryan,Nelson,Ryan E. Nelson,200,
0000-0003-1200-9611,Jien Li,Jien,Li,,200,
0000-0003-1201-2204,Ellis Yeo,Ellis,Yeo,,200,
0000-0003-1202-9030,Clarence R. Manuel,Clarence R.,"Manuel, Ph.D",Clarence R. Manuel,200,
0000-0003-1203-725X,A.N. Calhoun,Amanda,Calhoun,A.N. Calhoun,200,
0000-0003-1205-4201,Michail Spanos,Michail,Spanos,,200,
0000-0003-1207-865X,Tridevi Chakma,Tridevi,Chakma,,200,
0000-0003-1208-2966,Justin Sparks,Justin,Sparks,,200,
0000-0003-1208-3547,Shuai Gao,Shuai,Gao,,200,
0000-0003-1209-2136,"Dr. Hristo Milchev, MD",Dr. Hristo,"Milchev, MD",,200,
0000-0003-1213-0008,William Lewis,William,Lewis,,200,
0000-0003-1217-9805,Kisha Nandini Sivanathan,Kisha Nandini,Sivanathan,,200,
0000-0003-1221-392X,"Muñoz, P.O.L.",Patricia,Oliveira Lima Muñoz,"Muñoz, P.O.L.",200,
0000-0003-1225-1133,Xavier Portillo,Xavier,Portillo,,200,
0000-0003-1231-5555,Heer Vipul  Joisher,Heer Vipul ,Joisher,,200,
0000-0003-1235-049X,Vasco Medeiros,Vasco,Medeiros,,200,
0000-0003-1236-1228,James Battat,James,Battat,,200,
0000-0003-1236-1279,Jonathan Soucy,Jonathan,Soucy,,200,
0000-0003-1236-7240,Nicholas Hang,Nicholas,Hang,,200,
0000-0003-1239-4425,Lucia Dammert,Lucia,Dammert,,200,
0000-0003-1239-883X,Ashley Thomas,Ashley,Thomas,,200,
0000-0003-1241-2072,Eliana Kim,Eliana,Kim,,200,
0000-0003-1243-0318,,,,,200,
0000-0003-1243-5813,Mesfin Awoke Bekalu,Mesfin Awoke,Bekalu,,200,
0000-0003-1247-0432,Erin Hecht,Erin,Hecht,,200,
0000-0003-1247-082X,Anne C. Shreffler,Anne C.,Shreffler,,200,
0000-0003-1247-6834,Sijing Zhao,Sijing,Zhao,,200,
0000-0003-1248-1828,Yuan Gao,Yuan,Gao,,200,
0000-0003-1249-0468,Ammar Najjar,Ammar,Najjar,,200,
0000-0003-1249-4522,Paul Ridker,Paul,Ridker,,200,
0000-0003-1249-563X,Trista North,Trista,North,,200,
0000-0003-1250-484X,mark wilson,mark,wilson,,200,
0000-0003-1253-8628,Patricia Henwood,Patricia,Henwood,,200,
0000-0003-1254-1675,Reza Mojahed Yazdi,Reza,Mojahed Yazdi,,200,
0000-0003-1259-2544,Tessa Misiaszek,Tessa,Misiaszek,,200,
0000-0003-1261-9831,Emily Werth,Emily,Werth,,200,
0000-0003-1262-3830,Kristin Osborn,Kristin,Osborn,,200,
0000-0003-1262-4868,Jeremy Bennett,Jeremy,Bennett,,200,
0000-0003-1263-3414,Lucas Cardoso Marinho,Lucas,Cardoso Marinho,,200,
0000-0003-1264-3081,Matthew Duveneck,Matthew,Duveneck,,200,
0000-0003-1264-6098,Shilpa Nadimpalli Kobren,Shilpa Nadimpalli,Kobren,,200,
0000-0003-1266-3218,Yasmin Hernandez-Barco,Yasmin,Hernandez-Barco,,200,
0000-0003-1269-3943,Xin Wang,Xin,Wang,,200,
0000-0003-1272-4746,Roula M. Abdel-Massih,Roula,Abdel-Massih,Roula M. Abdel-Massih,200,
0000-0003-1273-6368,Eliel Francisco Sanchez Acevedo,Eliel Francisco,Sanchez Acevedo,,200,
0000-0003-1275-681X,Aaron Sodickson,Aaron,Sodickson,,200,
0000-0003-1278-6306,Dennis Desmond,Dennis,Desmond,,200,
0000-0003-1279-9668,Stephanie  Liu,Stephanie ,Liu,,200,
0000-0003-1282-2274,Alvaro Laga,Alvaro,Laga,,200,
0000-0003-1287-9844,Andrew Ho,Andrew,Ho,,200,
0000-0003-1290-9556,Thomas Magauer,Thomas,Magauer,,200,
0000-0003-1291-470X,Colton Valentine,Colton,Valentine,,200,
0000-0003-1292-0309,Christian Rabeling,Christian,Rabeling,,200,
0000-0003-1294-0238,Jihoon Shin,Jihoon,Shin,,200,
0000-0003-1297-3048,Michele Miozzo,Michele,Miozzo,,200,
0000-0003-1297-6396,Yunchao Liu,Yunchao,Liu,,200,
0000-0003-1298-2470,Alyssa Cheadle,Alyssa,Cheadle,,200,
0000-0003-1301-5298,Nanette Nascone-Yoder,Nanette,Nascone-Yoder,,200,
0000-0003-1301-8106,Tiffani L. Bell Washington,Tiffani,Bell Washington,Tiffani L. Bell Washington,200,
0000-0003-1302-6659,Alexander O'Hara,Alexander,O'Hara,,200,
0000-0003-1305-1264,Whidul Hasan,Whidul,Hasan,,200,
0000-0003-1306-2334,Jack Gallifant,Jack,Gallifant,,200,
0000-0003-1307-7165,Sarah Jaehwa Park,Jae Hwa,Park,Sarah Jaehwa Park,200,
0000-0003-1308-3442,Humayun Sharif,Humayun,Sharif,,200,
0000-0003-1308-8585,Andrew Knoll,Andrew,Knoll,,200,
0000-0003-1310-6173,Gabriel Palma,Gabriel,Palma,,200,
0000-0003-1311-0914,Alex Beaudette,Alex,Beaudette,,200,
0000-0003-1312-0477,Alyssa Goodman,Alyssa,Goodman,Alyssa Goodman,200,
0000-0003-1312-6895,Elizabeth Y. Barnett,Elizabeth,Barnett,Elizabeth Y. Barnett,200,
0000-0003-1317-9292,Xinmin Qian,Xinmin,Qian,,200,
0000-0003-1319-9322,Ahmed Mahmoud Al-Azzam,Ahmed,Al-Azzam,Ahmed Mahmoud Al-Azzam,200,
0000-0003-1321-2507,Hope Ricciotti,Hope,Ricciotti,,200,
0000-0003-1321-9805,Jiajia  Zhang,Jiajia ,Zhang,,200,
0000-0003-1325-3499,"Saha, SK ",Subbroto Kumar,Saha,"Saha, SK ",200,
0000-0003-1327-4572,Sara Schley,Sara,Schley,,200,
0000-0003-1328-0577,Murillo Rodrigues dos Santos,Murillo,Rodrigues dos Santos,,200,
0000-0003-1329-7096,Yan Gong,Yan,Gong,,200,
0000-0003-1334-9001,Marit Ilves,Marit,Ilves,Marit Ilves,200,
0000-0003-1336-413X,Robert Manguso,Robert,Manguso,,200,
0000-0003-1337-1751,Adam B Jaffe,Adam B,Jaffe,,200,
0000-0003-1337-8750,"Noya, Arthur Gabriel Alves Furtado de Carvalho",Arthur Gabriel,Alves Furtado de Carvalho Noya,"Noya, Arthur Gabriel Alves Furtado de Carvalho",200,
0000-0003-1338-4771,Peter Kloen,Peter,Kloen,,200,
0000-0003-1339-5673,Kyung Soo Park,Kyung Soo,Park,,200,
0000-0003-1341-1848,John G. Flanagan,John,Flanagan,John G. Flanagan,200,
0000-0003-1344-5263,Marcus Jones,Marcus,Jones,,200,
0000-0003-1344-5423,Anjali Nelliat,Anjali,Nelliat,,200,
0000-0003-1348-8220,Ajay Labade,Ajay,Labade,,200,
0000-0003-1349-9608,Bertrand Delgutte,Bertrand,Delgutte,Bertrand Delgutte,200,
0000-0003-1351-4038,Hawazin Elani,Hawazin,Elani,,200,
0000-0003-1352-5888,Irene Bosch,Irene,Bosch,,200,
0000-0003-1354-1773,Robert Rodriguez,Robert,Rodriguez,,200,
0000-0003-1355-8305,Jorge Antonio Guerrero Navarro,Jorge Antonio,Guerrero Navarro,,200,
0000-0003-1356-0392,Chang Ho Yoon,Chang Ho,Yoon,,200,
0000-0003-1356-297X,Katelyn J White,Katelyn,White,Katelyn J White,200,
0000-0003-1356-5847,Cana F. McGhee,Cana,McGhee,Cana F. McGhee,200,
0000-0003-1357-9528,Larry Weinrauch,Larry,Weinrauch,,200,
0000-0003-1361-985X,Juliana Garcia-Mejia,Juliana,Garcia-Mejia,,200,
0000-0003-1362-7139,Zifei Yan,Zifei,Yan,,200,
0000-0003-1363-0741,Sneha Grandhi,Sneha,Grandhi,,200,
0000-0003-1363-3985,Leonid Lecca,Leonid,Lecca,,200,
0000-0003-1369-3443,Mahnaz Derakhshan,Mahnaz,Derakhshan,,200,
0000-0003-1369-4470,Eric Muehlbauer,Eric,Muehlbauer,,200,
0000-0003-1369-6556,Xingjian Zhang,Xingjian,Zhang,,200,
0000-0003-1369-6847,Joao Ascensao,Joao,Ascensao,,200,
0000-0003-1370-2629,Byeongyeon (Terry) Cho,Byeongyeon,Cho,Byeongyeon (Terry) Cho,200,
0000-0003-1372-1301,Allison Hicks,Allison,Hicks,,200,
0000-0003-1377-3902,Sruthi Adimadhyam,Sruthi,Adimadhyam,,200,
0000-0003-1377-5852,Yee-Sien Ng,Yee-Sien,Ng,,200,
0000-0003-1378-5073,Ning Zou,Ning,Zou,,200,
0000-0003-1379-9563,Dr Hemanta Koley,Dr Hemanta,Koley,,200,
0000-0003-1380-2160,Michael Greenberg,Michael,Greenberg,,200,
0000-0003-1381-5711,Ana Paula Rabelo De Oliveira,Ana Paula,Rabelo De Oliveira,,200,
0000-0003-1382-0262,Rasit Dinc,Rasit,Dinc,,200,
0000-0003-1382-5792,Cody Musselman,Cody,Musselman,,200,
0000-0003-1384-5849,Laura Cohen,Laura,Cohen,,200,
0000-0003-1386-3828,Anastasia Yendiki,Anastasia,Yendiki,,200,
0000-0003-1386-4070,Liyi Dai,Liyi,Dai,,200,
0000-0003-1386-680X,Tobias Schatton,Tobias,Schatton,,200,
0000-0003-1387-2994,Virginia Sun,Virginia,Sun,,200,
0000-0003-1390-7800,Andrew O'Donohue,Andrew,O'Donohue,,200,
0000-0003-1395-5044,Junqiang LIU,Junqiang,LIU,,200,
0000-0003-1397-3074,Alina Simerzin,Alina,Simerzin,,200,
0000-0003-1397-4106,Timothy Marjoribanks,Timothy,Marjoribanks,,200,
0000-0003-1398-7644,Narges Afshordi,Narges,Afshordi,,200,
0000-0003-1399-4983,Yuxing Zhang,Yuxing,Zhang,,200,
0000-0003-1399-6487,Abdelrahman Abushouk,Abdelrahman,Abushouk,,200,
0000-0003-1406-6839,Francisco Javier Martín González,Francisco Javier,Martín González,,200,
0000-0003-1407-2876,SANDEEP CHAMOLI,SANDEEP,CHAMOLI,,200,
0000-0003-1407-6164,Sophia Becker,Sophia,Becker,,200,
0000-0003-1410-1569,Eric Schultz,Eric,Schultz,,200,
0000-0003-1410-5842,Louis Liebenberg,Louis,Liebenberg,,200,
0000-0003-1411-8045,Gabriella Herrera,Gabriella,Herrera,,200,
0000-0003-1415-3115,Nyasha ,Nyasha ,,,200,
0000-0003-1419-8719,Duncan Forster,Duncan,Forster,,200,
0000-0003-1419-9404,Lizhi Xiao,Lizhi,Xiao,,200,
0000-0003-1420-1236,Ayush Noori,Ayush,Noori,,200,
0000-0003-1424-7306,Sitara Roy,Sitara,Roy,,200,
0000-0003-1424-7437,William Schmidt,William,Schmidt,,200,
0000-0003-1425-6288,John de la Parra,John,de la Parra,,200,
0000-0003-1426-6611,Michael Rale,Michael,Rale,,200,
0000-0003-1428-1950,Madeleine Blusi,Madeleine,Blusi,,200,
0000-0003-1429-118X,Shadi Gholami,Shadi Khadijeh,Gholami,Shadi Gholami,200,
0000-0003-1429-6044,Jung Min Han,Jung Min,Han,,200,
0000-0003-1430-4657,Elsa Goerig,Elsa,Goerig,,200,
0000-0003-1430-8295,Devan Solanki,Devan,Solanki,,200,
0000-0003-1431-1769,Hopi Hoekstra,Hopi,Hoekstra,,200,
0000-0003-1431-1996,Sarah Davis Westwood,Sarah Davis,Westwood,Sarah Davis Westwood,200,
0000-0003-1431-8389,Anh Cao,Anh,Cao,,200,
0000-0003-1432-1705,Imran Ullah,Imran,Ullah,,200,
0000-0003-1432-6792,Prabhat Upadhyay,PRABHAT,UPADHYAY,Prabhat Upadhyay,200,
0000-0003-1432-8894,Travis D. Goode,Travis,Goode,Travis D. Goode,200,
0000-0003-1436-369X,Jaeyoon Cha,Jaeyoon,Cha,,200,
0000-0003-1437-3724,Erica Kenney,Erica,Kenney,,200,
0000-0003-1438-9232,Bnaya Dreyfuss,Bnaya,Dreyfuss,,200,
0000-0003-1445-257X,Mary L Shelman,Mary,Shelman,Mary L Shelman,200,
0000-0003-1449-9482,Daniel Roe,Daniel,Roe,,200,
0000-0003-1453-5201,Masoud Kamali,Masoud,Kamali,Masoud Kamali,200,
0000-0003-1455-113X,John Hinson,John,Hinson,,200,
0000-0003-1458-7597,Walter Willett,Walter,Willett,,200,
0000-0003-1458-8207,Masanori Fujimoto,Masanori,Fujimoto,,200,
0000-0003-1461-3855,Kathryn Leech,Kathryn,Leech,,200,
0000-0003-1461-5762,Hailiang Huang,Hailiang,Huang,Hailiang Huang,200,
0000-0003-1462-1185,Sharmila Dorbala,Sharmila,Dorbala,,200,
0000-0003-1462-7085,Pranav Misra,Pranav,Misra,,200,
0000-0003-1463-7697,John Park,John,Park,,200,
0000-0003-1463-9748,Robert M Freeman Jr,Robert,Freeman,Robert M Freeman Jr,200,
0000-0003-1464-079X,Logan Brown,Logan,Brown,,200,
0000-0003-1468-2906,Chen Zhang,Chen,Zhang,,200,
0000-0003-1475-4228,Vaibhav Mohanty,Vaibhav,Mohanty,,200,
0000-0003-1475-6573,María Nieves Martínez de Olcoz,María Nieves,MARTÍNEZ DE OLCOZ,María Nieves Martínez de Olcoz,200,
0000-0003-1475-8667,Stephanie Armbruster,Stephanie,Armbruster,,200,
0000-0003-1476-1241,Cora Dvorkin,Cora,Dvorkin,,200,
0000-0003-1479-4182,Ilaria L.E. Ramelli,Ilaria L.E.,Ramelli,,200,
0000-0003-1479-7236,Fiona Reed,Fiona,Reed,,200,
0000-0003-1480-2445,Sallie W. Chisholm or Penny Chisholm,Sallie,Chisholm,Sallie W. Chisholm or Penny Chisholm,200,
0000-0003-1482-5110,Stefania Ketzetzi,Stefania,Ketzetzi,,200,
0000-0003-1483-9651,David Boufford,David,Boufford,,200,
0000-0003-1485-0287,,,,,200,
0000-0003-1485-2119,Maggie McFee,Maggie,McFee,,200,
0000-0003-1485-873X,Karan Malhotra,Karan,Malhotra,,200,
0000-0003-1487-4238,Ori Heffetz,Ori,Heffetz,,200,
0000-0003-1488-011X,Seerat Chawla,Seerat,Chawla,,200,
0000-0003-1494-1402,Yanhui Hu,Yanhui,Hu,,200,
0000-0003-1496-6044,Steven J. Mentzer,Steven,Mentzer,Steven J. Mentzer,200,
0000-0003-1498-4592,Robin Albrecht,Robin,Albrecht,,200,
0000-0003-1498-8323,Cameron R. Wiley,Cameron,Wiley,Cameron R. Wiley,200,
0000-0003-1499-2576,Simon Giroux,Simon,Giroux,,200,
0000-0003-1500-9115,Rostyslav Oreshko,Rostyslav,Oreshko,,200,
0000-0003-1504-9213,Lipsitch M,Marc,Lipsitch,Lipsitch M,200,
0000-0003-1507-120X,Peter D. Usher,Peter D.,Usher,,200,
0000-0003-1508-0069,Nathan Georgette,Nathan,Georgette,,200,
0000-0003-1509-0152,Yinka Oyelese,Yinka,Oyelese,,200,
0000-0003-1509-7581,Michael Currie,Michael,Currie,,200,
0000-0003-1513-0337,Franko Hržić,Franko,Hržić,,200,
0000-0003-1517-1286,Jane Herrera Uria,Jane,Herrera Uria,,200,
0000-0003-1521-6763,Andrea Unzueta-Martinez,Andrea,Unzueta-Martinez,,200,
0000-0003-1523-0469,Noor Giasuddin,Noor,Giasuddin,,200,
0000-0003-1525-3695,Harry Bastermajian,Harry,Bastermajian,,200,
0000-0003-1527-1535,Andrew Abboud,Andrew,Abboud,,200,
0000-0003-1530-0658,Athena Eyster,Athena,Eyster,,200,
0000-0003-1530-7577,Jun Zhou,Jun,Zhou,,200,
0000-0003-1532-2662,Anna Pawłowska,Anna,Pawłowska,,200,
0000-0003-1532-756X,Asil Yaman,Asil,Yaman,Asil Yaman,200,
0000-0003-1535-1068,Xiaoxiao Kwete,Xiaoxiao,Kwete,,200,
0000-0003-1536-466X,Hannah Reese,Hannah,Reese,,200,
0000-0003-1540-4641,Crystal  Green,Crystal ,Green,,200,
0000-0003-1540-9493,Karla Martinez,Karla,Martinez,,200,
0000-0003-1544-4248,Huajun Feng,Huajun,Feng,,200,
0000-0003-1544-9014,Jeremy Wei,Chiching,Wei,Jeremy Wei,200,
0000-0003-1551-5296,Shuyang Zhang,Shuyang,Zhang,,200,
0000-0003-1551-7072,Richard Frank,Richard,Frank,,200,
0000-0003-1552-8695,Aaron Burberry,Aaron,Burberry,,200,
0000-0003-1552-8871,Amy Herring,Amy,Herring,,200,
0000-0003-1557-9062,Urs Fisch,Urs,Fisch,,200,
0000-0003-1563-4172,Nana Afia  Twumasi-Ankrah,Nana Afia ,Twumasi-Ankrah,,200,
0000-0003-1566-6932,Daniel Laorenza,Daniel,Laorenza,,200,
0000-0003-1568-8293,Sarah Hoback,Sarah,Hoback,,200,
0000-0003-1572-2383,Ahmed Mahas,Ahmed,Mahas,,200,
0000-0003-1572-3706,Emma Ronzetti,Emma,Ronzetti,,200,
0000-0003-1572-5795,Fairlee Fabrett,Fairlee,Fabrett,,200,
0000-0003-1573-3752,Lucy Liu,Lucy,Liu,,200,
0000-0003-1574-0784,Seiji Isotani,Seiji,Isotani,,200,
0000-0003-1574-8225,Daniel Wang Feng,Daniel,Wang Feng,,200,
0000-0003-1575-4529,Heide F. B. Murray,Heide,Murray,Heide F. B. Murray,200,
0000-0003-1578-906X,Wesley Campbell,Wesley,Campbell,,200,
0000-0003-1579-2947,Christy Cummings,Christy,Cummings,,200,
0000-0003-1579-3499,Brenna Kirk,Brenna,Kirk,,200,
0000-0003-1580-3191,Emperador Perez,Emperador,Perez,,200,
0000-0003-1580-6317,Mircea Lucian Filimon,Mircea Lucian,Filimon,,200,
0000-0003-1581-5483,Richard Meadow,Richard,Meadow,,200,
0000-0003-1585-2452,Jessica Domitrovic,Jessica,Domitrovic,,200,
0000-0003-1588-9263,Taeyoung Kim,Taeyoung,Kim,,200,
0000-0003-1589-5671,Anne-Michelle Engelstad,Anne-Michelle,Engelstad,,200,
0000-0003-1589-5700,Allan Brandt,Allan,Brandt,,200,
0000-0003-1590-9404,Henry Leitner,Henry,Leitner,,200,
0000-0003-1595-3042,Rachel Z. Friedman,Rachel,Friedman,Rachel Z. Friedman,200,
0000-0003-1597-6818,Pavana Suresh,Pavana,Suresh,,200,
0000-0003-1598-0083,Kung-Yi Su,Kung-Yi,Su,,200,
0000-0003-1600-3073,Vitaly Zakuta,Vitaly,Zakuta,,200,
0000-0003-1603-9607,Benjamin David Thomson,Benjamin,Thomson,Benjamin David Thomson,200,
0000-0003-1608-159X,Nishant Suneja,Nishant,Suneja,,200,
0000-0003-1612-1918,Tatiana Sandino,Tatiana,Sandino,,200,
0000-0003-1612-5759,Joyce W. I. Ho,Wing In,Ho,Joyce W. I. Ho,200,
0000-0003-1619-6389,Christina F Mondi,Christina,Mondi-Rago,Christina F Mondi,200,
0000-0003-1619-8456,Miguel Hernán,Miguel,Hernán,,200,
0000-0003-1622-0537,Nicole Kogan,Nicole,Kogan,,200,
0000-0003-1625-0146,Eric Mörth,Eric,Mörth,,200,
0000-0003-1626-1646,Hammad Talat,Hammad,Talat,,200,
0000-0003-1626-2657,Mona Kamal,Mona,Kamal Jomaa,Mona Kamal,200,
0000-0003-1630-6584,Roger Chang,Roger,Chang,,200,
0000-0003-1630-7771,Robert A King,Robert,King,Robert A King,200,
0000-0003-1631-0815,Rubén Tamboleo García,Rubén,Tamboleo García,,200,
0000-0003-1632-9284,Marco Alcocer,Marco,Alcocer,,200,
0000-0003-1638-2376,Diego A Pacheco,DIEGO,PACHECO PINEDO,Diego A Pacheco,200,
0000-0003-1638-8575,Adel` El Boueiz,Adel`,El Boueiz,,200,
0000-0003-1640-3237,Ariana Aram,Ariana,Aram,,200,
0000-0003-1645-4587,Shelly Kalaora,Shelly,Kalaora,,200,
0000-0003-1645-5133,Olga Alekseyenko,Olga,Alekseyenko,,200,
0000-0003-1645-7278,SASI S SENGA,SASI,S SENGA,,200,
0000-0003-1647-5329,Daniel P. Dickstein,Daniel,Dickstein,Daniel P. Dickstein,200,
0000-0003-1647-6698,Jingnan Du,Jingnan,Du,Jingnan Du,200,
0000-0003-1653-1837,Mohammadreza  Hajipour ,Mohammadreza ,Hajipour ,,200,
0000-0003-1654-198X,Bogang Wu,Bogang,Wu,,200,
0000-0003-1655-3614,Cory B. French,Cory,French,Cory B. French,200,
0000-0003-1655-9151,Susanne Yelin,Susanne,Yelin,,200,
0000-0003-1656-9501,Andrés M. Mier Valdivia,Andrés M.,Mier Valdivia,Andrés M. Mier Valdivia,200,
0000-0003-1658-4613,John Ernandez,John,Ernandez,,200,
0000-0003-1658-6598,Nathaniel Mercaldo,Nathaniel,Mercaldo,Nathaniel Mercaldo,200,
0000-0003-1659-1020,Jack Greiner,Jack,Greiner,,200,
0000-0003-1660-9112,Nikolaos P. Daskalakis,Nikolaos,Daskalakis,Nikolaos P. Daskalakis,200,
0000-0003-1661-3111,Ziwei Qiu,Ziwei,Qiu,,200,
0000-0003-1662-1840,jaclyn davis,jaclyn,davis,,200,
0000-0003-1664-1470,Trudi Frost,Trudi,Frost,,200,
0000-0003-1665-5311,Carrie James,Carrie,James,,200,
0000-0003-1666-0858,Shani Cohen,Shani,Cohen,,200,
0000-0003-1669-1996,Tae Joon Kwak,Tae Joon,Kwak,,200,
0000-0003-1669-5479,Chi-Cheng Huang,Chi-Cheng,Huang,,200,
0000-0003-1670-9754,Tobias Egle,Tobias,Egle,,200,
0000-0003-1673-9216,Timothy B. Sackton,Timothy,Sackton,Timothy B. Sackton,200,
0000-0003-1679-4880,Mohammad Hafezi,Mohammad,Hafezi,,200,
0000-0003-1680-7258,Tomasz Blusiewicz,Tomasz,Blusiewicz,,200,
0000-0003-1683-6884,Precious Cramer,Precious,Cramer,,200,
0000-0003-1684-3064,Adam Mastroianni,Adam,Mastroianni,,200,
0000-0003-1684-6273,Yang Zhang,Yang,Zhang,,200,
0000-0003-1687-2738,Ciara Sypherd,Ciara,Sypherd,,200,
0000-0003-1687-4370,Kate Papp,Kate,Papp,,200,
0000-0003-1691-220X,Suzanne Wones,Suzanne,Wones,,200,
0000-0003-1693-5065,Laura Simone Lewis,Laura Simone,Lewis,,200,
0000-0003-1696-443X,Erica Nelson,Erica,Nelson,,200,
0000-0003-1701-0136,Scott Yockel,Scott,Yockel,,200,
0000-0003-1701-3265,Jonchee A. Kao,Jonchee,Kao,Jonchee A. Kao,200,
0000-0003-1709-0308,Alexandru Bodislav,Alexandru,Bodislav,,200,
0000-0003-1710-4482,Shahab R. Khan,Shahab,Khan,Shahab R. Khan,200,
0000-0003-1712-2816,Alex R Hodges,Alex,Hodges,Alex R Hodges,200,
0000-0003-1712-8484,Alexander More,Alexander,More,,200,
0000-0003-1715-878X,"Kevin E. Bennet, MBA, PhD",Kevin Elliott,Bennet,"Kevin E. Bennet, MBA, PhD",200,
0000-0003-1720-1135,Dongyao Wang,Dongyao,Wang,Dongyao Wang,200,
0000-0003-1720-2672,Taewoo Lee,Taewoo,Lee,,200,
0000-0003-1721-8594,Slawomir A Dziedzic,Slawomir,Dziedzic,Slawomir A Dziedzic,200,
0000-0003-1724-4055,Urvi Khaitan,Urvi,Khaitan,,200,
0000-0003-1724-6122,Yangtian Yi,Yangtian,Yi,,200,
0000-0003-1725-7067,Alexander Lovely,Alexander,Lovely,,200,
0000-0003-1726-5809,Fehnel C,Corey,Fehnel,Fehnel C,200,
0000-0003-1727-2195,Amanda Darling,Amanda,Darling,,200,
0000-0003-1729-7878,Stevie Kennedy-Gold,Stevie,Kennedy-Gold,,200,
0000-0003-1732-0740,Abdulkhaliq Alsaadi,Abdulkhaliq,Alsaadi,,200,
0000-0003-1733-3349,DongJu Lee,Dongju,Lee,DongJu Lee,200,
0000-0003-1735-0608,Petros Koutrakis,Petros,Koutrakis,,200,
0000-0003-1737-4861,Margaret Ruth Lindeman,Margaret Ruth,Lindeman,,200,
0000-0003-1738-7777,Jesse Schafer,Jesse,Schafer,,200,
0000-0003-1738-8518,Alejandro L. Madrid,Alejandro L.,Madrid,Alejandro L. Madrid,200,
0000-0003-1740-8777,Daniel Vena,Daniel,Vena,,200,
0000-0003-1742-3280,Ashley M. Nelson,Ashley,Nelson,Ashley M. Nelson,200,
0000-0003-1745-8539,Laine Marrah,Laine,Marrah,,200,
0000-0003-1748-143X,Amy Westbrook,Amy,Westbrook,,200,
0000-0003-1749-7626,Jessica Creighton,Jessica,Creighton,,200,
0000-0003-1749-8549,Shehzad Basaria,Shehzad,Basaria,,200,
0000-0003-1750-5892,Azadeh O. Sawyer,Azadeh O.,Sawyer,Azadeh O. Sawyer,200,
0000-0003-1751-7084,Daliang Li,Daliang,Li,,200,
0000-0003-1756-178X,Konstantinos Maliaris,Konstantinos,Maliaris,,200,
0000-0003-1758-616X,Luis Boero,Luis,Boero,,200,
0000-0003-1759-1161,Baochun Zhang,Baochun,Zhang,,200,
0000-0003-1760-4903,Akash Sabarwal,Akash,Sabarwal,,200,
0000-0003-1762-5069,Siona Prasad,Siona,Prasad,,200,
0000-0003-1764-3662,Xu Zhang,Xu,Zhang,,200,
0000-0003-1764-4905,Miri Song,Miri,Song,,200,
0000-0003-1765-0301,Michael M. Lerch,Michael M.,Lerch,,200,
0000-0003-1766-3700,Ingrid Eagly,Ingrid,Eagly,,200,
0000-0003-1768-6777,Harlan Stevens,Harlan,Stevens,,200,
0000-0003-1769-5120,Joshua Chalif,Joshua,Chalif,,200,
0000-0003-1770-3100,Phil Lee,Phil,Lee,,200,
0000-0003-1770-3485,Mona AlSharif,Mona,AlSharif,,200,
0000-0003-1770-6221,John Snarey,John,Snarey,,200,
0000-0003-1772-0082,Yuen-Joyce Liu,Yuen-Joyce,Liu,,200,
0000-0003-1774-4738,John Guinan,John,Guinan,,200,
0000-0003-1774-9053,"Parizotto, N.A.",NIVALDO ANTONIO,PARIZOTTO,"Parizotto, N.A.",200,
0000-0003-1775-715X,Richard Lee,Richard,Lee,,200,
0000-0003-1778-4043,Cristina Stewart Bittencourt Bogsan,Cristina Stewart Bittencourt,Bogsan,,200,
0000-0003-1779-9309,Désirée A. Schmitz,Désirée,Schmitz,Désirée A. Schmitz,200,
0000-0003-1780-477X,Gabriella Sierra,Gabriella,Sierra,,200,
0000-0003-1780-9300,Andrew H. Ahn,Andrew H,Ahn,Andrew H. Ahn,200,
0000-0003-1781-330X,Arnaud Lyon,Arnaud,Lyon,,200,
0000-0003-1784-865X,Peiyuan Kang,Peiyuan,Kang,,200,
0000-0003-1786-3366,Malak Abedalthagafi,Malak,Abedalthagafi,,200,
0000-0003-1789-7363,Jongmin Kim,Jongmin,Kim,,200,
0000-0003-1790-0737,Kimberly Greco,Kimberly,Greco,,200,
0000-0003-1791-4020,Daine L. Danielson,Daine,Danielson,Daine L. Danielson,200,
0000-0003-1792-4771,Walid Akef,Walid,Akef,,200,
0000-0003-1796-8555,Xiuqi Li,Xiuqi,Li,,200,
0000-0003-1798-6542,Jennifer Su,Jennifer,Su,,200,
0000-0003-1799-127X,Alexander L. Chu,Alexander L.,Chu,Alexander L. Chu,200,
0000-0003-1799-6716,Liangju Kuang,Liangju,Kuang,,200,
0000-0003-1802-883X,Orelia Jonathan,Orelia,Jonathan,,200,
0000-0003-1804-2121,Joseph  Steele,Joseph ,Steele,,200,
0000-0003-1806-6385,Jason Ur,Jason,Ur,,200,
0000-0003-1806-702X,Gillian Coughlan,Gillian,Coughlan,,200,
0000-0003-1807-8183,Katalin Sulyok,Katalin,Sulyok,,200,
0000-0003-1807-9805,Christian Egon Lobmüller,Christian Egon,Lobmüller,,200,
0000-0003-1808-5658,Katherine Young,Katherine,Young,,200,
0000-0003-1809-4001,T.H.K. Vu,T.H.K.,Vu,,200,
0000-0003-1811-8878,Criselle Angeline Penamante,Criselle Angeline,Penamante,,200,
0000-0003-1812-9825, Guo Yu, Guo,Yu,,200,
0000-0003-1813-1992,Michael Räz,Michael,Räz,,200,
0000-0003-1813-3998,YUJI NAGASAWA,YUJI,NAGASAWA,,200,
0000-0003-1814-5198,Esra’a Keewan ,ESRA’A FARIS,KEEWAN,Esra’a Keewan ,200,
0000-0003-1816-4479,Jacques Yana Mbena,Jacques,Yana Mbena,,200,
0000-0003-1818-519X,Risa Jampel,Risa,Jampel,,200,
0000-0003-1820-5656,Nathalie Pochet,Nathalie,Pochet,,200,
0000-0003-1825-4810,shawn rosenberg,shawn,rosenberg,,200,
0000-0003-1826-7152,Dr. ABDULELAH A. AL-AZZAM,Dr. ABDULELAH A.,AL-AZZAM,,200,
0000-0003-1828-3814,Katrina Warner,Katrina,Warner,,200,
0000-0003-1828-7241,Nicole Prutsch,Nicole,Prutsch,,200,
0000-0003-1829-3764,Peng Gao,Peng,Gao,,200,
0000-0003-1830-3619,Sukru Furkan Ozturk,Sukru Furkan,Ozturk,,200,
0000-0003-1832-3329,Collins K Cheruiyot,Collins K,Cheruiyot,,200,
0000-0003-1834-3354,Wenjiang Deng,Wenjiang,Deng,,200,
0000-0003-1841-0844,Zhizhong Pu,Zhizhong,Pu,,200,
0000-0003-1841-620X,Megan Felicity Hoang,Megan,Hoang,Megan Felicity Hoang,200,
0000-0003-1841-7093,Dinesh Mehta,Dinesh,Mehta,Dinesh Mehta,200,
0000-0003-1842-4760,Daniel Kanstroom,Daniel,Kanstroom,,200,
0000-0003-1845-6498,Debra Weisenstein,Debra,Weisenstein,,200,
0000-0003-1847-0177,Peter T. Hu,Peter,Hu,Peter T. Hu,200,
0000-0003-1848-9687,Salar Sajedi,Salar,Sajedi,,200,
0000-0003-1850-6950,soheila Ali Akbari Ghavimi,soheila,Ali Akbari Ghavimi,,200,
0000-0003-1851-7561,ISIN UNAL-CEVIK,ISIN,UNAL-CEVIK,,200,
0000-0003-1853-0651,Daniel Cadarette,Daniel,Cadarette,,200,
0000-0003-1854-0710,Qianman Peng,Qianman,Peng,,200,
0000-0003-1854-3428,Benedikt Geiger,Benedikt,Geiger,,200,
0000-0003-1856-3365,Janos Perczel,Janos,Perczel,,200,
0000-0003-1857-8700,Juntao Hu,Juntao,Hu,,200,
0000-0003-1866-1723,Phani Raj,Phani,Raj,,200,
0000-0003-1866-457X,Abhirup Das,Abhirup,Das,,200,
0000-0003-1866-7500,Sha Xin Wei,Xin Wei,Sha,Sha Xin Wei,200,
0000-0003-1866-8407,Kerui Huang,Kerui,Huang,,200,
0000-0003-1867-4401,Satpreet H. Singh,Satpreet Harcharan,Singh,Satpreet H. Singh,200,
0000-0003-1868-8619,Boyan Li,Boyan,Li,,200,
0000-0003-1868-9179,h michael shepard,h michael,shepard,,200,
0000-0003-1870-4869,Daniel Arias,Daniel,Arias,,200,
0000-0003-1870-9176,Kelzang T. Tashi,Kelzang,T. Tashi,,200,
0000-0003-1872-304X,Jonathan Coraor Fried,Jonathan,Coraor Fried,Jonathan Coraor Fried,200,
0000-0003-1873-9359,Jongeun Rhee,Jongeun,Rhee,,200,
0000-0003-1875-097X,,,,,200,
0000-0003-1879-9255,Amirkasra Mojtahed,Amirkasra,Mojtahed,,200,
0000-0003-1881-1998,Mark van Buchem,Mark,van Buchem,,200,
0000-0003-1881-2376,Yana Al-Inaya ,Yana,Al-Inaya ,,200,
0000-0003-1882-801X,Kelly McFarlane,Kelly,McFarlane,,200,
0000-0003-1883-1294,YOUSIF S. ALAKEEL,YOUSIF,ALAKEEL,YOUSIF S. ALAKEEL,200,
0000-0003-1884-1505,Sarah L Johns,Sarah,Johns,Sarah L Johns,200,
0000-0003-1885-3784,Christina Gómez,Christina,Gómez,,200,
0000-0003-1889-3188,Kathryn Taylor,Kathryn,Taylor,,200,
0000-0003-1889-6629,Jeffrey P. Emanuel,Jeff,Emanuel,Jeffrey P. Emanuel,200,
0000-0003-1889-6821,Varshini Subhash,Varshini,Subhash,,200,
0000-0003-1892-2292,Majed Amini,Majed,Amini,,200,
0000-0003-1893-199X,Roman Teo Oliynyk,Roman,Oliynyk,Roman Teo Oliynyk,200,
0000-0003-1898-5728,Kathryn Tomsho,Kathryn,Tomsho,,200,
0000-0003-1899-6013,Antonio LaPorte,Antonio,LaPorte,,200,
0000-0003-1899-814X,Ana Galesic,Ana,Galesic,,200,
0000-0003-1899-9898,Jane Barrow,Jane,Barrow,,200,
0000-0003-1901-0113,Robert Martuza,Robert,Martuza,,200,
0000-0003-1903-2136,Tommaso Di Maira,Tommaso,Di Maira,,200,
0000-0003-1904-9958,Andrea Loya Castillo,Andrea,Loya Castillo,,200,
0000-0003-1905-6971,Jae Hyo Han,Jae Hyo,Han,,200,
0000-0003-1909-1427,Romi Jain,Romi,Jain,,200,
0000-0003-1909-2032,Jelena Todorovic,Jelena,Todorovic,,200,
0000-0003-1910-9623,Nathan Sun,Nathan,Sun,,200,
0000-0003-1913-970X,Laxman Ghimire,Laxman,Ghimire,,200,
0000-0003-1916-3275,Moustafa Saleh,Moustafa,Saleh,,200,
0000-0003-1919-2973,Michael Bigby,Michael,Bigby,,200,
0000-0003-1921-3738,Shuwen Liu,Shuwen,Liu,,200,
0000-0003-1922-7558,Stuart Schreiber,Stuart,Schreiber,,200,
0000-0003-1924-6118,Stanley Buchin,Stanley,Buchin,,200,
0000-0003-1925-1195,Gabriele Casirati,Gabriele,Casirati,,200,
0000-0003-1925-3641,Hervet Randriamady,Hervet,Randriamady,,200,
0000-0003-1925-8768,Robert Buckingham,Robert,Buckingham,,200,
0000-0003-1934-9483,Fatima Alghoul,Fatima,Alghoul,,200,
0000-0003-1936-6363,Minghao Zhao,Minghao,Zhao,,200,
0000-0003-1937-9316,Paul Okunieff,Paul,Okunieff,,200,
0000-0003-1938-3286,Georgios Bikos,Georgios,Bikos,,200,
0000-0003-1940-9538,Sundari Chetty,Sundari,Chetty,,200,
0000-0003-1941-1750,Vitaly Napadow,Vitaly,Napadow,,200,
0000-0003-1943-9841,Connor Y.H. Wu,Connor Y.H.,Wu,Connor Y.H. Wu,200,
0000-0003-1944-2741,Luis  Girón Negrón,Luis ,Girón Negrón,,200,
0000-0003-1945-7775,Alexandra K. Turvey,Alexandra,Turvey,Alexandra K. Turvey,200,
0000-0003-1950-7031,Jesse S. Plung,Jesse,Plung,Jesse S. Plung,200,
0000-0003-1951-8961,Molin Wang,Molin,Wang,,200,
0000-0003-1953-067X,Michael Kim,Michael,Kim,,200,
0000-0003-1953-1576,Guilherme Bottino,Guilherme,Bottino,,200,
0000-0003-1957-6635,Li Zeng,Li,Zeng,Li Zeng,200,
0000-0003-1960-2493,"Lisa Gualtieri, PhD, ScM",Lisa,Gualtieri,"Lisa Gualtieri, PhD, ScM",200,
0000-0003-1960-9839,Jinghang Li,Jinghang,Li,,200,
0000-0003-1961-4179,Anna-Sophia Boguraev,Anna-Sophia,Boguraev,,200,
0000-0003-1962-0106,Liping Zhang,Liping,Zhang,,200,
0000-0003-1963-8162,Harold Burstein,Harold,Burstein,,200,
0000-0003-1964-7579,Kaumudi Joshipura,Kaumudi,Joshipura,,200,
0000-0003-1966-0378,David Bayne,David,Bayne,,200,
0000-0003-1966-1581,Mnotho Thamsanqa Ngcobo,Mnotho Thamsanqa,Ngcobo,,200,
0000-0003-1967-039X,Alex Ocampo,Alex,Ocampo,,200,
0000-0003-1969-7103,Frederick Tarantino,Frederick,Tarantino,,200,
0000-0003-1972-4204,Lisa A. Robinson,Lisa,Robinson,Lisa A. Robinson,200,
0000-0003-1972-5186,JEANNE MARIE IORIO,JEANNE MARIE,IORIO,,200,
0000-0003-1972-7026,Markus Dettenhofer,Markus,Dettenhofer,,200,
0000-0003-1974-0116,Adwitia Dey,Adwitia,Dey,,200,
0000-0003-1974-9276,Madeleine Kline,Madeleine,Kline,,200,
0000-0003-1975-3013,Dylan Flicker,Dylan,Flicker,,200,
0000-0003-1982-6569,Tõnu Esko,Tonu,Esko,Tõnu Esko,200,
0000-0003-1983-4374,Harriet,Harriet,,,200,
0000-0003-1984-5727,Peter Rentzepis,Peter,Rentzepis,,200,
0000-0003-1991-0533,Ana Trisovic,Ana,Trisovic,,200,
0000-0003-1992-6893,,,,,200,
0000-0003-1993-5490,Mary T White,Mary T,White,,200,
0000-0003-1995-5854,Yen-Fu Cheng,Yen-Fu,Cheng,,200,
0000-0003-2000-2073,Katie Lin,Katie,Lin,,200,
0000-0003-2002-7473,Amit Nagarkar,Amit,Nagarkar,,200,
0000-0003-2003-4649,Jean-Pierre DesGroseilliers,Jean-Pierre,DesGroseilliers,,200,
0000-0003-2004-6586,Benjamin Goulet-Scott,Benjamin,Goulet-Scott,,200,
0000-0003-2005-528X,Jasmine Shahin,Jasmine,Shahin,,200,
0000-0003-2006-3992,Joshua De Sousa Casal,Joshua,De Sousa Casal,,200,
0000-0003-2008-2114,Ramon Lee,Ramon,Lee,,200,
0000-0003-2008-3133,jaime imitola,jaime,imitola,,200,
0000-0003-2009-270X,Omid Farokhzad,Omid,Farokhzad,,200,
0000-0003-2009-7674,Martien A. Halvorson-Taylor,Martien,Halvorson-Taylor,Martien A. Halvorson-Taylor,200,
0000-0003-2012-1259,Gabriella Boulting,Gabriella,Boulting,,200,
0000-0003-2012-146X,Azim Dharani,Azim,Dharani,,200,
0000-0003-2012-1910,Magdalena Larreboure,Magdalena,Larreboure,,200,
0000-0003-2016-0717,Aditi Banerjee,Aditi,Banerjee,,200,
0000-0003-2019-5645,Ilzat Ali,Ilzat,Ali,,200,
0000-0003-2021-536X,"Baylon, Michael Bautista",MICHAEL,BAYLON,"Baylon, Michael Bautista",200,
0000-0003-2022-8013,Fernando Bermejo,Fernando,Bermejo,,200,
0000-0003-2023-9900,"Jyotirmaya Behera, Ph.D.",Jyotirmaya,"Behera, Ph.D.",,200,
0000-0003-2026-5703,Hyukhun Hong,Hyukhun,Hong,,200,
0000-0003-2027-0035,Eddie Kohler,Eddie,Kohler,,200,
0000-0003-2028-1068,Gabriel M. C. Longo,Gabriel M. C.,Longo,Gabriel M. C. Longo,200,
0000-0003-2030-7379,Allison Baker,Allison,Baker,,200,
0000-0003-2031-9943,Giang Nguyen,Giang,Nguyen,,200,
0000-0003-2037-7473,Ria Thomas,Ria,Thomas,,200,
0000-0003-2038-4294,Meg Perret,Meg,Perret,Meg Perret,200,
0000-0003-2040-956X,Indra Gonzalez Ojeda,Indra,Gonzalez Ojeda,,200,
0000-0003-2043-1601,Jeffrey G. Klann,Jeffrey,Klann,Jeffrey G. Klann,200,
0000-0003-2046-3996,Joan W. Miller,Joan,Miller,Joan W. Miller,200,
0000-0003-2048-5837,Ornella Darova,Ornella,Darova,,200,
0000-0003-2049-3116,Kamela Charmaine Ng,Kamela Charmaine,Ng,,200,
0000-0003-2050-556X,Smit Chitre,Smit,Chitre,,200,
0000-0003-2051-7333,Alexandra Z. Sosinsky,Alexandra,Sosinsky,Alexandra Z. Sosinsky,200,
0000-0003-2054-9458,Kiweon Cha,Kiweon,Cha,,200,
0000-0003-2057-5277,Christian Jacome-Galarza,Christian,Jacome-Galarza,,200,
0000-0003-2059-0186,Muning (Andrew) Chang,Muning (Andrew),Chang,,200,
0000-0003-2061-9209,Joelle M. Abi-Rached,Joelle M.,Abi-Rached,,200,
0000-0003-2062-7911,Rayan Katerji,Rayan,Katerji,,200,
0000-0003-2063-0280,Sarah Smierciak,Sarah,Smierciak,,200,
0000-0003-2065-0652,Edward Kravitz,Edward,Kravitz,,200,
0000-0003-2068-9231,Sarah Powell,Sarah,Powell Price,Sarah Powell,200,
0000-0003-2069-9149,GEORGE EWANE NGIDE,GEORGE,EWANE NGIDE,,200,
0000-0003-2071-6682,Sarah Radway,Sarah,Radway,,200,
0000-0003-2072-6485,Radheesh Ameresekere,Radheesh,Ameresekere,Radheesh Ameresekere,200,
0000-0003-2074-0674,Tobias Loddenkemper,Tobias,Loddenkemper,,200,
0000-0003-2075-3643,"Pereira,Thalles P.L.",Thalles Platiny Lavinscky,Pereira,"Pereira,Thalles P.L.",200,
0000-0003-2077-4639,Jennifer Beauchemin,Jennifer,Beauchemin,,200,
0000-0003-2078-313X,Jayden Garcia,Jayden,Garcia,,200,
0000-0003-2081-0177,Nilimesh Das,Nilimesh,Das,,200,
0000-0003-2085-3206,Bogdan Kustowski,Bogdan,Kustowski,,200,
0000-0003-2088-7860,Korkut Uygun,Korkut,Uygun,,200,
0000-0003-2090-1693,Dilpreet Singh,Dilpreet,Singh,,200,
0000-0003-2092-414X,Reis LO or Oliveira Reis Leonardo or Reis Leonardo,Leonardo,Reis,Reis LO or Oliveira Reis Leonardo or Reis Leonardo,200,
0000-0003-2097-1616,Hamaiyal Sana,Hamaiyal,Sana,,200,
0000-0003-2098-3844,Simin Liu,Simin,Liu,,200,
0000-0003-2099-982X,Ernest Tochukwu Aguinam,Ernest Tochukwu,Aguinam,Ernest Tochukwu Aguinam,200,
0000-0003-2100-1451,Hong Sun,Hong,Sun,,200,
0000-0003-2100-3377,Shreyas Pannase,Shreyas,Pannase,,200,
0000-0003-2103-2100,Laura Mesite,Laura,Mesite,,200,
0000-0003-2103-4528,Yoong Phang,Yoong,Phang,,200,
0000-0003-2103-7948,Vitor  Yonekura ,Vitor ,Yonekura ,,200,
0000-0003-2104-2093,Zachary Nagel,Zachary,Nagel,,200,
0000-0003-2107-1716,Eric Torres,Eric,Torres,,200,
0000-0003-2109-2453,Michael Ristow,Michael,Ristow,,200,
0000-0003-2110-2316,Orit Kedar,Orit,Kedar,,200,
0000-0003-2111-3656,Elizabeth A. Keenan,Elizabeth,Keenan,Elizabeth A. Keenan,200,
0000-0003-2112-5067,Amey,Amey,,,200,
0000-0003-2113-940X,Brian Arnold,Brian,Arnold,,200,
0000-0003-2115-3914,Haiyang Lin,Haiyang,Lin,,200,
0000-0003-2115-6381,"Prof. Dr. Erika de Wet, LL.M (Harvard)",Erika ,de Wet,"Prof. Dr. Erika de Wet, LL.M (Harvard)",200,
0000-0003-2115-9478,Rushdy Ahmad,Rushdy,Ahmad,,200,
0000-0003-2118-2811,Dionne Koller,Dionne,Koller,,200,
0000-0003-2121-2910,Maria Bertling,Maria,Bertling,,200,
0000-0003-2121-5695,Vilma  Savini Palumbo,Vilma ,Savini Palumbo,,200,
0000-0003-2122-6650,Eugene Vaios,Eugene,Vaios,,200,
0000-0003-2123-049X,Ana Diaz Rivero,Ana,Diaz Rivero,,200,
0000-0003-2123-2508,Robbin Chapman,Robbin,Chapman,,200,
0000-0003-2123-612X,"Professor, Dr., Alapati VENKATESWARARAO Post Doc., & Ph.D., Astrophysical Sciences (PPPL Princeton)",venkateswararao,alapati,"Professor, Dr., Alapati VENKATESWARARAO Post Doc., & Ph.D., Astrophysical Sciences (PPPL Princeton)",200,
0000-0003-2123-7771,Khondaker Mohammed Mohiuddin Ekram,Khondaker Mohammed Mohiuddin,Ekram,,200,
0000-0003-2124-9262,Jun Zhao,Jun,Zhao,,200,
0000-0003-2126-995X,Sun Maybury-Lewis,Sun,Maybury-Lewis,,200,
0000-0003-2130-4241,Douglas Board,Douglas,Board,,200,
0000-0003-2133-8169,Mikaël Dusenne,Mikaël,Dusenne,,200,
0000-0003-2134-7516,Nisha Puri,Nisha,Puri,,200,
0000-0003-2138-6187,Knut Zoch,Knut,Zoch,,200,
0000-0003-2144-4850,Talla Cissé,Talla,Cissé,,200,
0000-0003-2144-9280,Dhana Friedrich,Dhana,Friedrich,,200,
0000-0003-2147-8102,Sandersan Onie,Sandersan,Onie,,200,
0000-0003-2149-3564,Philip K. Liu,Philip K.,Liu,Philip K. Liu,200,
0000-0003-2151-7335,Milcah Scott,Milcah,Scott,,200,
0000-0003-2153-3140,Gregory E Triplett,Gregory,Triplett,Gregory E Triplett,200,
0000-0003-2158-3893,Jonathan D Smolen,Jonathan,Smolen,Jonathan D Smolen,200,
0000-0003-2158-4319,Robin Wendler,Robin,Wendler,,200,
0000-0003-2159-6723,Chun Ning Lau,Chun Ning,Lau,,200,
0000-0003-2160-0622,Naina Kurup,Naina,Kurup,,200,
0000-0003-2164-8036,Adriana Pablos,Adriana,Pablos,,200,
0000-0003-2164-8773,Nan Shen,Nan,Shen,,200,
0000-0003-2166-508X,Morris White,Morris,White,,200,
0000-0003-2172-5011,Zid Mancenido,Zid Niel,Mancenido,Zid Mancenido,200,
0000-0003-2172-6188,Ron El-Hawary,Ron,El-Hawary,,200,
0000-0003-2178-031X,Kathryn Holliday,Kathryn,Holliday,,200,
0000-0003-2178-2104,Qazi Noorul Mateen,Qazi Noorul,Mateen,,200,
0000-0003-2178-6295,Thomas Kiefer,Thomas,Kiefer,,200,
0000-0003-2179-3823,Josh Borus,Josh,Borus,,200,
0000-0003-2180-5492,gregory narr,gregory,narr,,200,
0000-0003-2180-6268,Eric Martínez,Eric,Martínez,,200,
0000-0003-2180-8423,Abhinav Singh,Abhinav,Singh,,200,
0000-0003-2180-887X,Micah Johnson,Micah,Johnson,,200,
0000-0003-2181-4663,Carlos Gracia Zamacona,Carlos,Gracia Zamacona,,200,
0000-0003-2181-951X,Carmen Cantisani,Carmen,Cantisani,,200,
0000-0003-2183-4162,Saeed Tavazoie,Saeed,Tavazoie,,200,
0000-0003-2184-0060,Bisola Olubiyi,Bisola Folusho,Olubiyi,Bisola Olubiyi,200,
0000-0003-2184-9743,P. F. J. Fabre,Paul,FABRE,P. F. J. Fabre,200,
0000-0003-2186-1726,Xueyang Dong,Xueyang,Dong,,200,
0000-0003-2187-5626,Grace Rubin,Grace,Rubin,,200,
0000-0003-2191-6360,Nesreen Fathy Hanafy,Nesreen,Fathy Hanafy,,200,
0000-0003-2192-5160,Isaac Kohane,Isaac,Kohane,,200,
0000-0003-2193-2117,Jeffrey Bears,Jeffrey,Bears,,200,
0000-0003-2194-074X,Julia Vassileva,Julia,Vassileva,,200,
0000-0003-2194-197X,"Chen, Eva E",Eva E,Chen,"Chen, Eva E",200,
0000-0003-2195-2943,Susanna I Lee,Susanna I,Lee,Susanna I Lee,200,
0000-0003-2198-3977,Alexis C Carpenter,Alexis,Carpenter,Alexis C Carpenter,200,
0000-0003-2198-5059,Gordon Gilbert,Gordon,Gilbert,,200,
0000-0003-2198-6174,Jonathan D Hron,Jonathan,Hron,Jonathan D Hron,200,
0000-0003-2200-681X,Toshali Katyal,Toshali,Katyal,,200,
0000-0003-2203-6816,Bin Ren （任斌）,Bin,Ren （任斌）,,200,
0000-0003-2204-9035,Aditya Saxena,Aditya,Saxena,,200,
0000-0003-2204-9756,Xinchen Duan,Xinchen,Duan,,200,
0000-0003-2208-7242,Yulu Chen,Yulu,Chen,,200,
0000-0003-2210-2385,Kaisu Lankinen,Kaisu,Lankinen,,200,
0000-0003-2210-5906,Amir Tirosh,Amir,Tirosh,,200,
0000-0003-2210-9130,Manuel Kuhn,Manuel,Kuhn,,200,
0000-0003-2211-4159,Bernard E. Harcourt,Bernard E.,Harcourt,,200,
0000-0003-2212-0911,Shane Dawson,Shane,Dawson,,200,
0000-0003-2212-164X,Bryan Stenson,Bryan,Stenson,,200,
0000-0003-2214-5975,Sarah E Craig,Sarah,E Craig,,200,
0000-0003-2215-779X,Gabriel Moraes de Oliveira,Gabriel,Moraes de Oliveira,,200,
0000-0003-2216-827X,Daniel Schrag,Daniel,Schrag,,200,
0000-0003-2217-6982,Jia Liu,Jia,Liu,,200,
0000-0003-2218-8414,Soojin Kim,Soojin,Kim,,200,
0000-0003-2222-6652,Michele Cheng,Michele,Cheng,,200,
0000-0003-2222-9423,Andrew Liu,Andrew,Liu,,200,
0000-0003-2225-3167,Rachel Lenoir Capello,Rachel,Lenoir Capello,,200,
0000-0003-2226-8190,Richard Deibler,Richard,Deibler,,200,
0000-0003-2230-0517,Rohan Khazanchi,Rohan,Khazanchi,,200,
0000-0003-2230-6257,Faith Chen,Faith,Chen,,200,
0000-0003-2231-6375,Abdulgaleel Ahmed ,Abdulgaleel,Ahmed ,,200,
0000-0003-2233-1065,Richa Saxena,Richa,Saxena,Richa Saxena,200,
0000-0003-2234-2813,Michael Abers,Michael,Abers,,200,
0000-0003-2238-6197,Erica Zheng,Erica,Zheng,,200,
0000-0003-2240-0518,Casey Wei,Carol,Wei,Casey Wei,200,
0000-0003-2240-3911,Rachel Essner,Rachel,Essner,,200,
0000-0003-2241-3685,Ramon Gras Alomà,Ramon,Gras Alomà,,200,
0000-0003-2241-707X,Margarita Alegria,Margarita,Alegria,,200,
0000-0003-2245-3492,Sarah Pitafi,Sarah,Pitafi,,200,
0000-0003-2248-0271,Hao Du,hao,du,Hao Du,200,
0000-0003-2248-0802,Selcen Ozturkcan,Selcen,Ozturkcan,Selcen Ozturkcan,200,
0000-0003-2248-3210,William Beardslee,William,Beardslee,,200,
0000-0003-2249-6273,Ann E. Robinson,Ann,Robinson,Ann E. Robinson,200,
0000-0003-2251-3790,OMER FARUK ORSUN,OMER FARUK,ORSUN,,200,
0000-0003-2251-6289,Emily Silva,Emily,Silva,,200,
0000-0003-2252-799X,Gary Qiurui Ma,Qiurui,Ma,Gary Qiurui Ma,200,
0000-0003-2254-9881,Ammar Sarwar,Ammar,Sarwar,,200,
0000-0003-2256-0677,Nihal Aly,Nihal,Aly,,200,
0000-0003-2256-1872,Rudy Lerosey-Aubril,Rudy,Lerosey-Aubril,,200,
0000-0003-2263-3645,Sara Zaia,Sara,Zaia,,200,
0000-0003-2264-7393,"Wu, Shuting",Shuting,Wu,"Wu, Shuting",200,
0000-0003-2265-0824,Laura Domenech,Laura,Domenech,,200,
0000-0003-2266-2171,Wassim El-Jouni,Wassim,El-Jouni,,200,
0000-0003-2269-0375,Ding Liu,Ding,Liu,,200,
0000-0003-2271-0743,Monica,Monica,,,200,
0000-0003-2272-7908,FRANCESCO CORRADO,FRANCESCO,CORRADO,,200,
0000-0003-2273-0971,Andrei Yakovlev,Andrei,Yakovlev,,200,
0000-0003-2274-4847,"Ronald J. Falk, MD",Ronald,Falk,"Ronald J. Falk, MD",200,
0000-0003-2275-0446,Jennifer R. Steele,Jennifer R.,Steele,,200,
0000-0003-2276-4186,Kyle Schirmann,Kyle,Schirmann,,200,
0000-0003-2286-3790,Sang Joon Kim,Sang Joon,Kim,,200,
0000-0003-2286-5008,Ling Cai,Ling,Cai,,200,
0000-0003-2288-3847,Hayley Ross,Hayley,Ross,,200,
0000-0003-2289-1038,CHIRANJIT GHOSH,CHIRANJIT,GHOSH,,200,
0000-0003-2289-1177,Carlos Vargas,Carlos,Vargas,,200,
0000-0003-2291-6688,William Porter,William,Porter,,200,
0000-0003-2292-1946,Dong-Woo Kang,Dong-Woo,Kang,,200,
0000-0003-2292-2017,Vincent Falanga,Vincent,Falanga,,200,
0000-0003-2293-4501,Lauren Woolsey,Lauren,Woolsey,,200,
0000-0003-2293-9601,Yuming Zhang,Yuming,Zhang,,200,
0000-0003-2296-9157,"Silva, M.",Matheus,Silva,"Silva, M.",200,
0000-0003-2299-0124,Matthew Churgin,Matthew,Churgin,,200,
0000-0003-2299-1426,Cameron Sabet,Cameron,Sabet,,200,
0000-0003-2299-6278,Soheil Ashkani-Esfahani,Soheil,Ashkani-Esfahani,,200,
0000-0003-2306-6443,Dominic  Recco,Dominic ,Recco,,200,
0000-0003-2308-5505,Erin Baumann,Erin,Baumann,,200,
0000-0003-2311-7132,Mark Weston Janis,Mark Weston,Janis,,200,
0000-0003-2314-2346,David Case,David,Case,,200,
0000-0003-2316-7180,Kishore Madhipatla,Kishore,Madhipatla,,200,
0000-0003-2316-9207,Sean Gao,Sean,Gao,,200,
0000-0003-2317-1569,Bruno Balthazar,Bruno,Balthazar,,200,
0000-0003-2322-3437,David Lowe,David,Lowe,,200,
0000-0003-2322-4763,"Kyle K. Courtney, Esq.",Kyle K.,"Courtney, Esq.",,200,
0000-0003-2322-9580,Matthew McGill,Matthew,McGill,,200,
0000-0003-2323-1664,Sarika Kshirsagar,Sarika,Kshirsagar,,200,
0000-0003-2323-4814,sumit saxena,sumit,saxena,,200,
0000-0003-2323-8129,Cristina Rojas ,Cristina,Rojas ,,200,
0000-0003-2324-3219,Anna Pauliina Rumm,Anna Pauliina,Rumm,,200,
0000-0003-2325-7338,zhiheng zhou,zhiheng,zhou,,200,
0000-0003-2326-6672,Stephen Abrams,Stephen,Abrams,,200,
0000-0003-2327-6694,Hanxiong Zhang,Hanxiong,Zhang,,200,
0000-0003-2328-3536,Mindy Lo,Mindy,Lo,,200,
0000-0003-2329-3793,Neel Mehta,Neel,Mehta,,200,
0000-0003-2331-7206,Vanessa McMahan,Vanessa,McMahan,,200,
0000-0003-2332-9223,Doeke Hekstra,Doeke,Hekstra,Doeke Hekstra,200,
0000-0003-2333-9245,Bridget Long,Bridget,Long,,200,
0000-0003-2334-3981,Gerardo Estrada Zavala,Gerardo,Estrada Zavala,,200,
0000-0003-2334-591X,Shyam Akula,Shyam,Akula,,200,
0000-0003-2335-6811,Amruta Nori-Sarma,Amruta,Nori-Sarma,,200,
0000-0003-2336-3034,KATELYN HEARFIELD,KATELYN,HEARFIELD,,200,
0000-0003-2337-0226,Khondoker Nazmoon Nabi,Khondoker Nazmoon,Nabi,,200,
0000-0003-2341-8461,Joseph A. Pereira,Joseph,Pereira,Joseph A. Pereira,200,
0000-0003-2342-1345,Yiting Xia,Yiting,Xia,,200,
0000-0003-2344-2795,Samuel D. Rabkin,samuel,rabkin,Samuel D. Rabkin,200,
0000-0003-2344-5419,Samuel E. Ross,Samuel Evan,Ross,Samuel E. Ross,200,
0000-0003-2347-3479,Kendra Sirak,Kendra,Sirak,,200,
0000-0003-2348-5138,"A. Sassan Sabouri, MD",A. Sassan,Sabouri,"A. Sassan Sabouri, MD",200,
0000-0003-2349-0076,Karolina Edlund,Karolina,Edlund,,200,
0000-0003-2353-581X,Daniel K.M. Yamashiro,Daniel K.M.,Yamashiro,,200,
0000-0003-2355-536X,Uwe Seebacher,Uwe,Seebacher,,200,
0000-0003-2355-8464,Wenli Ni,Wenli,Ni,Wenli Ni,200,
0000-0003-2357-1802,Xinyi Lin,Xinyi,Lin,,200,
0000-0003-2358-7484,Junichi Tokuda,Junichi,Tokuda,,200,
0000-0003-2359-5564,Yaxuan (Jessica) Liu,Yaxuan (Jessica),Liu,,200,
0000-0003-2365-4165,S V Subramanian,S V,Subramanian,,200,
0000-0003-2371-595X,Monika Niewczas,Monika,Niewczas,,200,
0000-0003-2373-232X,Shannon Tessier,Shannon,Tessier,,200,
0000-0003-2377-2815,Aaron Gabriel Sandoval,Aaron Gabriel,Sandoval,,200,
0000-0003-2377-9777,Heather Dingwall,Heather,Dingwall,,200,
0000-0003-2378-6328,Veronica Bruno,Veronica,Bruno,,200,
0000-0003-2379-2226,Jaehyuk Choi,Jaehyuk,Choi,,200,
0000-0003-2379-503X,Monica Cassandras,Monica,Cassandras,,200,
0000-0003-2382-2042,George Aumoithe,George,Aumoithe,,200,
0000-0003-2386-3557,Mario Bogdanov,Mario,Bogdanov,,200,
0000-0003-2387-3763,Abhishek Dabral,Abhishek,Dabral,,200,
0000-0003-2388-1376,Nancy Beaulieu,Nancy,Beaulieu,,200,
0000-0003-2389-5794,Sierra Ha,Sierra,Ha,,200,
0000-0003-2391-2654,Walter Judd,Walter,Judd,,200,
0000-0003-2391-2689,Hossam Zaki,Hossam,Zaki,,200,
0000-0003-2393-0481,Chitraleema Chakraborty,Chitraleema,Chakraborty,,200,
0000-0003-2393-1337,Phuong Anh Nguyen,Phuong Anh,Nguyen,,200,
0000-0003-2394-7996,Boyo Blossom Haruna Idris,Boyo Blossom Haruna,Idris,,200,
0000-0003-2395-810X,Eric Perakslis,Eric,Perakslis,,200,
0000-0003-2396-4390,Amanda Frye ,Amanda,Frye ,,200,
0000-0003-2399-6245,Jiaqi Lu,Jiaqi,Lu,,200,
0000-0003-2402-6101,Qiu Chang Wu,Qiu Chang,Wu,,200,
0000-0003-2403-1517,Peihan Liu,Peihan,Liu,,200,
0000-0003-2404-8140,Emanuel Friedman,Emanuel,Friedman,,200,
0000-0003-2405-6036,Junying Yuan,Junying,Yuan,Junying Yuan,200,
0000-0003-2408-765X,Pallak Arora,Pallak,Arora,,200,
0000-0003-2411-1488,Rutian Huang,Rutian,Huang,,200,
0000-0003-2412-4246,Breauna Beebe,Breauna,Beebe,,200,
0000-0003-2414-3922,Camron Rivera,Camron,Rivera,,200,
0000-0003-2416-2664,David Mednicoff,David,Mednicoff,,200,
0000-0003-2417-0795,Joseph Lasky,Joseph,Lasky,,200,
0000-0003-2418-541X,Mauricio D. Garcia,Mauricio,Garcia,Mauricio D. Garcia,200,
0000-0003-2419-0796,Julia M. Reilly,Julia,Reilly,Julia M. Reilly,200,
0000-0003-2425-9394,Shevin Jacob,Shevin,Jacob,,200,
0000-0003-2426-8004,Joel S. F. Greenwood,Joel,Greenwood,Joel S. F. Greenwood,200,
0000-0003-2427-7912,Ryan J. Marina,Ryan,Marina,Ryan J. Marina,200,
0000-0003-2427-7920,Ranit Karmakar,Ranit,Karmakar,,200,
0000-0003-2430-2970,Radhika Khetani,Radhika,Khetani,,200,
0000-0003-2432-4846,Lyns Etienne,LYNS,ETIENNE,Lyns Etienne,200,
0000-0003-2433-1851,Mohamed El-Brolosy,Mohamed,El-Brolosy,,200,
0000-0003-2433-4550,Mark Poster,Mark,Poster,,200,
0000-0003-2433-9773,Carlos Garciamendez,Carlos,Garciamendez,,200,
0000-0003-2438-0995,Michael Summers,Michael,Summers,,200,
0000-0003-2441-4251,Cassandra Clift,Cassandra,Clift,,200,
0000-0003-2443-4252,Venkatesh N. Murthy,Venkatesh,Murthy,Venkatesh N. Murthy,200,
0000-0003-2445-8449,Christopher Chen,Christopher,Chen,,200,
0000-0003-2446-9367,Bao Li,Bao,Li,,200,
0000-0003-2449-8758,John Emans,John,Emans,,200,
0000-0003-2450-1718,Richard Schalek,Richard,Schalek,,200,
0000-0003-2450-3887,Raziye Piranlioglu,Raziye,Piranlioglu,,200,
0000-0003-2450-736X,Melina Claussnitzer,Melina,Claussnitzer,,200,
0000-0003-2452-8056,Nahla A. Gomaa,Nahla A.,Gomaa,,200,
0000-0003-2452-9884,Qin Huang,Qin,Huang,,200,
0000-0003-2453-1140,Alex Abate,Alex,Abate,,200,
0000-0003-2454-198X,Tara Sowrirajan,Tara,Sowrirajan,,200,
0000-0003-2454-411X,Anna Lebedeva,Anna,Lebedeva,,200,
0000-0003-2456-5463,Goodarz Danaei,Goodarz,Danaei,,200,
0000-0003-2457-3850,Shan Lu,Shan,Lu,,200,
0000-0003-2457-8424,Alev Ecevitoglu,Alev,Ecevitoglu,,200,
0000-0003-2462-1314,Stephen Persell,Stephen,Persell,,200,
0000-0003-2462-9201,Nicole Jarmula,Nicole,Jarmula,,200,
0000-0003-2463-2355,Sabari Shankar Ravichandran,Dr Sabari Shankar,Ravichandran,Sabari Shankar Ravichandran,200,
0000-0003-2464-6036,"Adam Ramsey, MD",Adam,Ramsey,"Adam Ramsey, MD",200,
0000-0003-2466-4066,May Sabry,May,Sabry,,200,
0000-0003-2470-5606,Cesar Echavarria,Cesar,Echavarria,,200,
0000-0003-2470-7978,Matthew Menard,Matthew,Menard,,200,
0000-0003-2473-2225,Senkara Rao Allu,Senkara Rao,Allu,,200,
0000-0003-2474-1180,Stefano Cossu,Stefano,Cossu,,200,
0000-0003-2474-7590,Payel Ganguly,Payel,Ganguly,,200,
0000-0003-2477-1961,Joshua Cetron,Joshua,Cetron,,200,
0000-0003-2482-0444,Leah Kosyakovsky,Leah,Kosyakovsky,,200,
0000-0003-2484-3347,Edward Meinert,Edward,Meinert,Edward Meinert,200,
0000-0003-2486-7680,Ona Kealoha Miller,Ona Kealoha,Miller,,200,
0000-0003-2486-8114,Ashish Bakshi,Ashish,Bakshi,,200,
0000-0003-2487-0249,Dominic Hall,Dominic,Hall,,200,
0000-0003-2489-2448,Natalie Nicolas,Natalie,Nicolas,,200,
0000-0003-2489-403X,Mona Indargiri ,Mona,Indargiri ,,200,
0000-0003-2489-5016,Tomohiro Nagashima,Tomohiro,Nagashima,,200,
0000-0003-2490-375X,Volodymyr Artyomenko,Volodymyr,Artyomenko,,200,
0000-0003-2490-8024,Yuan-Di Halvorsen,Yuan-Di,Halvorsen,,200,
0000-0003-2492-2408,Laurie Chan Yousman,Laurie,Yousman,Laurie Chan Yousman,200,
0000-0003-2493-8872,"de Souza Leite, Felipe",Felipe,de Souza Leite,"de Souza Leite, Felipe",200,
0000-0003-2497-7695,Xiao Gu,Xiao,Gu,,200,
0000-0003-2497-9439,Xi Wang,Xi,Wang,,200,
0000-0003-2499-6386,Filippo Glerean,Filippo,Glerean,,200,
0000-0003-2501-7397,Seiji Akera,Seiji,Akera,,200,
0000-0003-2503-869X,Augustin Bergeron,Augustin,Bergeron,,200,
0000-0003-2506-4126,Hailee M. Sorensen,Hailee,Sorensen,Hailee M. Sorensen,200,
0000-0003-2512-3990,Le Xiao,Le,Xiao,,200,
0000-0003-2516-010X,Cynthia Tchio,Cynthia,Tchio,Cynthia Tchio,200,
0000-0003-2518-9711,Yuzhen Dong,Yuzhen,Dong,,200,
0000-0003-2521-1296,Atau Tanaka,Atau,Tanaka,,200,
0000-0003-2523-9598,Jennifer Chan,Jennifer,Chan,,200,
0000-0003-2524-8929,Hannah Smith,Hannah,Smith,,200,
0000-0003-2525-0033,Ann Robbins,Ann,Robbins,Ann Robbins,200,
0000-0003-2530-3350,Barbara Matteau,Barbara,Matteau,,200,
0000-0003-2531-8990,Suneel C Kandru,Suneel C,Kandru,,200,
0000-0003-2534-6588,Lara Roach,Lara,Roach,,200,
0000-0003-2535-2697,Anway Pimpalkar,Anway,Pimpalkar,,200,
0000-0003-2536-0267,Baolong Xia,Baolong,Xia,,200,
0000-0003-2536-0793,Jason Purnell,Jason,Purnell,,200,
0000-0003-2537-0190,Michael Douglas,Michael,Douglas,,200,
0000-0003-2537-9558,Gabriel Rangel Olvera,Gabriel,Rangel Olvera,,200,
0000-0003-2538-391X,Mary Rice,Mary,Rice,,200,
0000-0003-2540-8267,Francesca Silvestri,Francesca,Silvestri,,200,
0000-0003-2541-2661,Adina Draghici,Adina,Draghici,,200,
0000-0003-2542-788X,"Katherine Choi, MD",Katherine,"Choi, MD",,200,
0000-0003-2544-4073,Johannes Borregaard,Johannes,Borregaard,,200,
0000-0003-2544-4145,Karl-Uwe Reusswig,Karl-Uwe,Reusswig,,200,
0000-0003-2544-5762,Eman Akam-Baxter,Eman,Akam-Baxter,,200,
0000-0003-2545-0174,Nigel Walsh Harriman,Nigel,Walsh Harriman,,200,
0000-0003-2546-1391,Eemaz Nathaniel,Eemaz,Nathaniel,,200,
0000-0003-2546-2730,Joshua Cox,Joshua,Cox,,200,
0000-0003-2546-6790,Yibin B. Zhang,Yibin,Zhang,Yibin B. Zhang,200,
0000-0003-2547-5566,Kenneth Yu,Kenneth,Yu,,200,
0000-0003-2550-5809,Dr. Leslie Ramsammy,Leslie ,Ramsammy,Dr. Leslie Ramsammy,200,
0000-0003-2554-5341,Seungwon Chang,Seungwon,Chang,,200,
0000-0003-2555-5232,Junsik Kim,Junsik,Kim,,200,
0000-0003-2557-0344,Kyle Myers,Kyle,Myers,,200,
0000-0003-2557-9330,Cecilia Esteves,Cecilia,Esteves,,200,
0000-0003-2559-7192,Stephanie Hadley,Stephanie,Hadley,,200,
0000-0003-2560-775X,Madelaine Theardy,Madelaine,Theardy,,200,
0000-0003-2562-7582,David E. Sloane,David,Sloane,David E. Sloane,200,
0000-0003-2563-0861,VIVIANNE FREITAS,VIVIANNE,FREITAS,,200,
0000-0003-2565-808X,Leonardo Jurado,Leonardo,Jurado,,200,
0000-0003-2566-3145,Donna Neuberg,Donna,Neuberg,,200,
0000-0003-2566-3751,Karim Rahimi,Karim,Rahimi,,200,
0000-0003-2569-6086,Russell Schutt,Russell,Schutt,,200,
0000-0003-2569-6641,Aakanksha  Gulati ,Aakanksha ,Gulati ,,200,
0000-0003-2570-0225,Lars Grant,Lars,Grant,,200,
0000-0003-2572-2766,Vamakshi,Vamakshi,,,200,
0000-0003-2575-467X,Sebastian Schneeweiss,Sebastian,Schneeweiss,,200,
0000-0003-2578-2670,Giuseppe Lofano,Giuseppe,Lofano,,200,
0000-0003-2581-4118,Eyad Khattab,Eyad,Khattab,,200,
0000-0003-2585-868X,Archana Basu,Archana,Basu,,200,
0000-0003-2591-6202,Michal Pyzik,Michal,Pyzik,,200,
0000-0003-2598-3894,Michelle Bosquet Enlow,Michelle,Bosquet Enlow,,200,
0000-0003-2603-4930,Raghav Tandon,Raghav,Tandon,,200,
0000-0003-2604-2260,Benjamin Weinberg,Benjamin,Weinberg,,200,
0000-0003-2605-6726,Amélie M. Julé,Amélie,M. Julé,,200,
0000-0003-2607-2398,Sohyun Park,Sohyun,Park,,200,
0000-0003-2610-5081,Rachel Atchley,Rachel,Atchley,,200,
0000-0003-2612-0433,Krzysztof Domanski,Krzysztof,Domanski,,200,
0000-0003-2612-7125,Mark Tomass,Mark,Tomass,,200,
0000-0003-2613-8692,Protik Majumder,Protik,Majumder,,200,
0000-0003-2613-8860,Mercedes Lewandrowski,Mercedes,Lewandrowski,,200,
0000-0003-2615-4932,Kui Cui,Kui,Cui,,200,
0000-0003-2616-4057,David Weisbach,David,Weisbach,,200,
0000-0003-2616-9368,Ye Duan,Ye,Duan,,200,
0000-0003-2620-1030,Christoph Lange,Christoph,Lange,,200,
0000-0003-2620-7387,R. Mark Richardson,Robert,Richardson,R. Mark Richardson,200,
0000-0003-2622-6553,Sungho Bea,Sungho,Bea,,200,
0000-0003-2623-3630,NAVANEETH KRISHNA RAJEEVA PANDIAN,NAVANEETH KRISHNA,RAJEEVA PANDIAN,,200,
0000-0003-2627-685X,Javed Iqbal,Javed,Iqbal,,200,
0000-0003-2628-5318,Elizabeth Scarlett,Elizabeth,Scarlett,,200,
0000-0003-2629-9963,Bowen Gu,Bowen,Gu,,200,
0000-0003-2630-6916,Eva Liu,Eva,Liu,,200,
0000-0003-2633-4415,Krzysztof  Bryniuk,Krzysztof ,Bryniuk,,200,
0000-0003-2633-8651,Bruce Y. Lee,Bruce,Lee,Bruce Y. Lee,200,
0000-0003-2636-4411,P. R. Fortes,Paula Regina,Fortes,P. R. Fortes,200,
0000-0003-2638-0454,Evgenii Kegeles,Evgenii,Kegeles,,200,
0000-0003-2639-387X,Ethan Glantz,Ethan,Glantz,,200,
0000-0003-2640-484X,Rony Rodrigo Maximiliano Rodriguez Ramirez,Rony Rodrigo Maximiliano,Rodriguez Ramirez,,200,
0000-0003-2640-6116,Uma Devi Khemraj,Uma Devi Khemraj,,Uma Devi Khemraj,200,
0000-0003-2640-9552,Heidi Sulman,Heidi,Sulman,,200,
0000-0003-2648-232X,Miao Xu,Miao,Xu,,200,
0000-0003-2649-3248,Charles Sherwood,Charles,Sherwood,,200,
0000-0003-2649-3520,Kathleen Meehan,Kathleen,Meehan,,200,
0000-0003-2651-5750,William F Stafford Jr,William F,Stafford Jr,,200,
0000-0003-2651-6526,Hong Gao,Hong,Gao,,200,
0000-0003-2656-7235,Olivier Cotard,Olivier,Cotard,,200,
0000-0003-2656-8510,Adonis Yatchew,Adonis,Yatchew,,200,
0000-0003-2658-6778,Fu Hung Shiu,Fu Hung,Shiu,,200,
0000-0003-2663-3706,Guillermo García-Cardeña,Guillermo,García-Cardeña,,200,
0000-0003-2666-0384,Priyanka Chahal,Priyanka,Chahal,,200,
0000-0003-2668-8141,Laura Wester,Laura,Wester,,200,
0000-0003-2668-9566,Umut Eser,Umut,Eser,,200,
0000-0003-2669-8139,Margaret McConnell Sullivan,Margaret McConnell,Sullivan,,200,
0000-0003-2673-3168,Ting-Wan Kao,Ting-Wan,Kao,,200,
0000-0003-2674-3809,Florian Mudekereza,Florian,Mudekereza,,200,
0000-0003-2676-1601,Victor Cruz,Victor,Cruz,,200,
0000-0003-2679-5537,Sichen Shao,Sichen,Shao,,200,
0000-0003-2681-2907,Sina Sharifi,Sina,Sharifi,,200,
0000-0003-2681-614X,Alessandro Hammond,Alessandro,Hammond,,200,
0000-0003-2687-3056,S. Chandrashekar,Srinivasan,Chandrashekar,S. Chandrashekar,200,
0000-0003-2687-3208,Ana Paula Palacios Rodriguez,Ana Paula,Palacios Rodriguez,,200,
0000-0003-2688-7917,Mary Kreidel,Mary,Kreidel,,200,
0000-0003-2689-6290,Malalage Peiris,Malalage,Peiris,,200,
0000-0003-2690-3032,Jiajian Min,Jiajian,Min,,200,
0000-0003-2690-8917,Victor Muniz-Fraticelli,Victor,Muniz-Fraticelli,,200,
0000-0003-2691-927X,Alexander Gottlieb,Alexander,Gottlieb,,200,
0000-0003-2692-6939,Sergio Cardenas Denham,Sergio,Cardenas Denham,,200,
0000-0003-2693-5771,Sadeq Rahimi,Sadeq,Rahimi,,200,
0000-0003-2694-1207,Stella Chin-Shaw Tsai,Stella,Tsai,Stella Chin-Shaw Tsai,200,
0000-0003-2694-3915,R. Jeremy Johnson,R. Jeremy,Johnson,,200,
0000-0003-2697-7234,Judith Rodriguez,Judith,Rodriguez,,200,
0000-0003-2698-045X,Siddardha G Chandrupatla,Siddardha G,Chandrupatla,,200,
0000-0003-2702-0557,Peter Bishop,Peter,Bishop,,200,
0000-0003-2702-2093,Lorenzo Berra,Lorenzo,Berra,,200,
0000-0003-2702-5550,Joseph Allen,Joseph,Allen,,200,
0000-0003-2702-630X,José Ramón Enríquez,José Ramón,Enríquez,,200,
0000-0003-2703-1416,Denisse Vasquez-Guevara,Denisse,Vasquez-Guevara,,200,
0000-0003-2706-3354,Simon Merminod,Simon,Merminod,,200,
0000-0003-2707-2832,Chengyu Fu,Chengyu,Fu,,200,
0000-0003-2710-0856,Esther,Esther,,,200,
0000-0003-2711-2283,Dorota Weziak-Bialowolska,Dorota,Weziak-Bialowolska,,200,
0000-0003-2712-8795,Meg McMahon,Meg,McMahon,Meg McMahon,200,
0000-0003-2715-0482,Josefina del Marmol,Josefina,del Marmol,,200,
0000-0003-2715-8847,Lisseth Eliana Pedraza Vargas,Lisseth Eliana,Pedraza Vargas,,200,
0000-0003-2715-9823,Shufeng Zhou,Shufeng,Zhou,,200,
0000-0003-2715-9890,Jeffrey Drazen,Jeffrey,Drazen,,200,
0000-0003-2718-0403,Donglin Liu,Donglin,Liu,,200,
0000-0003-2718-8827,Jennifer J. Stuart,Jennifer,Stuart,Jennifer J. Stuart,200,
0000-0003-2720-4452,Can  Knaut,Can ,Knaut,,200,
0000-0003-2721-3439,Hansol Choi,Hansol,Choi,,200,
0000-0003-2721-6859,Jacek Hawiger,Jacek,Hawiger,,200,
0000-0003-2723-802X,Zhenguang Zhao,Zhenguang,Zhao,,200,
0000-0003-2724-1376,Brandon Yates,Brandon,Yates,,200,
0000-0003-2724-2889,Jose Navarro Arriola,Jose,Navarro Arriola,,200,
0000-0003-2724-8797,Michael Liu,Michael,Liu,,200,
0000-0003-2728-0746,William Polacheck,William,Polacheck,,200,
0000-0003-2728-4907,Yang-Yu Liu,Yang-Yu,Liu,,200,
0000-0003-2730-586X,Austin Conner,Austin,Conner,,200,
0000-0003-2730-9668,Luke Jen O'Connor,Luke Jen,O'Connor,Luke Jen O'Connor,200,
0000-0003-2730-9924,Jingwu Duan,Jingwu,Duan,,200,
0000-0003-2732-9175,"Dr. Melissa Bailey-Taylor, DO, MPH",Melissa,"Bailey-Taylor, DO, MPH","Dr. Melissa Bailey-Taylor, DO, MPH",200,
0000-0003-2733-6957,Heejun Shin,Heejun,Shin,,200,
0000-0003-2735-3845,Jill S. Roncarati,Jill S.,Roncarati,,200,
0000-0003-2735-4725,David H. Gracias,David,Gracias,David H. Gracias,200,
0000-0003-2736-0586,David Auerbach,David,Auerbach,,200,
0000-0003-2739-1200,Shayan Rajani,Shayan,Rajani,,200,
0000-0003-2741-7298,Tim Dorweiler,Tim,Dorweiler,,200,
0000-0003-2742-4797,Elika Bergelson,Elika,Bergelson,,200,
0000-0003-2743-2121,Karen E. Inouye,Karen E.,Inouye,,200,
0000-0003-2743-6712,Jonathan Yoni Siden,Yoni,Siden,Jonathan Yoni Siden,200,
0000-0003-2745-6553,Jeffrey Howry,Jeffrey,Howry,,200,
0000-0003-2747-0478,Maria Dasca,Maria,Dasca Batalla,Maria Dasca,200,
0000-0003-2748-7333,Andi Gu,Andi,Gu,,200,
0000-0003-2749-2917,Kanaka Rajan,Kanaka,Rajan,,200,
0000-0003-2751-1911,Eva Tsaousidou,Eva,Tsaousidou,,200,
0000-0003-2751-379X,Justin de Benedictis-Kessner,Justin,de Benedictis-Kessner,Justin de Benedictis-Kessner,200,
0000-0003-2752-5379,Jennifer Hoffman,Jennifer,Hoffman,,200,
0000-0003-2755-7610,William L. Wilson,William,Wilson,William L. Wilson,200,
0000-0003-2757-092X,Elijah Tukwariba Yin,Elijah Tukwariba,Yin,Elijah Tukwariba Yin,200,
0000-0003-2758-8943,Sangil Kim,Sangil,Kim,,200,
0000-0003-2760-769X,Richard J Staples,Richard,Staples,Richard J Staples,200,
0000-0003-2763-1366,JOSEFA ROS VELASCO,JOSEFA,ROS VELASCO,,200,
0000-0003-2772-1564,Mary Bridges,Mary,Bridges,,200,
0000-0003-2773-7080,Lauren Robertson,Lauren,Robertson,,200,
0000-0003-2774-3464,Laila Al-Shaar,Laila,Al-Shaar,,200,
0000-0003-2774-7385,Kim Niño Poi Cantero,Kim Niño Poi,Cantero,,200,
0000-0003-2775-4083,James Coughlan,James,Coughlan,,200,
0000-0003-2776-699X,Julia G. Cosgrove,Julia Gabriela,Cosgrove,Julia G. Cosgrove,200,
0000-0003-2777-2724,Haipeng Lin,Haipeng,Lin,,200,
0000-0003-2779-0893,Christoph Muus,Christoph,Muus,,200,
0000-0003-2779-1554,Zichong Chen,Zichong,Chen,,200,
0000-0003-2780-030X,Aidan D. Chambers,Aidan,Chambers,Aidan D. Chambers,200,
0000-0003-2782-5881,J.S. Nelson,Josephine Sandler,Nelson,J.S. Nelson,200,
0000-0003-2782-9671,James Hanken,James,Hanken,James Hanken,200,
0000-0003-2783-9642,Yingxiao Shi,Yingxiao,Shi,,200,
0000-0003-2784-0221,Julianna Coleman,Julianna,Coleman,,200,
0000-0003-2784-0977,Christopher J. Buttimer,Christopher,Buttimer,Christopher J. Buttimer,200,
0000-0003-2785-6389,ELINA MEKHDIEVA,ELINA,MEKHDIEVA,,200,
0000-0003-2785-8456,Marissa Bokhari,Marissa,Bokhari,,200,
0000-0003-2787-7016,Lu Shen,Lu,Shen,,200,
0000-0003-2790-2445,Romain Fournier,Romain,Fournier,,200,
0000-0003-2790-2592,Kelly Miller,Kelly,Miller,,200,
0000-0003-2790-5726,Amrendra Kumar Ajay,Amrendra,Ajay,Amrendra Kumar Ajay,200,
0000-0003-2790-6016,Yookyung Jung,Yookyung,Jung,,200,
0000-0003-2792-9293,John Mekalanos,John,Mekalanos,,200,
0000-0003-2793-7816,Ann E. Lucas,Ann,Lucas,Ann E. Lucas,200,
0000-0003-2796-5796,Seth Herbst,Seth,Herbst,,200,
0000-0003-2798-919X,Qiwen Hu,Qiwen,Hu,,200,
0000-0003-2800-3329,Giulia Corniani,Giulia,Corniani,,200,
0000-0003-2801-6904,Brian Buczkowski,Brian,Buczkowski,,200,
0000-0003-2804-4673,Jacob Shenker,Jacob,Shenker,,200,
0000-0003-2806-9344,Tyler Kramer,Tyler,Kramer,,200,
0000-0003-2807-0476,Yi Yin,Yi,Yin,,200,
0000-0003-2807-9294,Masindi Mashapha,Masindi,Mashapha,,200,
0000-0003-2808-275X,Douglas Finkbeiner,Douglas,Finkbeiner,,200,
0000-0003-2808-5790,"Lori Calabrese, MD",Lori,Calabrese,"Lori Calabrese, MD",200,
0000-0003-2810-5528,Won Jung,Won,Jung,,200,
0000-0003-2811-9663,Ana Margarida Silvestre Graça,Ana Margarida,Silvestre Graça,,200,
0000-0003-2813-330X,Priyanka Gokulnath,Priyanka,Gokulnath,,200,
0000-0003-2813-6439,Stéphane Maison,Stéphane,Maison,,200,
0000-0003-2813-8338,Carissa Tedeschi,Carissa,Tedeschi,,200,
0000-0003-2814-4412,Luke Koblan,Luke,Koblan,,200,
0000-0003-2819-9798,Elizabeth Beasley,Elizabeth,Beasley,,200,
0000-0003-2826-1045,Sarah Losso,Sarah,Losso,,200,
0000-0003-2826-3403,Edelmiro Domingo Jr,Edelmiro,Domingo Jr,Edelmiro Domingo Jr,200,
0000-0003-2827-4743,Dennis Brookner,Dennis,Brookner,,200,
0000-0003-2827-8867,Faizul Nizam Abu Salim,Faizul Nizam,Abu Salim,,200,
0000-0003-2828-9638,Nevena Zubcevik,Nevena,Zubcevik,,200,
0000-0003-2830-6995,Jason Munster,Jason,Munster,,200,
0000-0003-2832-1300,Recep Ozdemir,Recep,Ozdemir,,200,
0000-0003-2833-0602,Amy C. Crosson,Amy C.,Crosson,,200,
0000-0003-2833-5921,Stephen,Stephen,,,200,
0000-0003-2834-3251,Raquel Vega-Durán,Raquel,Vega-Durán,,200,
0000-0003-2837-463X,Linda Lee,Linda,Lee,,200,
0000-0003-2838-757X,Katherine Zubko,Katherine,Zubko,,200,
0000-0003-2838-8345,Dimitrios V. Diamantis,Dimitrios V.,Diamantis,,200,
0000-0003-2840-2899,Jeffrey S. Smith,Jeffrey,Smith,Jeffrey S. Smith,200,
0000-0003-2842-1301,Dashiell Sacks,Dashiell,Sacks,,200,
0000-0003-2843-687X,Barbra Dickerman,Barbra,Dickerman,,200,
0000-0003-2844-4685,Ning Lyu,Ning,Lyu,,200,
0000-0003-2844-9515,Priyesh  Chakraborty,Priyesh ,Chakraborty,,200,
0000-0003-2845-6547,Susan Rees,Susan,Rees,,200,
0000-0003-2846-3149,Katherine L. Perdue,Katherine,Perdue,Katherine L. Perdue,200,
0000-0003-2847-4737,Arash Shirvani,Arash,Shirvani,,200,
0000-0003-2851-1796,Loren M. Post,Loren,Post,Loren M. Post,200,
0000-0003-2854-5611,Rohit Vinjamuri,Rohit,Vinjamuri,,200,
0000-0003-2854-9583,D. Balamurugan,Balamurugan,Desinghu,D. Balamurugan,200,
0000-0003-2856-8645,Michael Hindelang,Michael,Hindelang,,200,
0000-0003-2856-9509,Ruby Hickman,Ruby,Hickman,,200,
0000-0003-2857-368X,Adam Szczegielniak,Adam,Szczegielniak,,200,
0000-0003-2872-7597,Matthew Gardner,Matthew,Gardner,,200,
0000-0003-2874-7520,Minmin Zhang,Minmin,Zhang,,200,
0000-0003-2879-8344,Amy DiVasta,Amy,DiVasta,,200,
0000-0003-2880-8944,Cesare Santus,Cesare,Santus,,200,
0000-0003-2881-0657,Kazuyoshi Ishigaki,Kazuyoshi,Ishigaki,,200,
0000-0003-2884-6414,Chenguang Li,Chenguang,Li,,200,
0000-0003-2885-1432,Fatima Essop,Fatima,Essop,,200,
0000-0003-2886-3898,Finale Doshi-Velez,Finale,Doshi-Velez,,200,
0000-0003-2886-6570,James Powers,James,Powers,,200,
0000-0003-2887-4415,Sakurako S.Okuzono,Sakurako,Shiba,Sakurako S.Okuzono,200,
0000-0003-2888-8665,BISWAJIT DAS,BISWAJIT,DAS,BISWAJIT DAS,200,
0000-0003-2889-0992,Michael Talkowski,Michael,Talkowski,,200,
0000-0003-2889-5857,Matthew Esmaili Mallory,Matthew,Esmaili Mallory,,200,
0000-0003-2890-9243,Megan D. Maxwell,Megan,Maxwell,Megan D. Maxwell,200,
0000-0003-2891-5010,Shana Birly,Shana,Birly,,200,
0000-0003-2892-4195,Jessica Brooks,Jessica,Brooks,,200,
0000-0003-2900-8834,soldano ferrone,soldano,ferrone,,200,
0000-0003-2903-3773,Nishita Parnandi,Nishita,Parnandi,,200,
0000-0003-2903-838X,David de Matías Batalla,David,de Matías Batalla,,200,
0000-0003-2903-9040,Mohamed Abou-el-Enein,Mohamed,Abou-el-Enein,,200,
0000-0003-2904-4413,Liu X,Xiaoli,Liu,Liu X,200,
0000-0003-2909-8921,Jenia Singh,Jenia,Singh,,200,
0000-0003-2910-2927,Martin,Martin,,,200,
0000-0003-2913-2296,Gabriela Venturini da Silva,Gabriela,Venturini da Silva,,200,
0000-0003-2914-8554,Alexander Plavin,Alexander,Plavin,,200,
0000-0003-2915-5770,David Grabowski,David,Grabowski,,200,
0000-0003-2915-7100,Andrea Nasuto,Andrea,Nasuto,Andrea Nasuto,200,
0000-0003-2915-8154,supriya jagga,supriya,jagga,,200,
0000-0003-2916-6701,Shulin Mao,Shulin,Mao,,200,
0000-0003-2919-5588,Michael Rodriguez,Michael,Rodriguez,,200,
0000-0003-2922-5855,Cassandra Extavour,Cassandra,Extavour,,200,
0000-0003-2924-2452,Wenjing Wu,Wenjing,Wu,,200,
0000-0003-2924-7931,Megan Goh,Megan,Goh,,200,
0000-0003-2925-0583,Jinbo Hu,Jinbo,Hu,,200,
0000-0003-2928-0942,Sekyu Choi,Sekyu,Choi,,200,
0000-0003-2931-468X,Haijiang Lin,Haijiang,Lin,,200,
0000-0003-2933-1260,Kaushik Ghose,Kaushik,Ghose,,200,
0000-0003-2936-5225,Amy Yu,Amy,Yu,,200,
0000-0003-2937-2089,Angelos Boufalis,Angelos,Boufalis,,200,
0000-0003-2939-0914,Vahbiz Jokhi,Vahbiz,Jokhi,,200,
0000-0003-2940-3981,Craig McEwen,Craig,McEwen,,200,
0000-0003-2941-5122,Martin Viola,Martin,Viola,,200,
0000-0003-2944-7503,Blake Hanan,Blake,Hanan,,200,
0000-0003-2945-7007,Saba J Chowdhury,Saba J,Chowdhury,,200,
0000-0003-2945-9416,Antonio Sacco,Antonio,Sacco,,200,
0000-0003-2957-6903,Benika Pinch,Benika,Pinch,,200,
0000-0003-2959-4650,Daiane B Machado,Daiane,B Machado,,200,
0000-0003-2965-0341,Grace Huang,Grace,Huang,,200,
0000-0003-2965-8044,XIAOAN WANG,XIAOAN,WANG,,200,
0000-0003-2970-2746,Seo Ho (Michael) Song,Seo Ho,Song,Seo Ho (Michael) Song,200,
0000-0003-2975-3199,Amitabh Chandra,Amitabh,Chandra,,200,
0000-0003-2977-1610,Yatao Liu,Yatao,Liu,,200,
0000-0003-2977-2568,Daniel Cohen,Daniel,Cohen,,200,
0000-0003-2978-7655,Koenen KC,Karestan,Koenen,Koenen KC,200,
0000-0003-2980-1744,Uri Dadush,Uri,Dadush,,200,
0000-0003-2982-9894,Tave van Zyl,Tave,van Zyl,,200,
0000-0003-2984-7160,Lital Ben-Naim,Lital,Ben-Naim,,200,
0000-0003-2987-3393,Lily He,Lily,He,,200,
0000-0003-2988-7701,Timothy Yu,Timothy,Yu,,200,
0000-0003-2988-7998,William Thompson,William,Thompson,,200,
0000-0003-2989-8048,Jian-Qiang Hu,Jian-Qiang,Hu,Jian-Qiang Hu,200,
0000-0003-2992-0807,Claudio Aqueveque,Claudio,Aqueveque,,200,
0000-0003-2992-1332,Jacob Madden,Jacob,Madden,,200,
0000-0003-2992-3303,Baoqiang Li,Baoqiang,Li,,200,
0000-0003-2996-3823,Toma Tomov,Toma,Tomov,,200,
0000-0003-3000-7943,Concetto Eugenio Andrea Cordaro,Concetto Eugenio Andrea,Cordaro,,200,
0000-0003-3001-1109,Joseph Lopez,Joseph,Lopez,,200,
0000-0003-3003-4087,Lior Artzi,Lior,Artzi,,200,
0000-0003-3003-874X,Mark S. Keller,Mark,Keller,Mark S. Keller,200,
0000-0003-3003-9902,Linqing Li,Linqing,Li,,200,
0000-0003-3005-1661,Tao Liu,Tao,Liu,,200,
0000-0003-3005-5152,NICHOLAS PAPASPYROU,NICHOLAS,PAPASPYROU,,200,
0000-0003-3007-4812,Arya Rao,Arya,Rao,,200,
0000-0003-3012-666X,Guillermo Ceniza-Bordallo,Guillermo,Ceniza-Bordallo,,200,
0000-0003-3013-0394,Carla Winter,Carla,Winter,,200,
0000-0003-3015-5962,Seid Miad Zandavi,Seid Miad,Zandavi,,200,
0000-0003-3016-7832,Damien MARKUS,Damien,MARKUS,,200,
0000-0003-3017-7096,Sjurdur Olsen,Sjurdur,Olsen,,200,
0000-0003-3017-7248,Zachary Murphy,Zachary,Murphy,,200,
0000-0003-3019-972X,Shandukani Mulaudzi,Shandukani,Mulaudzi,,200,
0000-0003-3022-426X,Brock  Christensen,Brock ,Christensen,,200,
0000-0003-3030-2918,Dmitry L. Usanov,Dmitry,Usanov,Dmitry L. Usanov,200,
0000-0003-3031-2067,Dionnet L. Bhatti Mazo,Dionnet,Bhatti Mazo,Dionnet L. Bhatti Mazo,200,
0000-0003-3033-1444,Michael Peters,Michael,Peters,,200,
0000-0003-3033-2981,Taiza GS Edwards,Taiza,Edwards,Taiza GS Edwards,200,
0000-0003-3037-2350,Bryce Starr,Bryce,Starr,,200,
0000-0003-3040-7891,Laura A Cahill,Laura ,Cahill,Laura A Cahill,200,
0000-0003-3042-9118,Amy Clark,Amy,Clark,,200,
0000-0003-3044-4211,peng zhou,peng,zhou,,200,
0000-0003-3047-8905,Sandip Sukhtankar,Sandip,Sukhtankar,,200,
0000-0003-3053-0689,Karl Gademann,Karl,Gademann,,200,
0000-0003-3058-3510,Richard Peiser,Richard,Peiser,,200,
0000-0003-3059-1369,CAROL MITA,CAROL,MITA,,200,
0000-0003-3059-5925,Carmen Jacqueline Ho,Carmen Jacqueline,Ho,,200,
0000-0003-3061-3310,Glenn Yiu,Glenn,Yiu,,200,
0000-0003-3061-3652,Booth KT,Kevin T.,Booth,Booth KT,200,
0000-0003-3061-7063,Stefanie Pinnow,Stefanie,Pinnow,,200,
0000-0003-3062-2831,Bernardo García Martínez,Bernardo,García Martínez,,200,
0000-0003-3063-5608,Kim NJ,nam jin,kim,Kim NJ,200,
0000-0003-3064-2090,Karthik Hullahalli,Karthik,Hullahalli,,200,
0000-0003-3064-9743,Reza Behrouzi,Reza,Behrouzi,,200,
0000-0003-3066-1275,Noopur Raje,Noopur,Raje,,200,
0000-0003-3067-2353,Brian Y. Chang,Brian,Chang,Brian Y. Chang,200,
0000-0003-3067-7154,Noah Greifer,Noah,Greifer,,200,
0000-0003-3069-7593,stephen scher,stephen,scher,,200,
0000-0003-3072-4053,David Oppenheimer,David,Oppenheimer,,200,
0000-0003-3073-1800,Kanno TY,Tatiane Yumi,Nakamura Kanno,Kanno TY,200,
0000-0003-3073-4227,Philip Saynisch,Philip,Saynisch,,200,
0000-0003-3074-7239,Hasindu Piyumantha Kariyawasam,Hasindu Piyumantha,Kariyawasam,,200,
0000-0003-3076-0767,Siddharth Tiwari,Siddharth,Tiwari,,200,
0000-0003-3082-1507,Rishabh Kapoor,Rishabh,Kapoor,,200,
0000-0003-3083-5044,Kenneth Rose,Kenneth,Rose,,200,
0000-0003-3089-3981,Robin Kramer,Robin,Kramer,,200,
0000-0003-3091-3102,Jasleen Gill,Jasleen,Gill,,200,
0000-0003-3091-7023,Paul Kumar Upputuri,Paul Kumar,Upputuri,,200,
0000-0003-3093-3007,"Rohitashva Agrawal, MD, MPH, PGDMLE, PGDIPRL",Rohitashva,Agrawal,"Rohitashva Agrawal, MD, MPH, PGDMLE, PGDIPRL",200,
0000-0003-3096-3441,Michael Purdy,Michael,Purdy,,200,
0000-0003-3098-8550,Jesse R. Poganik,Jesse,Poganik,Jesse R. Poganik,200,
0000-0003-3100-5149,Colleen Lanier-Christensen,Colleen,Lanier-Christensen,,200,
0000-0003-3101-3114,Sara Giulia Danielli,Sara Giulia,Danielli,,200,
0000-0003-3102-4374,Ariel Hernán Curiale,Ariel Hernán,Curiale,,200,
0000-0003-3106-2549,stanton gerson ,stanton,gerson ,,200,
0000-0003-3106-814X,Sharon Bergquist,Sharon,Bergquist,,200,
0000-0003-3109-214X,Pascal Fröhlicher,Pascal,Fröhlicher,,200,
0000-0003-3113-2439,Erica Chenoweth,Erica,Chenoweth,,200,
0000-0003-3116-8722,Andrew Wight,Andrew,Wight,,200,
0000-0003-3117-7389,Walid Abdelmoula,Walid,Abdelmoula,,200,
0000-0003-3121-9403,Olivia G Pembridge,Olivia,Pembridge,Olivia G Pembridge,200,
0000-0003-3124-502X,Brian Walsh,Brian,Walsh,,200,
0000-0003-3126-7165,Jingxuan Ding,Jingxuan,Ding,,200,
0000-0003-3127-4373,Lọla Fagbami,Lọla,Fagbami,,200,
0000-0003-3127-9369,Beverly Neugeboren,Beverly,Neugeboren,,200,
0000-0003-3129-8682,Gabriel R. Schleder,Gabriel,Schleder,Gabriel R. Schleder,200,
0000-0003-3133-5367,Alethea Melling,Alethea,Melling,,200,
0000-0003-3133-6319,Chengrui Zhang,Chengrui,Zhang,,200,
0000-0003-3137-0453,Henry Bushnell,Henry,Bushnell,,200,
0000-0003-3153-063X,John G. Reynolds,John,Reynolds,John G. Reynolds,200,
0000-0003-3155-2767,James Gilligan,James,Gilligan,,200,
0000-0003-3157-8801,Lia Maria Hocke,Lia Maria,Hocke,,200,
0000-0003-3159-8175,William J Gibson,William,Gibson,William J Gibson,200,
0000-0003-3160-0909,Mojtaba Sarvporian,Mojtaba,Sarvporian,,200,
0000-0003-3160-4790,Anthony Zhong,Anthony,Zhong,,200,
0000-0003-3161-8770,Vladimir Seplyarskiy,Vladimir,Seplyarskiy,,200,
0000-0003-3164-1647,Martha Tamez,Martha,Tamez,,200,
0000-0003-3164-1778,Kovpak Alona Vasylivna,Alona,Kovpak,Kovpak Alona Vasylivna,200,
0000-0003-3165-5416,Zhe-Xin Xu,Zhe-Xin,Xu,,200,
0000-0003-3167-7199,Christine Junhui Liu,Christine Junhui,Liu,Christine Junhui Liu,200,
0000-0003-3170-3449,Fawzy Ali Saad,Fawzy A.,Saad,Fawzy Ali Saad,200,
0000-0003-3170-7001,Joshua A. Senior,Joshua,Senior,Joshua A. Senior,200,
0000-0003-3171-4631,Lu Huang,Lu,Huang,,200,
0000-0003-3174-1656,David Swanson,David,Swanson,,200,
0000-0003-3174-3440,Perinur Bozaykut,Perinur,Bozaykut,,200,
0000-0003-3178-447X,Dra. Ceferina Cabrera -Félix,Dra. Ceferina,Cabrera -Félix,,200,
0000-0003-3179-0140,Asif Khan,Mohammad Asif,Khan,Asif Khan,200,
0000-0003-3181-0033,Jennifer J Chen,Jennifer J,Chen,,200,
0000-0003-3182-8188,Qianru Jin,Qianru,Jin,,200,
0000-0003-3185-4845,Sophia Kan,Sophia,Kan,,200,
0000-0003-3185-5047,Valentine Bouju,Valentine,Bouju,,200,
0000-0003-3186-5931,Peter Vale,Peter,Vale,,200,
0000-0003-3187-4598,Ka`imi Masunaga,Ka`imi,Masunaga,,200,
0000-0003-3189-277X,Melissa Williams,Melissa,Williams,,200,
0000-0003-3189-6199,"Scott E. Hadland, MD, MPH",Scott,Hadland,"Scott E. Hadland, MD, MPH",200,
0000-0003-3190-8110,Maggi Budd,Maggi,Budd,,200,
0000-0003-3192-3003,SUSAN MAYS,SUSAN,MAYS,,200,
0000-0003-3193-698X,Guy Rubinstein,Guy,Rubinstein,,200,
0000-0003-3194-1973,Sharifa Sahai,Sharifa,Sahai,,200,
0000-0003-3194-9836,Eric Mazur,Eric,Mazur,,200,
0000-0003-3195-0781,Arif Asif,Arif,Asif,,200,
0000-0003-3199-3386,Jeremiah Cha,Jeremiah,Cha,,200,
0000-0003-3201-3714,Man Wu,Man,Wu,,200,
0000-0003-3205-6888,Mary T. LaSalvia,Mary,LaSalvia,Mary T. LaSalvia,200,
0000-0003-3205-8963,Yi-Shiuan Liu,Yi-Shiuan,Liu,,200,
0000-0003-3206-8395,Laura Thompson,Laura,Thompson,,200,
0000-0003-3208-8679,G. Stuart Mendenhall,George,Mendenhall,G. Stuart Mendenhall,200,
0000-0003-3211-0127,Rafik Boudra,Rafik,Boudra,,200,
0000-0003-3211-7759,KHALEEL ALYAHYA,KHALEEL,ALYAHYA,,200,
0000-0003-3214-8045,Yiqiao Wang,Yiqiao,Wang,,200,
0000-0003-3216-8214,Shayla  Monroe,Shayla ,Monroe,,200,
0000-0003-3217-2790,Taiwo Ehineni,Taiwo,Ehineni,,200,
0000-0003-3219-0622,Nicole del Castillo,Nicole,del Castillo,,200,
0000-0003-3219-3815,"Pedro Vinícius Staziaki, MD",Pedro,Staziaki,"Pedro Vinícius Staziaki, MD",200,
0000-0003-3219-4017,Salim Afshar,Salim,Afshar,,200,
0000-0003-3219-6960,Lucia Gordon,Lucia,Gordon,,200,
0000-0003-3221-2238,Jaimie McFarlin,Jaimie,McFarlin,,200,
0000-0003-3224-5048,Demetri,Demetri,,,200,
0000-0003-3227-8894,Nils Burger,Nils,Burger,,200,
0000-0003-3229-5504,Victoria Grunberg,Victoria,Grunberg,,200,
0000-0003-3232-7326,Eden Maness,Eden,Maness,,200,
0000-0003-3239-0712,Jhen-Hao Jhan,Jhen-Hao,Jhan,,200,
0000-0003-3244-2711,Vishnu Balakrishnan,Vishnu,Balakrishnan,,200,
0000-0003-3246-6246,Devashree Tripathy,Devashree,Tripathy,,200,
0000-0003-3247-7316,Nadine Bahour,Nadine,Bahour,,200,
0000-0003-3249-4343,"Regan W. Bergmark, MD, MPH, FACS, FARS",Regan,Bergmark,"Regan W. Bergmark, MD, MPH, FACS, FARS",200,
0000-0003-3251-9790,Han Sae Jung,Han Sae,Jung,,200,
0000-0003-3253-1239,Dr SK Bose,Dr SK,Bose,,200,
0000-0003-3253-8887,Nancy Wei,Nancy,Wei,,200,
0000-0003-3254-5788,C. Scott Gallagher,C. Scott,Gallagher,,200,
0000-0003-3254-8313,Carroll Savant,Carroll,Savant,,200,
0000-0003-3256-0494,Zora Haque,Zora,Haque,,200,
0000-0003-3256-3986,Nicholas Reid,Nicholas,Reid,,200,
0000-0003-3258-2976,Julee Howzemnv,Julee,Howzemnv,,200,
0000-0003-3261-6953,Daniel Salisbury,Daniel,Salisbury,,200,
0000-0003-3263-0405,Elizabeth Alpert,Elizabeth,Alpert,,200,
0000-0003-3263-0843,Xingping Qin,Xingping,Qin,,200,
0000-0003-3264-7194,Menglu,Menglu,,,200,
0000-0003-3271-6997,Maxwell Levis,Maxwell,Levis,,200,
0000-0003-3272-3468,Tilman Pfau,Tilman,Pfau,,200,
0000-0003-3273-559X,Catherine Elgin,Catherine,Elgin,,200,
0000-0003-3281-4335,Xiaoya Zhang,Xiaoya,Zhang,,200,
0000-0003-3282-2781,Juntao Yu,Juntao,Yu,,200,
0000-0003-3282-7275,He Tian,He,Tian,,200,
0000-0003-3285-5858,Danny Chua,Danny,Chua,,200,
0000-0003-3287-6042,Anton Mazurenko,Anton,Mazurenko,,200,
0000-0003-3290-3346,Kevin Huang,Kevin,Huang,,200,
0000-0003-3294-5888,Kenneth Tyler,Kenneth,Tyler,,200,
0000-0003-3295-6683,Flaminia Catteruccia,Flaminia,Catteruccia,,200,
0000-0003-3297-9447,Nathan Raines,Nathan,Raines,,200,
0000-0003-3299-8795,Jia Cui,Jia,Cui,,200,
0000-0003-3303-8737,Andrew Biewener,Andrew,Biewener,,200,
0000-0003-3305-5385,Caleb Shelburne,Caleb,Shelburne,,200,
0000-0003-3308-600X,Jeffrey Fearon,Jeffrey,Fearon,,200,
0000-0003-3310-006X,Matthew Aiello,Matthew,Aiello,,200,
0000-0003-3316-0396,Yulia Shchadilova,Yulia,Shchadilova,,200,
0000-0003-3316-0425,Jonathan Haefner,Jonathan,Haefner,,200,
0000-0003-3316-547X,Katherine Phillips,Katherine,Phillips,,200,
0000-0003-3317-0658,Danda Chapagai,Danda,Chapagai,,200,
0000-0003-3319-2179,Buket Baddal,Buket,Baddal,,200,
0000-0003-3321-1595,Olivia Maria Gomes da Cunha,Olivia Maria,Gomes da Cunha,,200,
0000-0003-3323-0366,Paul Stankey,Paul,Stankey,,200,
0000-0003-3328-222X,Ann Buckley,Ann,Buckley,,200,
0000-0003-3328-4858,Myron Spector,Myron,Spector,,200,
0000-0003-3328-4946,Chen-Fu Chien,Chen-Fu,Chien,,200,
0000-0003-3328-8234,Hassan Bukhari,Hassan,Bukhari,,200,
0000-0003-3329-8379,Teresa Amabile,Teresa,Amabile,,200,
0000-0003-3330-787X,Cody Floerchinger,Cody,Floerchinger,,200,
0000-0003-3336-5412,Katsiaryna Bykov,Katsiaryna,Bykov,,200,
0000-0003-3339-3931,Kathleen Kahn,Kathleen,Kahn,,200,
0000-0003-3339-538X,Lluís Saló-Salgado,Lluís,Saló-Salgado,,200,
0000-0003-3340-3941,Gerald Steiner,Gerald,Steiner,,200,
0000-0003-3340-9542,Johann Gaebler,Johann,Gaebler,,200,
0000-0003-3342-7695,Mahmoud Odeh,Mahmoud,Odeh,,200,
0000-0003-3343-7543,Mounira Maya Charrad,Mounira Maya,Charrad,,200,
0000-0003-3344-7530,Zhifei Yan,Zhifei,Yan,,200,
0000-0003-3344-855X,Vaani Ohri,Vaani,Ohri,,200,
0000-0003-3347-837X,Jiecong LIN,Jiecong,LIN,,200,
0000-0003-3354-0698,"Giovanni J. Ughi, Ph.D.",Giovanni J.,Ughi,"Giovanni J. Ughi, Ph.D.",200,
0000-0003-3355-3210,Olga Demler,Olga,Demler,,200,
0000-0003-3355-4838,Bettina Hobson,Bettina,Hobson,,200,
0000-0003-3355-5806,Hannah Dayton,Hannah,Dayton,,200,
0000-0003-3359-6165,James Kameron Mitchell,James,Mitchell,James Kameron Mitchell,200,
0000-0003-3361-5450,Melissa Yu,Melissa,Yu,,200,
0000-0003-3362-2802,"Dr. Robelyn Garcia, PhD",Robelyn,Garcia,"Dr. Robelyn Garcia, PhD",200,
0000-0003-3365-0213,Miao Liu,Miao,Liu,,200,
0000-0003-3366-0294,Liu Chen,Liu,Chen,,200,
0000-0003-3368-7235,Daniel Halpern,Daniel,Halpern,,200,
0000-0003-3369-7804,Kathrin von Allmen,Kathrin,von Allmen,,200,
0000-0003-3372-5588,Adrienne R. Wells,Adrienne,Wells,Adrienne R. Wells,200,
0000-0003-3375-6448,Y. Franchesco Molina-Henao,Y. Franchesco,Molina-Henao,,200,
0000-0003-3375-9630,Jeannine Cavender-Bares,Jeannine,Cavender-Bares,,200,
0000-0003-3376-5977,Ana Belén Ramos Hryb,Ana Belén,Ramos Hryb,,200,
0000-0003-3381-5364,Anastasia Repouliou,Anastasia,Repouliou,,200,
0000-0003-3382-5554,Peter Hirtle,Peter,Hirtle,,200,
0000-0003-3385-9308,Kunitoshi Chiba,Kunitoshi,Chiba,,200,
0000-0003-3389-3215,Kayla Kruger,Kayla,Kruger,,200,
0000-0003-3389-7320,Lauren L Orefice,Lauren L,Orefice,,200,
0000-0003-3391-133X,Rui Yan,Rui,Yan,,200,
0000-0003-3391-7619,John Froberg,John,Froberg,,200,
0000-0003-3393-6502,Sharri Mortensen,Sharri,Mortensen,,200,
0000-0003-3398-6710,Neil Thivalapill,Neil,Thivalapill,,200,
0000-0003-3398-8943,Didac Santesmasses,Didac,Santesmasses,,200,
0000-0003-3402-4484,Yitong Li,Yitong,Li,,200,
0000-0003-3404-8208,Maria Fernanda Cuen,Maria Fernanda,Cuen,,200,
0000-0003-3408-4188,Tanmoy Saha,Tanmoy,Saha,,200,
0000-0003-3408-9587,Kamal Singhrao,Kamal,Singhrao,,200,
0000-0003-3410-6762,Ye Shen,Ye,Shen,,200,
0000-0003-3414-0098,Ana-Mihaela Lupan,Ana-Mihaela,Lupan,,200,
0000-0003-3414-2552,Kun Wang,Kun,Wang,,200,
0000-0003-3415-7092,Xi Wang,Xi,Wang,,200,
0000-0003-3417-0713,Andrea Cosolo,Andrea,Cosolo,,200,
0000-0003-3418-6758,Thach Bui,Thach,Bui,,200,
0000-0003-3421-4931,Charles Wang,Charles,Wang,,200,
0000-0003-3422-5091,Hend Alqaderi,Hend,Alqaderi,,200,
0000-0003-3426-0225,Hachung Chung,Hachung,Chung,,200,
0000-0003-3427-3464,Gloria A Pedersen,Gloria,Pedersen,Gloria A Pedersen,200,
0000-0003-3430-8567,James Marsh,James,Marsh,,200,
0000-0003-3432-0902,Isaac Solomon,Isaac,Solomon,,200,
0000-0003-3432-7944,Cindy Hu,Cindy,Hu,,200,
0000-0003-3434-0022,Olaia Naveiras,Olaia,Naveiras,,200,
0000-0003-3437-4775,Emily Padston,Emily,Padston,,200,
0000-0003-3440-6941,Kareem Carr,Kareem,Carr,,200,
0000-0003-3440-8154,Victor C Kok,Victor,Kok,Victor C Kok,200,
0000-0003-3442-0217,Levi Yant,Levi,Yant,,200,
0000-0003-3442-4875,Norman Lippok,Norman,Lippok,,200,
0000-0003-3445-0651,Irene Lebrusán Murillo,Irene,Lebrusán Murillo,,200,
0000-0003-3445-7706,Colin Hemez,Colin,Hemez,,200,
0000-0003-3451-5849,John W Glasser,John,Glasser,John W Glasser,200,
0000-0003-3452-0824,Gisela Lima,Gisela,Lima,,200,
0000-0003-3453-1566,Zeyu Zhao,Zeyu,Zhao,,200,
0000-0003-3455-1698,Yuuko Uchikoshi,Yuuko,Uchikoshi,,200,
0000-0003-3455-4944,Mackenzie Harrigan,Mackenzie,Harrigan,Mackenzie Harrigan,200,
0000-0003-3455-8814,Kevin Ortiz Ceballos,Kevin,Ortiz Ceballos,,200,
0000-0003-3460-4905,Sarah Brnich,Sarah,Brnich,,200,
0000-0003-3462-5116,Osamu Sakai,Osamu,Sakai,,200,
0000-0003-3462-7007,Marwan Moussa,Marwan,Moussa,,200,
0000-0003-3465-6254,Bond James,Bond,James,,200,
0000-0003-3466-8650,Mary Kathryn Poole,Mary Kathryn,Poole,,200,
0000-0003-3468-6402,Kade Townsend,Kade,Townsend,,200,
0000-0003-3470-1246,Peter Johnson,Peter,Johnson,,200,
0000-0003-3470-1369,Tom Manovitz,Tom,Manovitz,,200,
0000-0003-3472-5344,Tracy D. Dubin,Tracy,Dubin,Tracy D. Dubin,200,
0000-0003-3473-1859,S. Barak Caine,S. Barak,Caine,,200,
0000-0003-3473-4515,Hursuong Vongsachang,Hursuong,Vongsachang,,200,
0000-0003-3477-0305,Elvira Isganaitis,Elvira,Isganaitis,,200,
0000-0003-3478-2699,Alba Carrillo,Alba,Carrillo,,200,
0000-0003-3480-2880,Sumit Kumar,Sumit,Kumar,Sumit Kumar,200,
0000-0003-3490-7228,Abby Finkelstein,Abby,Finkelstein,,200,
0000-0003-3492-1388,Xin Ying Kong,Xin Ying,Kong,,200,
0000-0003-3492-1521,Jane Liebschutz,Jane,Liebschutz,,200,
0000-0003-3494-2605,Emily Erickson,Emily,Erickson,,200,
0000-0003-3494-3077,Cerys Holstege,Cerys,Holstege,,200,
0000-0003-3496-2120,Deborah Phillips,Deborah,Phillips,,200,
0000-0003-3496-2710,Joshua Gilbert,Joshua,Gilbert,,200,
0000-0003-3498-1567,Ruifeng Li,Ruifeng,Li,,200,
0000-0003-3504-3919,Anders Johan Andreassen,Anders Johan,Andreassen,,200,
0000-0003-3505-5477,Ana Raquel Santa-Maria,Ana Raquel,Santa-Maria,,200,
0000-0003-3506-3020,Kate Powell,Kate,Powell,,200,
0000-0003-3506-4381,Roland Gillet,Roland,Gillet,,200,
0000-0003-3507-2496,Donna Duffy,Donna,Duffy,,200,
0000-0003-3507-6147,Christina Lee,Christina,Lee,,200,
0000-0003-3507-9022,David Born,David,Born,,200,
0000-0003-3508-2678,Hyung Chun,Hyung,Chun,,200,
0000-0003-3508-7452,Billy Wong,Billy,Wong,,200,
0000-0003-3511-0106,Andrew Li,Andrew,Li,,200,
0000-0003-3512-6060,Seth Robertson,Seth,Robertson,,200,
0000-0003-3512-7717,Emmanuel Kiiza Mwesiga,Emmanuel,Mwesiga,Emmanuel Kiiza Mwesiga,200,
0000-0003-3512-855X,You-Jung Choi,You-Jung,Choi,,200,
0000-0003-3518-0964,Jamie Shenk,Jamie,Shenk,,200,
0000-0003-3520-3791,Ping-hsiu Alice Lin,Ping-hsiu Alice,Lin,,200,
0000-0003-3520-6861,Beatrice Nicolini,Beatrice,Nicolini,,200,
0000-0003-3521-4044,Stephen Sanders,Stephen,Sanders,,200,
0000-0003-3522-4226,Meredith Phelps,Meredith,Phelps,,200,
0000-0003-3525-0942,Xingchi Yan,Xingchi,Yan,,200,
0000-0003-3526-4850,Corneliu Sima,Corneliu,Sima,,200,
0000-0003-3530-4330,Charlotte E. Blattner,Charlotte E.,Blattner,,200,
0000-0003-3531-2111,Jason Zoeller,Jason,Zoeller,,200,
0000-0003-3533-410X,Jianping Xu,Jianping,Xu,,200,
0000-0003-3534-7007,Dandan Zhang,Dandan,Zhang,,200,
0000-0003-3534-7517,Bo Yang,Bo,Yang,,200,
0000-0003-3535-2076,George Church,George,Church,,200,
0000-0003-3536-0025,Gorakhnath Gangane,Gorakhnath,Gangane,Gorakhnath Gangane,200,
0000-0003-3536-7446,Onesmo ole-MoiYoi,Onesmo,ole-MoiYoi,,200,
0000-0003-3537-1007,Cristian Huchim Peña,Cristian Jesus,Huchim Peña,Cristian Huchim Peña,200,
0000-0003-3539-3118,Min Young Kim,Min Young,Kim,,200,
0000-0003-3544-7032,Hiroyuki Tetsuka,Hiroyuki,Tetsuka,,200,
0000-0003-3544-865X,Anahita Nourmahnad,Anahita,Nourmahnad,,200,
0000-0003-3545-9041,Samah Morsi,Samah,Morsi,Samah Morsi,200,
0000-0003-3548-2313,John R Duffy,John,Duffy,John R Duffy,200,
0000-0003-3548-5522,Néstor Noyola,Néstor,Noyola,,200,
0000-0003-3548-7341,Colin Lukens,Colin,Lukens,,200,
0000-0003-3549-1826,Abeer Gharaibeh,Abeer,Gharaibeh,,200,
0000-0003-3553-5710,Sigrid Carlsson,Sigrid,Carlsson,,200,
0000-0003-3554-4991,Oliver Knill,Oliver,Knill,,200,
0000-0003-3555-1681,Sophia Koutsogiannaki,Sophia,Koutsogiannaki,,200,
0000-0003-3558-4707,Mariel Garcia Montes,Mariel,Garcia Montes,,200,
0000-0003-3559-2491,Katherine Venturo-Conerly,Katherine,Venturo-Conerly,,200,
0000-0003-3560-3605,Alan Nguyen,Alan,Nguyen,,200,
0000-0003-3563-5404,Benjamin Morris,Benjamin,Morris,,200,
0000-0003-3564-4255,Pi-i D. Lin,Pi-i,Lin,Pi-i D. Lin,200,
0000-0003-3568-4265,Wenjun Yan,Wenjun,Yan,,200,
0000-0003-3569-4092,Sophia Ridolfo,Sophia,Ridolfo,,200,
0000-0003-3571-6183,Cynthia Moncada-Reid,Cynthia,Moncada-Reid,Cynthia Moncada-Reid,200,
0000-0003-3574-4213,Sarah Rakovshik,Sarah,Rakovshik,,200,
0000-0003-3574-5400,William Kessler,William,Kessler,,200,
0000-0003-3578-336X,Matthew Weaver,Matthew,Weaver,,200,
0000-0003-3578-3415,Danielle de Feo-Giet,Danielle,de Feo-Giet,,200,
0000-0003-3579-0332,Sourobh Ghosh,Sourobh,Ghosh,,200,
0000-0003-3580-0887,Michael Tworek,Michael,Tworek,,200,
0000-0003-3582-2381,Karl Winsor,Karl,Winsor,,200,
0000-0003-3582-5216,Mylin Torres,Mylin,Torres,,200,
0000-0003-3582-9348,Frank J. Sulloway,Frank J.,Sulloway,,200,
0000-0003-3584-8602,Nicolas Nunez-Ordonez,Nicolas,Nunez-Ordonez,Nicolas Nunez-Ordonez,200,
0000-0003-3585-0198,Remo Grillo,Remo,Grillo,,200,
0000-0003-3589-0368,Katherine LoBuglio,Katherine,LoBuglio,,200,
0000-0003-3593-4148,Summer Thyme,Summer,Thyme,,200,
0000-0003-3593-4199,Ana Paula Bonner Septien,Ana Paula,Bonner Septien,,200,
0000-0003-3594-5031,Tomomichi Amano,Tomomichi,Amano,,200,
0000-0003-3598-513X,Patrick T. Paine,Patrick,Paine,Patrick T. Paine,200,
0000-0003-3602-1009,Leonardo A. Sepúlveda,Leonardo Andres,Sepúlveda Duran,Leonardo A. Sepúlveda,200,
0000-0003-3603-7908,charles cho,charles,cho,,200,
0000-0003-3605-9701,Xin Jiang,Xin,Jiang,,200,
0000-0003-3608-1837,Joan Sabadell-Basallote,Joan,Sabadell-Basallote,,200,
0000-0003-3610-6942,David Zurakowski,David,Zurakowski,,200,
0000-0003-3611-7959,Iván Coto Hernández,Iván,Coto Hernández,,200,
0000-0003-3612-3718,Hung-Chu Lin,Hung-Chu,Lin,,200,
0000-0003-3612-4729,Guy Genin,Guy,Genin,,200,
0000-0003-3612-8754,Peter Belshaw,Peter,Belshaw,,200,
0000-0003-3613-3705,Daniel P. Newton,Daniel,Newton,Daniel P. Newton,200,
0000-0003-3613-4046,Shusei Eshima,Shusei,Eshima,,200,
0000-0003-3614-7621,Dr. Aashis Luitel,Dr. Aashis,Luitel,,200,
0000-0003-3614-9731,Sophia Liu,Sophia,Liu,,200,
0000-0003-3622-2003,Bogdan Budnik,Bogdan,Budnik,,200,
0000-0003-3622-4818,Jordan Bloom,Jordan,Bloom,,200,
0000-0003-3622-974X,Ricardo Noriega-Espinoza,Ricardo Xavier,Noriega Espinoza,Ricardo Noriega-Espinoza,200,
0000-0003-3625-2851,Hui Li,Hui,Li,,200,
0000-0003-3627-2553,Aaron G. Schmidt,Aaron,Schmidt,Aaron G. Schmidt,200,
0000-0003-3627-8672,Hao Jiang,Hao,Jiang,,200,
0000-0003-3628-6832,Nishat Manzar,Nishat,Manzar,,200,
0000-0003-3629-0671,Noah  Whiteman,Noah ,Whiteman,,200,
0000-0003-3629-9465,Ileana De Anda-Duran,Ileana,De Anda-Duran,,200,
0000-0003-3631-0943,Ajmal  Khan A.T,Ajmal ,Khan A.T,,200,
0000-0003-3639-3478,Xing Fan,Xing,Fan,,200,
0000-0003-3640-0498,Daniel Fernando Pilco-Janeta,Daniel Fernando,Pilco-Janeta,,200,
0000-0003-3640-7294,Manolo Abella,Manolo,Abella,,200,
0000-0003-3642-6954,Jada M. Copeland-Hayes,Jada,Copeland-Hayes,Jada M. Copeland-Hayes,200,
0000-0003-3643-0574,Jessica Payne,Jessica,Payne,,200,
0000-0003-3644-1716,Whitney Airgood-Obrycki,Whitney,Airgood-Obrycki,,200,
0000-0003-3646-1426,Sungwook Woo,Sungwook,Woo,,200,
0000-0003-3646-9428,Melissa J. Barber,Melissa,Barber,Melissa J. Barber,200,
0000-0003-3647-8113,Robert C Tasker,Robert,Tasker,Robert C Tasker,200,
0000-0003-3647-9570,Sahana Udupa,Sahana,Udupa,,200,
0000-0003-3650-9063,Madhura De,Madhura,De,,200,
0000-0003-3651-0320,Curie  Virág,Curie ,Virág,,200,
0000-0003-3651-425X,Mathew Samuel,Mathew,Samuel,,200,
0000-0003-3654-0642,Rosalea Monacella,Rosalea,Monacella,,200,
0000-0003-3654-4002,Kwang-Hyun Hur,Kwang-Hyun,Hur,,200,
0000-0003-3654-4141,Susobhan Ghosh,Susobhan,Ghosh,,200,
0000-0003-3654-6606,Shefqet Meda,Shefqet,Meda,,200,
0000-0003-3655-1835,Matthew Giannetti,Matthew,Giannetti,,200,
0000-0003-3655-2205,"Elizabeth A. Rider, MSW, MD",Elizabeth A.,Rider,"Elizabeth A. Rider, MSW, MD",200,
0000-0003-3657-0817,Sanne Boersma,Sanne,Boersma,,200,
0000-0003-3658-1858,Channing Paller,Channing,Paller,,200,
0000-0003-3658-6165,Karol Watson,Karol,Watson,,200,
0000-0003-3658-8531,Peter Hoffer,Peter,Hoffer,,200,
0000-0003-3659-4755,Katharine Clapham,Katharine,Clapham,,200,
0000-0003-3661-8438,Zhaoyi Li,Zhaoyi,Li,,200,
0000-0003-3662-9698,Jeffrey Macklis,Jeffrey,Macklis,,200,
0000-0003-3664-963X,Tiffany Nichols,Tiffany,Nichols,,200,
0000-0003-3667-6873,Brian Ayers,Brian,Ayers,,200,
0000-0003-3667-8908,Parker Kotlarz,Parker,Kotlarz,,200,
0000-0003-3668-3694,Gregory Petsko,Gregory,Petsko,,200,
0000-0003-3673-0104,Giada Bianchi,Giada,Bianchi,,200,
0000-0003-3673-181X,"Li, Yan",Yan,Li,"Li, Yan",200,
0000-0003-3673-9918,Ivan Kroupin,Ivan,Kroupin,,200,
0000-0003-3675-6953,Nicole M. Fisher,Nicole,Bush,Nicole M. Fisher,200,
0000-0003-3678-3943,Tyler S Thigpen,Tyler S,Thigpen,,200,
0000-0003-3685-1387,Svetlana Azova,Svetlana,Azova,,200,
0000-0003-3686-2983,Jingyuan Chen,Jingyuan,Chen,,200,
0000-0003-3688-0428,Aaron R. Kaufman,Aaron R.,Kaufman,,200,
0000-0003-3692-8372,Yin Min Goh,Yin Min,Goh,,200,
0000-0003-3694-8875,MELLISSA RIDDLE,MELLISSA,RIDDLE,,200,
0000-0003-3695-6699,Sean Connelly,Sean,Connelly,,200,
0000-0003-3701-0707,Daniel Palazuelos,Daniel,Palazuelos,,200,
0000-0003-3701-1427,David Dockterman,David,Dockterman,,200,
0000-0003-3702-6266,Aminah Sallam,Aminah,Sallam,,200,
0000-0003-3703-8240,Bohdan Pomahac,Bohdan,Pomahac,,200,
0000-0003-3708-9996,Manuel Lopez Segura,Manuel,Lopez Segura,,200,
0000-0003-3713-3264,Xinsong Du,Xinsong,Du,,200,
0000-0003-3714-1280,Taimur,Taimur,,,200,
0000-0003-3716-6736,Yvan Beaussant,Yvan,Beaussant,,200,
0000-0003-3718-6489,Madhu Sudan,Madhu,Sudan,,200,
0000-0003-3718-6825,Danilo Mandic,Danilo,Mandic,,200,
0000-0003-3722-9514,Remy Furrer,Remy,Furrer,,200,
0000-0003-3723-2828,Alyssa M. Hernandez,Alyssa,Hernandez,Alyssa M. Hernandez,200,
0000-0003-3724-7675,Mona Dai,Mona,Dai,,200,
0000-0003-3725-2511,roderick bronson,roderick,bronson,,200,
0000-0003-3729-4471,Andriani Rina,Andriani,Rina,,200,
0000-0003-3730-4545,William Nehring,William,Nehring,,200,
0000-0003-3730-9004,Grant Fischer,Grant,Fischer,,200,
0000-0003-3737-4324,Gerald LeTendre,Gerald,LeTendre,,200,
0000-0003-3737-4762,Jason Martinez,Jason,Martinez,,200,
0000-0003-3739-8764,Ilja Kusters,Ilja,Kusters,,200,
0000-0003-3739-9046,AHMED IBRAHIM WARSI,AHMED IBRAHIM,WARSI,,200,
0000-0003-3741-5659,Misha  Gupta,Misha ,Gupta,,200,
0000-0003-3742-6315,Shana DeVlieger,Shana,DeVlieger,,200,
0000-0003-3743-6855,Junwei Lu,Junwei,Lu,,200,
0000-0003-3748-1832,Pooja Sanduja,Pooja,Sanduja,,200,
0000-0003-3751-1333,Karla Tejada,Karla,Tejada,,200,
0000-0003-3753-8923,Sandra Huaman-Pastorelli,Dr. Sandra,Huaman-Pastorelli,Sandra Huaman-Pastorelli,200,
0000-0003-3753-9459,Cristian V. Riella,Cristian V.,Riella,,200,
0000-0003-3755-8887,Jennifer Thomson,Jennifer,Thomson,,200,
0000-0003-3757-7690,Kyle A Romine,Kyle,Romine,Kyle A Romine,200,
0000-0003-3763-7219,Michael D. Singh,Michael,Singh,Michael D. Singh,200,
0000-0003-3764-2966,Gabriella E. Hamlett,Gabriella E.,Ferris-Hamlett,Gabriella E. Hamlett,200,
0000-0003-3764-4611,Wayne Marasco,Wayne,Marasco,,200,
0000-0003-3769-0765,Susan Mahan,Susan,Mahan,,200,
0000-0003-3770-9008,Aya Ibrahim,Aya,Ibrahim,,200,
0000-0003-3772-5737,Caroline Hu,Caroline,Hu,,200,
0000-0003-3773-3614,Bob Lubamba,Bob,Lubamba,,200,
0000-0003-3776-4701,Tre Artis,Tre,Artis,,200,
0000-0003-3776-9748,Daniel Tish,Daniel,Tish,,200,
0000-0003-3777-2250,Ankoor S Shah,Ankoor,Shah,Ankoor S Shah,200,
0000-0003-3778-450X,Robin Ely,Robin,Ely,,200,
0000-0003-3779-8864,Tolu Adedipe,Tolu,Adedipe,,200,
0000-0003-3780-1875,Joshua Weiner,Joshua,Weiner,,200,
0000-0003-3781-1870,Robert Yantosca,Robert,Yantosca,Robert Yantosca,200,
0000-0003-3782-5041,Roger Brockett,Roger,Brockett,,200,
0000-0003-3783-4781,Alexander Platt,Alexander,Platt,,200,
0000-0003-3785-0730,Burkhard U. W. Schwab,Burkhard,Schwab,Burkhard U. W. Schwab,200,
0000-0003-3785-6892,Mimi,Mimi,,,200,
0000-0003-3787-5970,Abdelaziz Abdelaal,Abdelaziz,Abdelaal,,200,
0000-0003-3787-7001,Mary Larson,Mary,Larson,,200,
0000-0003-3789-4944,Clark Teeple,Clark,Teeple,,200,
0000-0003-3793-5718,Christine Dumais,Christine,Dumais,,200,
0000-0003-3793-6438,Yong-Mi Kim,Yong-Mi,Kim,,200,
0000-0003-3794-3822,Aleksandar Radakovic,Aleksandar,Radakovic,,200,
0000-0003-3794-9853,,,,,200,
0000-0003-3795-4839,"Santosh Bashyal, Ph.D.",Santosh,"Bashyal, Ph.D.",,200,
0000-0003-3798-9097,Gábor Oroszlán,Gábor,Oroszlán,,200,
0000-0003-3798-9345,Zhenyu Han,Zhenyu,Han,,200,
0000-0003-3802-4262,Leena Hamad,Leena,Hamad,,200,
0000-0003-3805-1295,Saptarshi Pal,Saptarshi,Pal,,200,
0000-0003-3806-5304,Shria Bucha,Shria,Bucha,,200,
0000-0003-3807-6986,Sarah Ohnigian,Sarah,Ohnigian,,200,
0000-0003-3809-1879,James Bentley Norman,James,Norman,James Bentley Norman,200,
0000-0003-3809-405X,Michelle Nyah Joseph,Michelle,Joseph,Michelle Nyah Joseph,200,
0000-0003-3809-4682,Patrick Meehan,Patrick,Meehan,,200,
0000-0003-3810-414X,Arcita Hanjani Pramudita,Arcita,Hanjani,Arcita Hanjani Pramudita,200,
0000-0003-3811-257X,Jose Figueroa,Jose,Figueroa,,200,
0000-0003-3811-8840,Elizabeth Szkirpan,Elizabeth,Szkirpan,,200,
0000-0003-3812-5733,Taro Kimura,Taro,Kimura,,200,
0000-0003-3813-3549,Milica Lilic,Milica,Lilic,,200,
0000-0003-3817-9328,Yu Cheng,Yu,Cheng,,200,
0000-0003-3819-8086,Javier Correa,Javier,Correa,,200,
0000-0003-3823-8084,Andrew Danielson,Andrew,Danielson,,200,
0000-0003-3829-1256,Chia-Yu Chen,Chia-Yu,Chen,,200,
0000-0003-3829-6030,Reza Sadjadi,Reza,Sadjadi,,200,
0000-0003-3830-7393,Ming Gao,Ming,Gao,,200,
0000-0003-3831-2272,Zinan Z. Zhang,Zinan,Zhang,Zinan Z. Zhang,200,
0000-0003-3832-0280,Carlos De Niz,Carlos,De Niz,,200,
0000-0003-3836-147X,Giulio Rasperini,Giulio,Rasperini,,200,
0000-0003-3840-8725,Brooke Travis,Brooke,Travis,,200,
0000-0003-3843-5491,Amir Azadi,Amir,Azadi,,200,
0000-0003-3844-2157,Karl Koehler,Karl,Koehler,,200,
0000-0003-3845-9901,JIUHAI WANG,JIUHAI,WANG,,200,
0000-0003-3853-1934,Juan Fernando Rubio-Mijangos,Juan Fernando,Rubio-Mijangos,,200,
0000-0003-3863-1118,Dominic Carrese,Dominic,Carrese,,200,
0000-0003-3864-7494,Shaheen Tomah,Shaheen,Tomah,,200,
0000-0003-3867-5268,Brady Hanshaw,Brady,Hanshaw,,200,
0000-0003-3869-6720,Thomas LaBar,Thomas,LaBar,,200,
0000-0003-3873-6446,Tomas Andriotti,Tomas,Andriotti,,200,
0000-0003-3873-706X,Benazir Fazlioglu-Yalcin,Benazir,Fazlioglu-Yalcin,,200,
0000-0003-3874-4024,Zhixue Bai,Zhixue,Bai,,200,
0000-0003-3875-6754,Alexandre PJ Martin,Alexandre PJ,Martin,,200,
0000-0003-3876-6581,Agata Magdalena Kilar,Agata Magdalena,Kilar,,200,
0000-0003-3881-6040,Débora Cristiany Ribeiro do M. Lima,Débora Cristiany,Ribeiro do M. Lima,,200,
0000-0003-3882-0218,Dongyu Zhao,Dongyu,Zhao,,200,
0000-0003-3884-9723,Katrina L. Jackson,Katrina,Jackson,Katrina L. Jackson,200,
0000-0003-3888-2574,Stirling Churchman,Stirling,Churchman,,200,
0000-0003-3890-9810,Wendy Johnson,Wendy,Johnson,,200,
0000-0003-3891-4011,Leannah N Schmitt,Leannah,Schmitt,Leannah N Schmitt,200,
0000-0003-3894-4851,Kaid Harper,Kaid,Harper,,200,
0000-0003-3895-1859,Jiaze Qiu,Jiaze,Qiu,,200,
0000-0003-3895-5956,Brendan Manning,Brendan,Manning,,200,
0000-0003-3899-7064,Yvonne Adu-Rutledge,Yvonne,Adu-Rutledge,,200,
0000-0003-3900-9363,chen wu,chen,wu,,200,
0000-0003-3901-6555,Jeoffry Gordon,Jeoffry,Gordon,,200,
0000-0003-3901-7160,Senan Ebrahim,Senan,Ebrahim,Senan Ebrahim,200,
0000-0003-3903-7452,Changwoo Seo,Changwoo,Seo,,200,
0000-0003-3904-3801,Sandeep Choubey,Sandeep,Choubey,,200,
0000-0003-3906-4629,Tran Thi Nhu THAO,Tran Thi Nhu,THAO,,200,
0000-0003-3908-2544,Guido Daniel Petrovich,Guido Daniel,Petrovich,,200,
0000-0003-3908-2720,Flavia Chen,Flavia,Chen,,200,
0000-0003-3909-5118,Daniel Pollack,Daniel,Pollack,,200,
0000-0003-3913-5626,Charles Evavold,Charles,Evavold,,200,
0000-0003-3915-8334,Xinge Diana Zhang,XINGE,ZHANG,Xinge Diana Zhang,200,
0000-0003-3919-858X,Barbara Arana-Aragon,Barbara,Arana-Aragon,,200,
0000-0003-3922-9390,Jia Wen He,Jia Wen,He,,200,
0000-0003-3924-1242,Abhishek Sharma,Abhishek,Sharma,,200,
0000-0003-3926-8349,Alice Maciel Tabosa,Alice,Maciel Tabosa,,200,
0000-0003-3926-8373,Eri Mountbatten-O'Malley,Eri,Mountbatten-O'Malley,,200,
0000-0003-3927-364X,Xavier de la Rosa Siles,Xavier,de la Rosa Siles,,200,
0000-0003-3928-3717,"DaMaris B. Hill, PhD",DaMaris,Hill,"DaMaris B. Hill, PhD",200,
0000-0003-3929-9997,shimi meleppattu,shimi,meleppattu,,200,
0000-0003-3931-6208,Cady Landa,Cady,Landa,,200,
0000-0003-3933-588X,Ang Li,Ang,Li,,200,
0000-0003-3933-8095,Katherine Mills,Katherine,Mills,,200,
0000-0003-3933-8570,Amanda Chen,Amanda,Chen,,200,
0000-0003-3934-3628,Federico Fuchs Wightman,Federico,Fuchs Wightman,,200,
0000-0003-3935-073X,Mohamad Reza Eskandari,MOHAMAD REZA,ESKANDARI,Mohamad Reza Eskandari,200,
0000-0003-3938-2213,Tinashe Mushakavanhu,Tinashe,`Mushakavanhu,Tinashe Mushakavanhu,200,
0000-0003-3941-2486,Ye Zhao,Ye,Zhao,,200,
0000-0003-3946-602X,Pedro Moreira,Pedro,Moreira,,200,
0000-0003-3948-8202,Michele Pizzochero,Michele,Pizzochero,,200,
0000-0003-3949-8996,Yichen Wang,Yichen,Wang,,200,
0000-0003-3950-4460,Alex Chen,Alex,Chen,,200,
0000-0003-3951-7712,Meis Moukayed,Meis,Moukayed,,200,
0000-0003-3953-9313,Nuno Martins,Nuno,Martins,,200,
0000-0003-3957-3976,Sushila Maharjan,Sushila,Maharjan,,200,
0000-0003-3957-4872,Oscar Gonzalez-Martin,Oscar,Gonzalez-Martin,,200,
0000-0003-3957-678X,Shengmiao Chen,Shengmiao,Chen,,200,
0000-0003-3958-9951,Ophelia Evelyn Sommer,Ophelia Evelyn,Sommer,,200,
0000-0003-3960-9457,Antonio Tinoco,Antonio,Tinoco Valencia,Antonio Tinoco,200,
0000-0003-3961-8118,Weijie Wu,Weijie,Wu,,200,
0000-0003-3964-309X,Carlos Eduardo Barsotti,Carlos Eduardo,Barsotti,,200,
0000-0003-3968-9637,Jennie C. L. Roy,Jennie,Roy,Jennie C. L. Roy,200,
0000-0003-3971-2630,Peter W Chang,Peter,Chang,Peter W Chang,200,
0000-0003-3971-5911,Stefano Falletta,Stefano,Falletta,,200,
0000-0003-3971-8389,Enping Lin,Enping,Lin,,200,
0000-0003-3973-2228,Mou Banerjee,Mou,Banerjee,,200,
0000-0003-3973-6640,Sait Ashina,Sait,Ashina,,200,
0000-0003-3974-6769,Peter Edelman,Peter,Edelman,,200,
0000-0003-3976-5257,Alex Chortos,Alex,Chortos,,200,
0000-0003-3977-0152,Marta Venturas,Marta,Venturas,Marta Venturas,200,
0000-0003-3978-7552,Adham Makarem,Adham,"Makarem, MD, MPH",Adham Makarem,200,
0000-0003-3980-3065,Saman Habibi Esfahani,Saman,Habibi Esfahani,Saman Habibi Esfahani,200,
0000-0003-3982-4325,Nazrul Islam,Nazrul,Islam,,200,
0000-0003-3982-6515,H June O'Neill,H June,O'Neill,,200,
0000-0003-3982-8609,Stefan Heiss,Stefan,Heiss,,200,
0000-0003-3985-1817,Nadira Karunaweera,Nadira,Karunaweera,,200,
0000-0003-3985-6992,Mohammed Mahamdeh,Mohammed,Mahamdeh,,200,
0000-0003-3986-4052,Francis Su,Francis,Su,,200,
0000-0003-3987-4680,Srinivas Reddy Depa,Srinivas Reddy,Depa,,200,
0000-0003-3991-3344,Joshua Corbo,Joshua,Corbo,,200,
0000-0003-3991-7599,Mayanka Ambade,Mayanka,Ambade,,200,
0000-0003-3993-4030,Diana Valencia,Diana,Valencia,,200,
0000-0003-3996-9612,Mehdi Esfandyari-Manesh,Mehdi,Esfandyari-Manesh,,200,
0000-0003-3998-1291,Saba Khalilpour,Saba,Khalilpour,,200,
0000-0003-3998-4257,Stephanie McCulloch,Stephanie,McCulloch,,200,
0000-0003-3999-3081,Hongmei Zeng,Hongmei,Zeng,,200,
0000-0003-4006-4650,Donna Spiegelman,Donna,Spiegelman,,200,
0000-0003-4009-7946,Jéssica Freire Feitor,Jéssica,Freire Feitor,Jéssica Freire Feitor,200,
0000-0003-4015-2589,LINGRUI LIU,LINGRUI,LIU,,200,
0000-0003-4015-9975,Stephanie Yoshida,Stephanie,Yoshida,,200,
0000-0003-4026-1224,Camille Rullan Buxo,Camille,Rullan Buxo,,200,
0000-0003-4027-4850,Michael Dyer,Michael,Dyer,,200,
0000-0003-4028-1057,Jiayi Dong,Jiayi,Dong,,200,
0000-0003-4029-2274,Clemens Alt,Clemens,Alt,,200,
0000-0003-4032-407X,Nicole Anderson,Nicole,Anderson,,200,
0000-0003-4034-2788,Alvin Hsu,Alvin,Hsu,,200,
0000-0003-4035-1246,Urmimala Basu,Urmimala,Basu,,200,
0000-0003-4036-5197,Kejia Hu (Coka),Kejia,Hu,Kejia Hu (Coka),200,
0000-0003-4037-0551,qingmeng pi,qingmeng,pi,,200,
0000-0003-4037-6988,Soo Hyun Kim,Soo Hyun,Kim,,200,
0000-0003-4038-2464,Qin Yang,Qin,Yang,,200,
0000-0003-4040-2226,Olivia Harringmeyer,Olivia,Harringmeyer,,200,
0000-0003-4040-3659,Monica Ruse,Monica,Ruse,,200,
0000-0003-4040-9874,Isabel Solis,Isabel,Solis,,200,
0000-0003-4041-1229,David Canning,David,Canning,,200,
0000-0003-4041-9845,Aravinda Munasinghe,Aravinda,Munasinghe,,200,
0000-0003-4042-2542,Domokos Meszéna,Domokos,Meszéna,,200,
0000-0003-4043-3487,David Kouřil,David,Kouřil,,200,
0000-0003-4046-0063,Vincent Carey,Vincent,Carey,,200,
0000-0003-4048-3919,Jeffrey Anderson,Jeffrey,Anderson,,200,
0000-0003-4048-8197,Mari Sanchez,Mari,Sanchez,,200,
0000-0003-4053-0121,Diane Paul,Diane,Paul,,200,
0000-0003-4056-1112,Mary C. Zanarini,Mary C.,Zanarini,,200,
0000-0003-4056-1729,Felix Baier,Felix,Baier,,200,
0000-0003-4056-7426,Richard B. Freeman,Richard B.,Freeman,Richard B. Freeman,200,
0000-0003-4058-1607,Leila Montaser-Kouhsari,Leila,Montaser-Kouhsari,,200,
0000-0003-4059-1290,Neha Karlupia,Neha,Karlupia,,200,
0000-0003-4060-8187,Henry W Zhou,Henry,Zhou,Henry W Zhou,200,
0000-0003-4062-4558,Robert Jones,Robert,Jones,,200,
0000-0003-4062-9957,Walter Fontana,Walter,Fontana,,200,
0000-0003-4063-8570,Phylicia,Phylicia,,,200,
0000-0003-4066-0954,Harry Schwartz,Harry,Schwartz,,200,
0000-0003-4069-8522,Joanne Lamparter,Joanne,Lamparter,,200,
0000-0003-4071-4342,Tarun Kumar,Tarun,Kumar,,200,
0000-0003-4073-532X,Joshua Roffman,Joshua,Roffman,,200,
0000-0003-4075-6876,Jennifer Hu,Jennifer,Hu,,200,
0000-0003-4076-2328,Pawan Jolly,Pawan,Jolly,,200,
0000-0003-4079-0791,Jeffrey Schweitzer,Jeffrey,Schweitzer,,200,
0000-0003-4079-299X,Stephanie Ternullo,Stephanie,Ternullo,,200,
0000-0003-4081-4351,Christian Brendel,Christian,Brendel,,200,
0000-0003-4081-6023,Caroline Shamu,Caroline,Shamu,,200,
0000-0003-4082-7515,Gus Cooney,Gus,Cooney,,200,
0000-0003-4083-4803,Hariharan Shanmugam,Hariharan,Shanmugam,,200,
0000-0003-4084-6484,"Kevin S. Hughes, MD, FACS",Kevin,Hughes,"Kevin S. Hughes, MD, FACS",200,
0000-0003-4085-787X,Stefano Andreani,Stefano,Andreani,,200,
0000-0003-4086-6477,Junyeob Moon,Junyeob,Moon,,200,
0000-0003-4087-5373,Edina Szabo,Edina,Szabo,,200,
0000-0003-4088-3568,Douglas Hanto,Douglas,Hanto,,200,
0000-0003-4091-8660,leyla kayhan,leyla,kayhan,,200,
0000-0003-4092-100X,Chioma Onoshakpor,Chioma,Onoshakpor,,200,
0000-0003-4093-0782,Nicolas Daniel Widjanarko,Nicolas Daniel,Widjanarko,,200,
0000-0003-4094-616X,Yusuf Ilker Yaman,Yusuf Ilker,Yaman,,200,
0000-0003-4094-6223,Larissa Staurengo-Ferrari,Larissa,Staurengo-Ferrari,,200,
0000-0003-4099-783X,Matthew Mitchell,Matthew,Mitchell,,200,
0000-0003-4099-8699,John Zimmerman,John,Zimmerman,,200,
0000-0003-4102-4490,Xu Xu,Xu,Xu,,200,
0000-0003-4104-4088,Lance Ying,Lance,Ying,,200,
0000-0003-4106-0563,GEORGIA ANASTASIOU,GEORGIA,ANASTASIOU,,200,
0000-0003-4106-3959,Shangwei Liu,Shangwei,Liu,,200,
0000-0003-4107-3436,Wesley Jacobsen,Wesley,Jacobsen,,200,
0000-0003-4107-6784,Dr. Saurav Mallik,Saurav,Mallik,Dr. Saurav Mallik,200,
0000-0003-4109-8158,Patricia Ibeziako,Patricia,Ibeziako,,200,
0000-0003-4113-0656,Jeremy A. Simmons,Jeremy,Simmons,Jeremy A. Simmons,200,
0000-0003-4116-2084,Simran Makwana,Simran,Makwana,,200,
0000-0003-4116-344X,Aki Koivu,Aki,Koivu,,200,
0000-0003-4116-9243,Nicole Anne Swartwood,Nicole Anne,Swartwood,,200,
0000-0003-4117-6822,Brodi Elwood,Brodi,Elwood,,200,
0000-0003-4118-4275,Ivy C. Mason,Ivy,Mason,Ivy C. Mason,200,
0000-0003-4119-4262,Johnny Ho,Johnny,Ho,,200,
0000-0003-4120-3069,Camille Petri,Camille,Petri,,200,
0000-0003-4120-8337,Maria Ines Zalosnik,Maria Ines,Zalosnik,,200,
0000-0003-4123-7410,Aditya Paul,Aditya,Paul,,200,
0000-0003-4125-0703,Aram Comjean,Aram,Comjean,,200,
0000-0003-4126-1779,Afshin Azimirad,Afshin,Azimirad,,200,
0000-0003-4132-6739,Xiner Zhou,Xiner,Zhou,,200,
0000-0003-4132-9219,Robbyn Issner,Robbyn,Issner,,200,
0000-0003-4135-5417,David Briscoe,David,Briscoe,,200,
0000-0003-4139-0618,Ajit Johnson Nirmal,Ajit Johnson,Nirmal,,200,
0000-0003-4140-7862,Lesley Green,Lesley J F ,Green,Lesley Green,200,
0000-0003-4143-1969,John Ho,John,Ho,,200,
0000-0003-4143-3278,pascal yazbeck,pascal,yazbeck,,200,
0000-0003-4143-9717,Erandi Chavez,Erandi,Chavez,,200,
0000-0003-4146-5624,Julie Petersen,Julie,Petersen,,200,
0000-0003-4146-9772,Dina Aljogol,Dina,Aljogol,,200,
0000-0003-4147-3173,Yogesh Verma,Yogesh,Verma,,200,
0000-0003-4147-6497,,,,,200,
0000-0003-4148-4876,Alexandria King-Close,Alexandria,King-Close,,200,
0000-0003-4149-1099,Zoe Sarafis,Zoe,Sarafis,,200,
0000-0003-4151-6495,Wonyun Lee,Wonyun,Lee,,200,
0000-0003-4157-8434,Scott Hocknull,Scott,Hocknull,,200,
0000-0003-4159-8611,Sheng He,Sheng,He,,200,
0000-0003-4162-9668,Heather Kelahan,Heather,Kelahan,,200,
0000-0003-4163-1741,Adam C. Jaroszewski,Adam,Jaroszewski,Adam C. Jaroszewski,200,
0000-0003-4165-7079,Gregory Wagner,Gregory,Wagner,,200,
0000-0003-4168-7702,Grace Xiong,Grace,Xiong,,200,
0000-0003-4169-0880,Ari Hilibrand,Ari,Hilibrand,,200,
0000-0003-4170-0364,Erbe,Katherine,Erbe,Erbe,200,
0000-0003-4173-3756,Cynthia Perez Estrada,Cynthia,Perez Estrada,,200,
0000-0003-4176-8035,Zudi Lin,Zudi,Lin,,200,
0000-0003-4178-8335,Jack Sheehan,John,Sheehan,Jack Sheehan,200,
0000-0003-4179-5033,Hyeong Jin Kim,Hyeong Jin,Kim,,200,
0000-0003-4181-3617,KHASHAYAR RAJABIMOGHADAM,KHASHAYAR,RAJABIMOGHADAM,,200,
0000-0003-4183-0767,Claudia Sode,Claudia,Sode,,200,
0000-0003-4183-9171,Ray Williams,Ray,Williams,,200,
0000-0003-4185-1154,Bernhard von Vacano,Bernhard,von Vacano,,200,
0000-0003-4185-2739,Gregory Heffron,Gregory,Heffron,,200,
0000-0003-4186-4182,Carlos A. Argüelles,Carlos,Argüelles-Delgado,Carlos A. Argüelles,200,
0000-0003-4187-9608,Camden Elliott,Camden,Elliott,,200,
0000-0003-4187-9640,Tony Cunningham,Tony,Cunningham,,200,
0000-0003-4190-4615,R. Alex Wu,R. Alex,Wu,,200,
0000-0003-4194-3008,Cass Sunstein,Cass,Sunstein,,200,
0000-0003-4194-5804,Beth Holmgren,Beth,Holmgren,,200,
0000-0003-4195-310X,Paul Ashby,Paul,Ashby,,200,
0000-0003-4196-4095,John Hedley-Whyte,John,Hedley-Whyte,,200,
0000-0003-4197-0428,Mariano Villalba,Mariano,Villalba,,200,
0000-0003-4199-0840,Stefanos Tyros,Stefanos,Tyros,,200,
0000-0003-4199-2264,Julee,Julee,,,200,
0000-0003-4205-0738,Arshi Hashmi,Arshi,Hashmi,,200,
0000-0003-4209-3869,Gina Liu,Gina,Liu,,200,
0000-0003-4214-1277,maurice smith,maurice,smith,,200,
0000-0003-4214-9148,Andre-Guy Martin,Andre-Guy,Martin,,200,
0000-0003-4219-9604,Hannah Waits,Hannah,Waits,,200,
0000-0003-4221-2397,Ehsan Kazemivalipour,Ehsan,Kazemivalipour,,200,
0000-0003-4222-6844,Wendy L Davis,Wendy L,Davis,,200,
0000-0003-4226-8278,Carlo Ross,Carlo,Ross,,200,
0000-0003-4228-7145,Abeer Abdullah,Abeer ,Abdullah,Abeer Abdullah,200,
0000-0003-4228-7866,Gary Yellen,Gary,Yellen,,200,
0000-0003-4231-2283,Ulrich von Andrian,Ulrich,von Andrian,,200,
0000-0003-4231-2566,Mohamed Ashraf,Mohamed,Ashraf,Mohamed Ashraf,200,
0000-0003-4232-1550,Mario Minor Murakami Junior,Mario Minor,Murakami Junior,,200,
0000-0003-4233-5899,Al Ozonoff,Al,Ozonoff,,200,
0000-0003-4235-7879,Martha Elizabeth Shenton,Martha Elizabeth,Shenton,,200,
0000-0003-4236-4833,Arthur Jaffe,Arthur,Jaffe,,200,
0000-0003-4236-9415,Pradeep Bhide,Pradeep,Bhide,,200,
0000-0003-4237-4900,Susan Masino,Susan,Masino,,200,
0000-0003-4240-8445,Daniel Lee,Daniel,Lee,,200,
0000-0003-4241-3586,Daniel Kramer,Daniel,Kramer,,200,
0000-0003-4243-4950,Hatoon Baazim,Hatoon,Baazim,,200,
0000-0003-4246-3356,Ihn Sik Seong,Ihn Sik,Seong,,200,
0000-0003-4246-9408,Mary Pettit,Mary,Pettit,,200,
0000-0003-4247-9403,Michael J. Eck,Michael,Eck,Michael J. Eck,200,
0000-0003-4248-0850,Susan Kippels,Susan,Kippels,,200,
0000-0003-4251-554X,Qing YANG,Qing,YANG,,200,
0000-0003-4252-2678,Joan C. Han,Joan,Han,Joan C. Han,200,
0000-0003-4252-5916,John Kim,John,Kim,,200,
0000-0003-4252-8121,Digby Chappell,Digby,Chappell,,200,
0000-0003-4254-5001,Peter Buisseret,Peter,Buisseret,,200,
0000-0003-4255-3589,Alexandra Latini,Alexandra,Latini,,200,
0000-0003-4256-1490,Emilia Favuzzi,Emilia,Favuzzi,,200,
0000-0003-4257-6908,Yuan Cao,Yuan,Cao,,200,
0000-0003-4259-695X,Sonak Pastakia,Sonak,Pastakia,,200,
0000-0003-4259-8146,Robert Sampson,Robert,Sampson,,200,
0000-0003-4260-3435,Jeongho Park,Jeongho,Park,,200,
0000-0003-4265-1920,Seyed Mohammad Mousavi,Seyed Mohammad,Mousavi,,200,
0000-0003-4266-9733,Marcia Goldberg,Marcia,Goldberg,,200,
0000-0003-4268-4933,yagiz pat,yagiz,pat,,200,
0000-0003-4271-9534,Sarah J. Weisberg,Sarah J.,Weisberg,,200,
0000-0003-4273-2245,Evangeline McGlynn,Evangeline,McGlynn,,200,
0000-0003-4275-9472,Harrison K. Wang,Harrison,Wang,Harrison K. Wang,200,
0000-0003-4277-4509,Motohiko Adomi,Motohiko,Adomi,,200,
0000-0003-4277-8075,Brendan Case,Brendan,Case,,200,
0000-0003-4279-1202,Christina Ilvento,Christina,Ilvento,,200,
0000-0003-4279-5895,Ariel D Swett,Ariel,Swett,Ariel D Swett,200,
0000-0003-4280-9089,Oluwasegun Wahab,Oluwasegun,Wahab,,200,
0000-0003-4280-9935,Emily Liu,Emily,Liu,,200,
0000-0003-4281-8591,Joshua Auger,Joshua,Auger,,200,
0000-0003-4284-444X,Paula Antonia Ugalde Figueroa,Paula Antonia,Ugalde Figueroa,,200,
0000-0003-4285-615X,Kin-Sang Cho,Kin-Sang,Cho,,200,
0000-0003-4287-2803,BI GALA EDOUARD CYRILLE BOLA,BI GALA EDOUARD CYRILLE,BOLA,,200,
0000-0003-4289-253X,Celia Beron,Celia,Beron,,200,
0000-0003-4290-0093,Sylvia Fischer,Sylvia,Fischer,,200,
0000-0003-4290-5353,Joseph Kreitz,Joseph,Kreitz,,200,
0000-0003-4292-604X,Timo Nees,Timo,Nees,,200,
0000-0003-4296-8354,Sophia Vranos,Sophia,Vranos,,200,
0000-0003-4297-8990,McEdward Murimbika,McEdward,Murimbika,,200,
0000-0003-4298-1428,Alice Lorch,Alice,Lorch,,200,
0000-0003-4301-6857,Pei Tong,Pei,Tong,,200,
0000-0003-4311-5425,Yuhua Wang,Yuhua,Wang,,200,
0000-0003-4314-7232,John Sunwoo,John,Sunwoo,,200,
0000-0003-4315-1426,Naeem Khoshnevis,Naeem,Khoshnevis,,200,
0000-0003-4315-3923,Chelsea Wong,Chelsea,Wong,,200,
0000-0003-4315-7334,Alexandre Strapasson,Alexandre,Strapasson,Alexandre Strapasson,200,
0000-0003-4318-2011,Sung Min Yang,Sung Min,Yang,,200,
0000-0003-4319-4303,William L. Tong,William,Tong,William L. Tong,200,
0000-0003-4321-8870,Joonsup Shim,Joonsup,Shim,,200,
0000-0003-4322-6571,Fernando Senjobe,Fernando,Senjobe,,200,
0000-0003-4324-2408,Yi-Xin Wang,Yi-Xin,Wang,Yi-Xin Wang,200,
0000-0003-4326-0999,Junke Zhu,Junke,Zhu,,200,
0000-0003-4326-5888,Daniel Meier,Daniel,Meier,,200,
0000-0003-4331-9831,Joshua Zimmer,Joshua,Zimmer,,200,
0000-0003-4333-0221,Fanhui Xu,Fanhui,Xu,,200,
0000-0003-4335-6763,Marzia Cescon,Marzia,Cescon,,200,
0000-0003-4341-330X,Rotem Dan,Rotem,Dan,,200,
0000-0003-4341-7888,Elizabeth S. Hartmann,Elizabeth S.,Hartmann,,200,
0000-0003-4342-1940,Sonya Makhni,Sonya,Makhni,,200,
0000-0003-4342-4105,Wei-Hung Jung,Wei-Hung,Jung,,200,
0000-0003-4353-9674,Basil P Hubbard,Basil,Hubbard,Basil P Hubbard,200,
0000-0003-4355-1411,Carmen Reinhart,Carmen,Reinhart,,200,
0000-0003-4356-0844,Jake,Jake,,,200,
0000-0003-4359-5959,Laura Y. Zatz,Laura,Zatz,Laura Y. Zatz,200,
0000-0003-4360-427X,Richard T. Born,Richard,Born,Richard T. Born,200,
0000-0003-4360-5213,Leila Ross,Leila,Ross,,200,
0000-0003-4362-1045,Nasir Stovall,Nasir,Stovall,,200,
0000-0003-4362-203X,Christy Denckla,Christy,Denckla,,200,
0000-0003-4363-791X,Elana Feldman,Elana,Feldman,,200,
0000-0003-4365-9764,Kelsey Clausing,Kelsey,Clausing,,200,
0000-0003-4367-4235,Andrés Vélez Posada,Andrés,Vélez-Posada,Andrés Vélez Posada,200,
0000-0003-4369-3209,"John G. Meara, MD, DMD, MBA",John G.,Meara,"John G. Meara, MD, DMD, MBA",200,
0000-0003-4370-174X,Soumavo Mukherjee,Soumavo,Mukherjee,,200,
0000-0003-4370-7172,Ian Kumekawa,Ian,Kumekawa,,200,
0000-0003-4371-1075,Robert Glicksman,Robert,Glicksman,,200,
0000-0003-4371-3249,Bernat Kocsis,Bernat,Kocsis,,200,
0000-0003-4371-9608,Prof. Dr. Chaitanya Niphadkar,Prof. Dr. Chaitanya,Niphadkar,Prof. Dr. Chaitanya Niphadkar,200,
0000-0003-4373-2386,Johnny Esteves,Johnny,Esteves,,200,
0000-0003-4384-8389,María Teresa Rodríguez González,María Teresa,Rodríguez González,,200,
0000-0003-4385-5773,Maximilian Josef Siebert,Maximilian Josef,Siebert,,200,
0000-0003-4386-6237,Balazs Feher,Balazs,Feher,,200,
0000-0003-4387-1861,Olli Pietilainen,Olli,Pietilainen,,200,
0000-0003-4388-4312,Surendra Sharma,Surendra,Sharma,,200,
0000-0003-4389-9151,Hinnerk Schulz-Hildebrandt,Hinnerk,Schulz-Hildebrandt,,200,
0000-0003-4394-0118,Ahmed Ayedur Rahman,Ahmed,Ayedur Rahman,,200,
0000-0003-4397-5417,Keila Huesmanknh,Keila,Huesmanknh,,200,
0000-0003-4398-5113,Marian Gh. Simion,Marian,Simion,Marian Gh. Simion,200,
0000-0003-4399-3295,Chien-Ming Shih,Chien-Ming,Shih,,200,
0000-0003-4401-9048,Rodrigo Wagner Alves de Souza,Rodrigo Wagner,Alves de Souza,,200,
0000-0003-4402-1885,Samuel R. Mendez,Samuel,Mendez,Samuel R. Mendez,200,
0000-0003-4402-6600,Mark C Elliott,Mark,Elliott,Mark C Elliott,200,
0000-0003-4403-0722,Till Hoffmann,Till Alexis,Hoffmann,Till Hoffmann,200,
0000-0003-4403-3317,Marcelo Trombka,Marcelo,Trombka,,200,
0000-0003-4405-6973,Alireza Atri,Alireza,Atri,,200,
0000-0003-4410-3274,Hyunsu Kim,Hyunsu,Kim,,200,
0000-0003-4412-6337,Antonia van Kampen,Antonia,van Kampen,,200,
0000-0003-4413-226X,Mariana G Braz,Mariana,Braz,Mariana G Braz,200,
0000-0003-4415-0652,Ann Sluder,Ann,Sluder,,200,
0000-0003-4415-5066,Dr Amit Mishra ,Amit,Mishra,Dr Amit Mishra ,200,
0000-0003-4419-0240,Joyce West,Joyce,West,,200,
0000-0003-4419-3265,Roberto  Mata,Roberto ,Mata,,200,
0000-0003-4419-4786,Zuzana Hudacova,Zuzana,Hudacova,,200,
0000-0003-4423-5445,Frances Frei,Frances,Frei,,200,
0000-0003-4424-7366,Carolyn Grant,Carolyn,Grant,,200,
0000-0003-4424-8254,Amelya Fox,Amelya,Fox,,200,
0000-0003-4424-8908,Emily Reichert,Emily,Reichert,,200,
0000-0003-4426-0990,Hyungmok Son,Hyungmok,Son,,200,
0000-0003-4430-5968,Chris Miller-Rosales,Chris,Miller-Rosales,,200,
0000-0003-4432-9732,Linda Mansson,Linda,Mansson,,200,
0000-0003-4434-8351,Jiaxi (Jake) Zhao,Jiaxi (Jake),Zhao,,200,
0000-0003-4436-6058,Natasha Toghramadjian,Natasha,Toghramadjian,,200,
0000-0003-4436-6947,"Leite, N C",Nayara,Leite,"Leite, N C",200,
0000-0003-4438-3392,sivamainthan vithiananthan,sivamainthan,vithiananthan,,200,
0000-0003-4438-7334,Elliott Mufson,Elliott,Mufson,,200,
0000-0003-4440-2004,Aleksandra Stankovic,Aleksandra,Stankovic,,200,
0000-0003-4442-9063,Richard Burkhardt,Richard,Burkhardt,,200,
0000-0003-4447-6388,Mauro Silva,Mauro,Silva,,200,
0000-0003-4448-330X,Xinran Han,Xinran,Han,,200,
0000-0003-4450-5919,Bryant Cyr,Bryant,Cyr,,200,
0000-0003-4454-6075,Ashley Duke,Ashley,Duke,,200,
0000-0003-4456-4054,Izabella Tabarovsky,Izabella,Tabarovsky,,200,
0000-0003-4457-4797,Ekaterina Ivshina,Ekaterina,Ivshina,,200,
0000-0003-4458-4266,Omar Wahby,Omar,Wahby,,200,
0000-0003-4458-5816,Ka Shu Tam,Ka Shu,Tam,,200,
0000-0003-4459-0412,Lois W. Choi-Kain,Lois,Choi-Kain,Lois W. Choi-Kain,200,
0000-0003-4459-6929,Chunzhu Song,Chunzhu,Song,,200,
0000-0003-4460-2989,Jessica Bardsley,Jessica,Bardsley,,200,
0000-0003-4460-698X,Elmira Hassanzadeh,Elmira,Hassanzadeh,,200,
0000-0003-4462-4627,Sandra E. Cha,Sandra,Cha,Sandra E. Cha,200,
0000-0003-4466-1196,Kees Benkendorfer,Kees,Benkendorfer,,200,
0000-0003-4468-286X,Claudia Stella Geremia,Claudia Stella,Geremia,,200,
0000-0003-4470-8425,Priscilla Brastianos,Priscilla,Brastianos,,200,
0000-0003-4471-2029,Stefan Raufer,Stefan,Raufer,,200,
0000-0003-4471-2918,Krisztina Fischer,Krisztina,Fischer,,200,
0000-0003-4472-752X,Tzongshi Lu,Tzongshi,Lu,,200,
0000-0003-4480-2921,Wojciech Kaftanski,Wojciech,Kaftanski,,200,
0000-0003-4481-2230,Rahul Prabhu,Rahul,Prabhu,,200,
0000-0003-4481-4287,Yongkuk Park,Yongkuk,Park,,200,
0000-0003-4483-2717,Andrew Marx,Andrew,Marx,,200,
0000-0003-4483-6400,Anijo Mathew,Anijo,Mathew,Anijo Mathew,200,
0000-0003-4486-6060,Nii Tetteh,Nii,Tetteh,,200,
0000-0003-4487-6832,Natalia Festa,Natalia,Festa,,200,
0000-0003-4487-7480,Kenneth Huang,Kenneth,Huang,,200,
0000-0003-4488-0663,"Kempland C. Walley, MD",Kempland,Walley,"Kempland C. Walley, MD",200,
0000-0003-4490-1241,Timothy Laman,Timothy,Laman,,200,
0000-0003-4492-1621,CV Spaggiari,Caio,Vitale Spaggiari,CV Spaggiari,200,
0000-0003-4497-1370,Wang Xi,Wang,Xi,,200,
0000-0003-4497-6016,David Corey,David,Corey,,200,
0000-0003-4499-7984,ARZU SENCAN,ARZU,SENCAN,,200,
0000-0003-4502-2396,Georges Rey,Georges,Rey,,200,
0000-0003-4502-9360,Rienna G. Russo,Rienna,Russo,Rienna G. Russo,200,
0000-0003-4505-9842,Ian Hughes,Ian,Hughes,,200,
0000-0003-4511-8582,Dr. Poulami Datta,Dr. Poulami,Datta,,200,
0000-0003-4513-403X,Timothy Miller,Timothy,Miller,,200,
0000-0003-4513-9834,Marc,Marc,,,200,
0000-0003-4514-8837,William L Hwang,William,Hwang,William L Hwang,200,
0000-0003-4519-0795,Zheng Wang,Zheng,Wang,,200,
0000-0003-4519-3531,Duygu BAGCI DAS,DUYGU,BAĞCI DAŞ,Duygu BAGCI DAS,200,
0000-0003-4519-6898,Bruce Bausk,Bruce,Bausk,,200,
0000-0003-4521-5614,Ajay Nair,Ajay,Nair,,200,
0000-0003-4522-7607,Alana Mann,Alana,Mann,,200,
0000-0003-4523-3062,Richard Giadone,Richard,Giadone,,200,
0000-0003-4525-0786,Ludmila Gordon,Ludmila,Gordon,,200,
0000-0003-4526-3253,Michael Dalton,Michael,Dalton,,200,
0000-0003-4528-0993,Sharon Dekel,Sharon,Dekel,,200,
0000-0003-4528-6447,Rosabella Alvarez-Calderon Silva-Santisteban,Rosabella,Alvarez-Calderon,Rosabella Alvarez-Calderon Silva-Santisteban,200,
0000-0003-4529-1158,xiaofeng zhang,xiaofeng,zhang,,200,
0000-0003-4534-1450,Fatemeh Momen-Heravi,Fatemeh,Momen-Heravi,,200,
0000-0003-4534-8249,Federico Capasso,Federico,Capasso,,200,
0000-0003-4536-9701,Shani Dahan,Shani,Dahan,,200,
0000-0003-4538-5816,Derek Wang,Derek,Wang,,200,
0000-0003-4540-0131,Guillem Ylla,Guillem,Ylla,,200,
0000-0003-4541-1359,James Lotti,James,Lotti,,200,
0000-0003-4541-2925,Lauren Litzau,Lauren,Litzau,,200,
0000-0003-4542-2955,Colleen McGrath,Colleen,McGrath,,200,
0000-0003-4543-9028,Junnan Mu,Junnan,Mu,,200,
0000-0003-4544-6412,Jeremy Green,Jeremy,Green,,200,
0000-0003-4547-9994,Justin Scott,Justin,Scott,,200,
0000-0003-4552-5110,Jennifer Allison,Jennifer,Allison,,200,
0000-0003-4554-2383,Aaron Held,Aaron,Held,,200,
0000-0003-4556-3061,Kun-Chin Lin,Kun-Chin,Lin,,200,
0000-0003-4557-1838,Josephine Mollon,Josephine,Mollon,,200,
0000-0003-4557-3155,,,,,200,
0000-0003-4557-8343,Nicholas Kramer,Nicholas,Kramer,,200,
0000-0003-4558-0611,Birtan Tolga Yılmaz,Birtan Tolga,Yılmaz,,200,
0000-0003-4558-3900,Alexander Farid,Alexander,Farid,,200,
0000-0003-4558-4698,Chirag Vasavda,Chirag,Vasavda,,200,
0000-0003-4563-9855,Anatole Manzi,Anatole,Manzi,,200,
0000-0003-4564-5438,Zhu Shen,Zhu,Shen,,200,
0000-0003-4565-7017,Anagha Kumar,Anagha,Kumar,,200,
0000-0003-4568-7734,Adam Celiz,Adam,Celiz,,200,
0000-0003-4570-8080,Xian Gong,Xian,Gong,,200,
0000-0003-4576-7427,Nick,Nick,,,200,
0000-0003-4577-8599,Luis Antonio Corchete Sánchez,Luis Antonio,Corchete Sánchez,,200,
0000-0003-4577-9647,Seán R. Kavanagh,Seán R.,Kavanagh,Seán R. Kavanagh,200,
0000-0003-4579-5591,Spyros Koulouris,Spyros,Koulouris,,200,
0000-0003-4582-3222,Nana Mgbechikwere Nwachukwu,Nana Mgbechikwere,Nwachukwu,,200,
0000-0003-4584-4576,Bruce Leslie,Bruce,Leslie,,200,
0000-0003-4587-0280,David Wu,David,Wu,,200,
0000-0003-4587-7116,Philip Basile,Philip,Basile,,200,
0000-0003-4591-6090,Siddarth Srinivasan,Siddarth,Srinivasan,,200,
0000-0003-4594-0808,Saad Hannan,Saad,Hannan,Saad Hannan,200,
0000-0003-4594-0891,Bapu Vaitla,Bapu,Vaitla,,200,
0000-0003-4594-4577,Changchang Liu,Changchang,Liu,,200,
0000-0003-4595-9103,Ashvin Swaminathan,Ashvin,Swaminathan,,200,
0000-0003-4596-3233,Ridhima Seth,Ridhima,Seth,,200,
0000-0003-4598-3891,David Jacobowitz,David,Jacobowitz,,200,
0000-0003-4598-6996,ARKA ROY,ARKA,ROY,,200,
0000-0003-4601-9025,Lois Owolabi,Lois,Owolabi,,200,
0000-0003-4602-6110,Joseph Waogodo CABORE,Joseph Waogodo,CABORE,,200,
0000-0003-4603-0320,Anna C Everett,Anna Caroline,Everett,Anna C Everett,200,
0000-0003-4603-2393,Riyaz Patel,Riyaz,Patel,,200,
0000-0003-4605-4066,Maria Atuesta Ortiz,Maria,Atuesta Ortiz,,200,
0000-0003-4606-2795,Marcia C. Castro,Marcia C.,Castro,,200,
0000-0003-4607-9108,Elizabeth Quigley,Elizabeth,Quigley,,200,
0000-0003-4608-1152,M. Aurel Nagy MD PhD,Mark,Nagy,M. Aurel Nagy MD PhD,200,
0000-0003-4609-2927,Huck-ju Kwon,Huck-ju,Kwon,,200,
0000-0003-4610-0093,Kexin Li,Kexin,Li,,200,
0000-0003-4610-6954,Peiling Tsou,Peiling,Tsou,,200,
0000-0003-4612-3762,Jeffrey Schnapp,Jeffrey,Schnapp,,200,
0000-0003-4613-4162,Meredith Nettles,Meredith,Nettles,,200,
0000-0003-4613-7531,Tarun Khanna,Tarun,Khanna,,200,
0000-0003-4614-8580,Antonio Ferreira,Antonio,Ferreira,,200,
0000-0003-4615-1747,Jeong-Gun Park,Jeong-Gun,Park,,200,
0000-0003-4616-533X,Fatima Cody Stanford,Fatima,Stanford,Fatima Cody Stanford,200,
0000-0003-4617-3233,Stefan Carp,Stefan,Carp,,200,
0000-0003-4617-3583,Sian Wilson,Sian,Wilson,,200,
0000-0003-4618-2551,Matthew Strobel,Matthew,Strobel,,200,
0000-0003-4620-1505,Steven Lin,Steven,Lin,,200,
0000-0003-4621-8462,Robert Bast,Robert,Bast,,200,
0000-0003-4622-0749,Patricia Kipkemoi,Patricia,Kipkemoi,,200,
0000-0003-4622-781X,Anthony O'Brien,Anthony,O'Brien,,200,
0000-0003-4623-1608,Xiaowen Wang,Xiaowen,Wang,,200,
0000-0003-4624-4732,Elise Valkanas,Elise,Valkanas,,200,
0000-0003-4626-6739,JULIE JAE KIM,JULIE JAE,KIM,,200,
0000-0003-4627-8545,Charles N. Serhan,Charles N.,Serhan,,200,
0000-0003-4633-229X,Damaskini Valvi,Damaskini,Valvi,,200,
0000-0003-4633-5722,Alicia Darnell,Alicia,Darnell,,200,
0000-0003-4638-1331,Saranna Fanning,Saranna,Fanning,,200,
0000-0003-4638-230X,Nik O. Gjonbalaj,Nik,Gjonbalaj,Nik O. Gjonbalaj,200,
0000-0003-4638-3062,Venkat Giri Magupalli,Venkat Giri,Magupalli,Venkat Giri Magupalli,200,
0000-0003-4640-0563,Walid I. Essayed,Walid I.,Essayed,,200,
0000-0003-4640-7159,Alexandra Rodman,Alexandra,Rodman,,200,
0000-0003-4641-5546,Melissa Sulprizio,Melissa,Sulprizio,,200,
0000-0003-4642-010X,Christian Kaps,Christian,Kaps,,200,
0000-0003-4643-0092,Benjamin Vierra,Benjamin,Vierra,,200,
0000-0003-4645-2128,Yern-Hyerk Shin,Yeun-Hyeok,Shin,Yern-Hyerk Shin,200,
0000-0003-4645-9346,Kenneth Wang,Kenneth,Wang,,200,
0000-0003-4650-6827,Lino Möhrmann,Lino,Möhrmann,,200,
0000-0003-4653-6428,Mary E Sievers,Mary,Sievers,Mary E Sievers,200,
0000-0003-4654-9798,Ali Hajjar,Ali,Hajjar,,200,
0000-0003-4656-2781,Robert S. Harvey,Robert S.,Harvey,,200,
0000-0003-4656-3266,Ava Wilson,Ava,Wilson,,200,
0000-0003-4656-4269,Elizabeth Noyes,Elizabeth,Noyes,,200,
0000-0003-4657-0247,Mohammad Alrawashdeh,Mohammad,Alrawashdeh,,200,
0000-0003-4658-5879,Dell Marie  Hamilton,Dell Marie ,Hamilton,,200,
0000-0003-4658-880X,Geniece Mondé,Geniece,Mondé,,200,
0000-0003-4659-0248,Melanie Wisner,Melanie,Wisner,,200,
0000-0003-4663-1740,Jack Thomas-Colwell,Jack,Thomas-Colwell,,200,
0000-0003-4663-7077,Kara Hartig,Kara,Hartig,,200,
0000-0003-4665-6788,"Bruynell, K. L.",Karen,Bruynell,"Bruynell, K. L.",200,
0000-0003-4667-250X,Yasmin Morais,Yasmin,Morais,,200,
0000-0003-4671-2030,Christopher Toepfer,Christopher,Toepfer,,200,
0000-0003-4672-4517,Orit Abrahim,Orit,Abrahim,Orit Abrahim,200,
0000-0003-4672-4998,Ali Ajdari,Ali,Ajdari,,200,
0000-0003-4676-9969,Jeffrey Gagan,Jeffrey,Gagan,,200,
0000-0003-4678-0244,peng wang,peng,wang,,200,
0000-0003-4682-9888,Nadia Rai,Nadia,Rai,,200,
0000-0003-4685-6616,Kyle E Waldman,Kyle,Waldman,Kyle E Waldman,200,
0000-0003-4686-1669,Miriam Mi-Rim Lee Burger,Miriam Mi-Rim Lee,Burger,Miriam Mi-Rim Lee Burger,200,
0000-0003-4686-6718,Bill Comstock,Bill,Comstock,Bill Comstock,200,
0000-0003-4687-1381,Richard Lee,Richard,Lee,,200,
0000-0003-4687-8321,Monika L. Sheldon-London,Monika,Sheldon-London,Monika L. Sheldon-London,200,
0000-0003-4687-8751,Michael Becich,Michael,Becich,,200,
0000-0003-4690-1405,Xiaosu Sun,Xiaosu,Sun,,200,
0000-0003-4690-2651,Rajendra Baikady,Rajendra,Baikady,,200,
0000-0003-4693-3191,Sarah Lessard,Sarah,Lessard,,200,
0000-0003-4694-0826,Dorie E. Apollonio,Dorie,Apollonio,Dorie E. Apollonio,200,
0000-0003-4695-833X,Salvador Balkus,Salvador,Balkus,,200,
0000-0003-4698-2823,Asim H. Gazi,Asim,Gazi,Asim H. Gazi,200,
0000-0003-4698-4079,Tharusan Thevathasan,Tharusan,Thevathasan,,200,
0000-0003-4698-4765,Melike Mermercioglu,Melike,Mermercioglu,,200,
0000-0003-4698-7755,Sarah Gartenberg,Sarah,Gartenberg,,200,
0000-0003-4699-4832,Stefan Dimitriadis,Stefan,Dimitriadis,,200,
0000-0003-4702-7705,Jia-Ren Lin,Jia-Ren,Lin,,200,
0000-0003-4703-3291,Laura-Sophie Beier,Laura-Sophie,Beier,,200,
0000-0003-4706-2041,Alberto Morales Salinas,Alberto,Morales Salinas,,200,
0000-0003-4706-6093,Ming-ming He,Ming-ming,He,,200,
0000-0003-4713-4084,Scott Bell,Scott,Bell,Scott Bell,200,
0000-0003-4714-3925,Adam  H. Freedman,Adam  H.,Freedman,,200,
0000-0003-4716-2122,Mikhail Papisov,Mikhail,Papisov,,200,
0000-0003-4719-8790,Yujin J. Oak,Yujin,Oak,Yujin J. Oak,200,
0000-0003-4721-8712,Sarah Nelson,Sarah,Nelson,,200,
0000-0003-4722-5867,Mina Nakhla,Mina,Nakhla,,200,
0000-0003-4723-7585,Christopher Gandrud,Christopher,Gandrud,,200,
0000-0003-4729-7545,Majken Karoline Jensen,Majken Karoline,Jensen,Majken Karoline Jensen,200,
0000-0003-4730-2340,Xiaowen Liu,Xiaowen,Liu,,200,
0000-0003-4732-2835,Alexandra Sontheimer-Phelps,Alexandra,Sontheimer-Phelps,,200,
0000-0003-4732-4611,David Kim,David,Kim,,200,
0000-0003-4735-6322,Gizem Terzioglu,Gizem,Terzioglu,,200,
0000-0003-4737-474X,Jihon Kim,Jihon,Kim,Jihon Kim,200,
0000-0003-4739-4572,Phyllis Kanki,Phyllis,Kanki,,200,
0000-0003-4744-2562,Stephanie Bienasz,Stephanie,Bienasz,,200,
0000-0003-4744-2829,Peter H. Christensen,Peter H.,Christensen,Peter H. Christensen,200,
0000-0003-4744-4189,Vincent Leung,Vincent,Leung,,200,
0000-0003-4744-7478,Jenny Y. Kim,Jenny,Kim,Jenny Y. Kim,200,
0000-0003-4749-977X,Georgia Dittemore,Georgia,Dittemore,,200,
0000-0003-4750-1948,Noah Parker,Noah,Parker,,200,
0000-0003-4751-2057,Jinliang Ni,Jinliang,Ni,,200,
0000-0003-4751-6314,Morten Olsen,Morten,Olsen,,200,
0000-0003-4752-4031,WELLINGTON CASTRO FERREIRA,WELLINGTON,CASTRO FERREIRA,,200,
0000-0003-4758-0543,David Vander,David,Vander,,200,
0000-0003-4758-6427,Galit Lahav,Galit,Lahav,,200,
0000-0003-4761-1506,Kevin Chen,Kevin,Chen,,200,
0000-0003-4767-4494,Mangadhara Madineedi,Mangadhara,Madineedi,,200,
0000-0003-4772-1131,Geniver El Tekle,Geniver,El Tekle,,200,
0000-0003-4772-4981,Shelley H Carson,Shelley,Carson,Shelley H Carson,200,
0000-0003-4773-6237,Christopher Elitt,Christopher,Elitt,,200,
0000-0003-4778-8694,Pavel Dolgirev,Pavel,Dolgirev,,200,
0000-0003-4779-8999,Gerald Pho,Gerald,Pho,,200,
0000-0003-4780-6805,Katherine McCurdy,Katherine,McCurdy,,200,
0000-0003-4781-8144,Jinghao Men,Jinghao,Men,,200,
0000-0003-4782-3349,Hsing Jung Lai,Hsing Jung,Lai,,200,
0000-0003-4782-9003,Harry Broadman,Harry,Broadman,,200,
0000-0003-4785-4444,Tian Ge,Tian,Ge,,200,
0000-0003-4790-3816,Sun-Hee Bae,Sun Hee,Bae,Sun-Hee Bae,200,
0000-0003-4790-8254,Daniel Eaton,Daniel,Eaton,,200,
0000-0003-4791-331X,Dongdong Li,Dongdong,Li,,200,
0000-0003-4792-6073,Zezhou Zhao,Zezhou,Zhao,,200,
0000-0003-4793-0574,David K. Simon,David K.,Simon,,200,
0000-0003-4795-4277,Brian Farrell,Brian,Farrell,,200,
0000-0003-4797-4032,Steven B. Andrews,Steven,Andrews,Steven B. Andrews,200,
0000-0003-4797-8543,Akie Fujita,Akie,Fujita,,200,
0000-0003-4798-5954,Arthur McClelland,Arthur,McClelland,,200,
0000-0003-4802-862X,Pamela Chen,Pamela,Chen,,200,
0000-0003-4803-312X,M. Brandon Westover,M. Brandon,Westover,,200,
0000-0003-4804-2237,HUSEYIN TAS,HUSEYIN,TAS,,200,
0000-0003-4804-9535,Edward Laws,Edward,Laws,,200,
0000-0003-4805-2910,Alec Marantz,Alec,Marantz,,200,
0000-0003-4806-4903,David Kim,David,Kim,,200,
0000-0003-4807-9865,Ann Hochschild,Ann,Hochschild,,200,
0000-0003-4809-0212,Vasiliki Salameti,Vasiliki,Salameti,,200,
0000-0003-4809-6227,Tram N Nguyen,Tram N,Nguyen,,200,
0000-0003-4812-251X,Zhi-Min Yuan,Zhi-Min,Yuan,,200,
0000-0003-4813-2216,Saina Aminmozaffari,Saina,Aminmozaffari,,200,
0000-0003-4813-7148,Ethan M Jones,Ethan,Jones,Ethan M Jones,200,
0000-0003-4814-5885,Rory Kirchner,Rory,Kirchner,,200,
0000-0003-4815-7114,Mario De Toma,Mario,De Toma,,200,
0000-0003-4816-1076,Jordan E. Otto,Jordan,Jagielski,Jordan E. Otto,200,
0000-0003-4817-3624,Erica Robert Pallo,Erica Robert,Pallo,,200,
0000-0003-4818-4323,James P. Roney,James,Roney,James P. Roney,200,
0000-0003-4820-0231,Emery R. Boose,Emery,Boose,Emery R. Boose,200,
0000-0003-4821-3630,Eman M. Gamal,Eman,M. Gamal,,200,
0000-0003-4821-4959,Kevin Tian,Kevin,Tian,,200,
0000-0003-4821-9653,June Casey,June,Casey,,200,
0000-0003-4829-4979,Nicole Duggan,Nicole,Duggan,,200,
0000-0003-4830-9894,Yinru Long,Yinru,Long,,200,
0000-0003-4833-1303,Yoo Jin Joo,Yoo Jin,Joo,,200,
0000-0003-4835-5348,Andrew Crompton,Andrew,Crompton,,200,
0000-0003-4839-0899,Liya Zalaltdinova,Liya,Zalaltdinova,,200,
0000-0003-4839-5278,Olakunle A. Jaiyesimi,Olakunle A.,Jaiyesimi,Olakunle A. Jaiyesimi,200,
0000-0003-4840-3792,Carmen G. Gonzalez,Carmen,Gonzalez,Carmen G. Gonzalez,200,
0000-0003-4844-2572,Jin Li,Jin,Li,,200,
0000-0003-4845-6464,Yunfan Pan,Yunfan,Pan,,200,
0000-0003-4848-2611,Krishna Praneeth Kilambi,Krishna Praneeth,Kilambi,,200,
0000-0003-4849-3695,Philip J Saylor,Philip,Saylor,Philip J Saylor,200,
0000-0003-4852-4738,Nicolas Gendron,Nicolas,Gendron,,200,
0000-0003-4857-4807,Beatrix Thompson,Beatrix,Thompson,,200,
0000-0003-4858-6779,Yackson Eustaquio Chaverra Mena,Yackson Eustaquio,Chaverra Mena,,200,
0000-0003-4860-9790,Cecilia  Trivellin,Cecilia ,Trivellin,,200,
0000-0003-4863-825X,Ashley N. Price Ph.D(c),Ashley N. ,Price,Ashley N. Price Ph.D(c),200,
0000-0003-4864-2689,David S. Snyder,David,Snyder,David S. Snyder,200,
0000-0003-4864-3964,Lorenzo Tavelli,Lorenzo,Tavelli,,200,
0000-0003-4866-209X,Itiel Dror,Itiel,Dror,,200,
0000-0003-4867-7531,Tao Xu,Tao,Xu,,200,
0000-0003-4869-0875,Tobias Kasper,Tobias,Kasper,,200,
0000-0003-4871-1373,Sabateeshan Mathavarajah,Sabateeshan,Mathavarajah,,200,
0000-0003-4871-1963,Alen Juginovic,Alen,Juginovic,,200,
0000-0003-4871-6537,Marcus J. A. Plath,Marcus J. A.,Plath,Marcus J. A. Plath,200,
0000-0003-4873-505X,Zheng Wang,Zheng,Wang,,200,
0000-0003-4874-2874,Heng Li,Heng,Li,,200,
0000-0003-4875-0022,Quinlan Lloyd Sievers,Quinlan,Sievers,Quinlan Lloyd Sievers,200,
0000-0003-4882-0465,Manato Fujimoto,Manato,Fujimoto,,200,
0000-0003-4882-073X,Marie C. Montás,Marie Chantel,Montás,Marie C. Montás,200,
0000-0003-4883-0241,Erin Shortell,Erin,Shortell,,200,
0000-0003-4883-0743,Yiwen Zhang,Yiwen,Zhang,,200,
0000-0003-4883-2925,Polina Osler,Polina,Osler,,200,
0000-0003-4883-4832,Jonathan N. Hallén,Jonathan,Hallén,Jonathan N. Hallén,200,
0000-0003-4886-6287,Andrew Jacobs,Andrew,Jacobs,,200,
0000-0003-4888-2842,Hillel Bavli,Hillel,Bavli,,200,
0000-0003-4892-1098,Michael Roehrl,Michael,Roehrl,,200,
0000-0003-4897-0367,Devika Godbole,Devika,Godbole,,200,
0000-0003-4897-9206,Ossama Al-Mefty,Ossama,Al-Mefty,,200,
0000-0003-4898-5833,Alexandra J. Gold,Alexandra ,Gold,Alexandra J. Gold,200,
0000-0003-4900-1920,Basmaa Ali,Basmaa,Ali,,200,
0000-0003-4900-9455,Kamran Badizadegan,Kamran,Badizadegan,,200,
0000-0003-4901-6487,SARAH HEILI-FRADES,SARAH,HEILI-FRADES,,200,
0000-0003-4905-0538,Gokul Selvaraj,Gokul,Selvaraj,,200,
0000-0003-4906-7698,Marcelo Freire,Marcelo,Freire,,200,
0000-0003-4909-5760,Muhammad Ahmad,Muhammad,Ahmad,,200,
0000-0003-4912-0647,bruce landon,bruce,landon,,200,
0000-0003-4912-1391,Julian De Freitas,Julian,De Freitas,,200,
0000-0003-4912-5974,Lincoln J. Greenhill,lincoln,greenhill,Lincoln J. Greenhill,200,
0000-0003-4913-0327,Yann CORMERAIS,Yann,CORMERAIS,,200,
0000-0003-4913-3392,Harry A Kaplan,Harry,Kaplan,Harry A Kaplan,200,
0000-0003-4917-8056,Yuwei ZHANG,Yuwei,ZHANG,,200,
0000-0003-4918-6902,Patrick,Patrick,,,200,
0000-0003-4920-4357,Ruisheng Wang,Ruisheng,Wang,,200,
0000-0003-4921-3253,Reza Pishdad,Reza,Pishdad,,200,
0000-0003-4922-1325,mark kuperwaser,mark,kuperwaser,,200,
0000-0003-4928-1504,Edward Kim,Edward,Kim,,200,
0000-0003-4931-4804,Joia S. Mukherjee,Joia S.,Mukherjee,,200,
0000-0003-4932-0331,Susan Gray,Susan,Gray,,200,
0000-0003-4934-0113,Ann Whiteside,Ann,Whiteside,,200,
0000-0003-4935-6422,Samuel Plasmati,Samuel,Plasmati,,200,
0000-0003-4937-7055,Uriel López-Sánchez,Uriel,López-Sánchez,,200,
0000-0003-4938-6023,Sunil Chauhan,Sunil,Chauhan,,200,
0000-0003-4939-0866,Indira Krishnan,Indira,Krishnan,,200,
0000-0003-4941-4696,Joseph Loparo,Joseph,Loparo,,200,
0000-0003-4945-4153,John Mewherter,John,Mewherter,,200,
0000-0003-4946-2153,Zhuo Shi,Zhuo,Shi,,200,
0000-0003-4949-0525,Seung-Ju Bang,Seung-Ju,Bang,,200,
0000-0003-4949-303X,Joel E. Martinez,Joel,Martinez,Joel E. Martinez,200,
0000-0003-4951-7441,Jacob Rosenberg,Jacob,Rosenberg,,200,
0000-0003-4952-6671,Janos Kollar,Janos,Kollar,,200,
0000-0003-4953-6191,Caleb Figge,Caleb,Figge,,200,
0000-0003-4953-6589,Shiva Tej Sarab,Shiva Tej,Sarab,,200,
0000-0003-4953-9341,Massimiliano Russo,Massimiliano,Russo,,200,
0000-0003-4954-057X,Shafika Abrahams-Gessel,Shafika,Abrahams-Gessel,,200,
0000-0003-4955-9879,Philip Capin,Philip,Capin,,200,
0000-0003-4958-2542,Leonard D. Katz,Leonard,Katz,Leonard D. Katz,200,
0000-0003-4959-5052,Roger Daglius Dias,Roger Daglius,Dias,,200,
0000-0003-4960-1125,Anthony Zee,Anthony,Zee,,200,
0000-0003-4961-7792,Adam Stefkovics,Adam,Stefkovics,,200,
0000-0003-4963-0655,Sebastien Haneuse,Sebastien,Haneuse,,200,
0000-0003-4966-3035,R. Rox Anderson,R. Rox,Anderson,,200,
0000-0003-4967-9918,Aarti Asnani,Aarti,Asnani,,200,
0000-0003-4968-3722,Matthew T. Keeney,Matthew,Keeney,Matthew T. Keeney,200,
0000-0003-4975-093X,Annalisa Scimemi,Annalisa,Scimemi,,200,
0000-0003-4980-7326,Nataly Minkina,Nataly,Minkina,,200,
0000-0003-4981-5027,Etyelle Pinheiro de Araújo,Etyelle,Pinheiro de Araújo,,200,
0000-0003-4986-2042,Grant Donnelly,Grant,Donnelly,,200,
0000-0003-4987-3075,Janis H. Jenkins,Janis Hunter,Jenkins,Janis H. Jenkins,200,
0000-0003-4988-4532,Andrea Bellavia,Andrea,Bellavia,,200,
0000-0003-4989-3869,Jessica Martin,Jessica,Martin,,200,
0000-0003-4992-2623,Brian Do,Brian,Do,,200,
0000-0003-4992-9841,Ivo Cerda,Ivo,Cerda,,200,
0000-0003-4994-0709,Ramaswamy Krishnan,Ramaswamy,Krishnan,,200,
0000-0003-4994-6270,Madeline Van Husen,Madeline,Van Husen,,200,
0000-0003-4996-3492,Isabella Jaen Maisonet,Isabella,Jaen Maisonet,,200,
0000-0003-4998-7013,Matt Przemyslaw Lukacz,Matt Przemyslaw,Lukacz,,200,
0009-0000-0012-9945,Alejandro de la Fuente,Alejandro de la Fuente,,,200,
0009-0000-0013-906X,Shajaan Muaz Shaheem,Mariyam Shajan,Muaz,Shajaan Muaz Shaheem,200,
0009-0000-0023-8738,Nickolas Ellison,Nickolas,Ellison,,200,
0009-0000-0026-475X,Ngozi Ifeoma Malo,Ngozi Ifeoma,Malo,,200,
0009-0000-0027-6515,Chongmin Lee,Chongmin,Lee,,200,
0009-0000-0056-9246,John A Graham,John A,Graham,,200,
0009-0000-0071-348X,Alvan Arulandu,Alvan,Arulandu,,200,
0009-0000-0076-4789,Adam Kowalczyk,Adam,Kowalczyk,,200,
0009-0000-0103-9546,Ryan O'Dea,Ryan,O'Dea,,200,
0009-0000-0123-2127,Azeem Sharda,Azeem,Sharda,,200,
0009-0000-0129-4870,Andrea Elizabeth  Biju,Andrea Elizabeth ,Biju,,200,
0009-0000-0138-4542,Sarah Marchese,Sarah,Marchese,,200,
0009-0000-0170-6302,Rohit Raj,Rohit,Raj,,200,
0009-0000-0205-6217,Joshua Weidmann,Joshua,Weidmann,,200,
0009-0000-0209-271X,Alessia Hughes,Alessia,Hughes,,200,
0009-0000-0253-0273,Zeyang Jia,Zeyang,Jia,,200,
0009-0000-0256-836X,Michael  Xie,Michael ,Xie,,200,
0009-0000-0301-3817,Honor Pimentel,Honor,Pimentel,,200,
0009-0000-0318-2004,Bryce Fuemmeler,Bryce,Fuemmeler,,200,
0009-0000-0326-9214,Yi-Ching Chen,Yi-Ching,Chen,,200,
0009-0000-0339-615X,Erblin Ribari,Erblin,Ribari,,200,
0009-0000-0350-0359,YING GUAN,YING,GUAN,,200,
0009-0000-0366-4900,Erik Nordbye,Erik,Nordbye,,200,
0009-0000-0377-3744,Zijia Qiu,Zijia,Qiu,,200,
0009-0000-0397-8176,Rebecca Carrol,Rebecca,Carrol,,200,
0009-0000-0421-4426,John Galvin,John,Galvin,,200,
0009-0000-0449-0578,eden wolde,eden,wolde,eden wolde,200,
0009-0000-0482-8428,Tommy Li,Tommy,Li,,200,
0009-0000-0492-7178,"Larry L. Meadows, Jr.","Larry L. Meadows, Jr.",,,200,
0009-0000-0501-2041,Elle Epstein,Elle,Epstein,,200,
0009-0000-0613-2010,Ayden Ala,Ayden,Ala,,200,
0009-0000-0622-4169,Osborne Augustus Daniel Arul Neill Wrigley-Pimley-McKerr III,Osborne Augustus Daniel Arul Neill,Wrigley-Pimley-McKerr III,,200,
0009-0000-0649-5444,Halah Ali,Halah,Ali,,200,
0009-0000-0653-5020,Joan  Nicholson ,Joan ,Nicholson ,,200,
0009-0000-0672-0525,Eunkyung Park,Eunkyung,Park,,200,
0009-0000-0718-4568,Debaleena Kar,Debaleena,Kar,,200,
0009-0000-0727-5654,Navya Kotturu,Navya,Kotturu,,200,
0009-0000-0756-8940,Zhuoyang Lyu,Zhuoyang,Lyu,,200,
0009-0000-0789-6899,Aidan Connaughton,Aidan Connaughton,,,200,
0009-0000-0806-0145,Erin Yuan,Erin Yuan,,,200,
0009-0000-0831-3536,Alexandra S. Weisman,Alexandra Susanna,Weisman,Alexandra S. Weisman,200,
0009-0000-0837-5374,Kiran J. Biddinger,Kiran,Biddinger,Kiran J. Biddinger,200,
0009-0000-0850-7090,Pedro Degiovanni,Pedro,Degiovanni,,200,
0009-0000-0868-9293,Kathleen Ong,Kathleen,Ong,,200,
0009-0000-0876-7001,Sheraz Choudhary,Sheraz,Choudhary,,200,
0009-0000-0898-0611,Michal Maciejewski,Michal,Maciejewski,,200,
0009-0000-0918-4692,Ziming Wei,Ziming,Wei,,200,
0009-0000-0940-427X,Christiany Tapia,Christiany,Tapia,,200,
0009-0000-0948-2307,Sarah Caughey,Sarah,Caughey,,200,
0009-0000-0970-5814,Aurelia Chen,Aurelia,Chen,,200,
0009-0000-0990-0388,Todd Kana,Todd,Kana,,200,
0009-0000-0994-3740,Shuying Huo,Shuying,Huo,Shuying Huo,200,
0009-0000-0995-3906,Ryan Whalen,Ryan Whalen,,,200,
0009-0000-0996-9158,Gabriela Ramirez-Hernandez,ERIKA GABRIELA,RAMIRERZ HERNANDEZ,Gabriela Ramirez-Hernandez,200,
0009-0000-1007-8811,Sophie Everbach,Sophie,Everbach,,200,
0009-0000-1017-0554,Jaeyong Lee,Jaeyong,Lee,,200,
0009-0000-1066-6859,Linda Nathan,Linda,Nathan,,200,
0009-0000-1071-2296,Quinlyn Long,Quinlyn Long,,,200,
0009-0000-1100-5286,Annabel Ma,Annabel,Ma,,200,
0009-0000-1136-4115,Santiago Medina Pizarro,Santiago,Medina Pizarro,,200,
0009-0000-1136-7885,Ruyi Liu,Ruyi,Liu,,200,
0009-0000-1138-823X,David Nelson,David,Nelson,,200,
0009-0000-1140-3743,Dmitry Rabkin,Dmitry,Rabkin,,200,
0009-0000-1176-2412,Tesistas,Tesistas,,,200,
0009-0000-1194-4099,Rishi Earla,Rishi,Earla,,200,
0009-0000-1201-1135,Madison McCoy,Madison,McCoy,,200,
0009-0000-1255-5423,Leslie Ann McMillan,Leslie Ann,McMillan,,200,
0009-0000-1262-0256,Gabriela R.,Gabriela,Rocha,Gabriela R.,200,
0009-0000-1312-0819,Louis M. Guenin,Louis M.,Guenin,Louis M. Guenin,200,
0009-0000-1334-9277,Heather  Watts,Heather ,Watts,,200,
0009-0000-1339-3315,Shreya Tandon,Shreya,Tandon,,200,
0009-0000-1347-1184,Christohper Lee,Christohper,Lee,,200,
0009-0000-1379-9286,Veronica Li,Veronica,Li,,200,
0009-0000-1397-2093,Chae-Hee Park,Chae-Hee,Park,,200,
0009-0000-1427-6014,Germain Meyer,Germain,Meyer,,200,
0009-0000-1482-0390,Duoduo  Fu,Duoduo ,Fu,,200,
0009-0000-1542-1949,Jhulyanne Jernniffer Mendes Marinho,Jhulyanne Jernniffer Mendes Marinho,,,200,
0009-0000-1554-3911,Mark Libenson,Mark,Libenson,,200,
0009-0000-1555-7395,Philipp Schnabl,Philipp,Schnabl,,200,
0009-0000-1609-5313,Aline Aparecida Lacerda Gruber,Aline Aparecida Lacerda,Gruber,,200,
0009-0000-1616-1915,Monika,Monika,Bisht,Monika,200,
0009-0000-1660-1271,Avinashi Bhandari,Avinashi,Bhandari,,200,
0009-0000-1682-749X,Yumin Zhu,Yumin,Zhu,,200,
0009-0000-1683-5211,Sebastian Rodriguez,Sebastian,Rodriguez,,200,
0009-0000-1736-6576,Silvan Silvan,Silvan,Silvan,,200,
0009-0000-1755-5019,"Andrew, Andy Koenig","Andrew, Andy",Koenig,,200,
0009-0000-1757-1027,David Vu,David,Vu,,200,
0009-0000-1760-540X,Siheng Tao,Siheng,Tao,,200,
0009-0000-1767-0279,Lillian Saniel-Banrey,Lillian,Saniel-Banrey,,200,
0009-0000-1767-8588,Nicole Peterson,Nicole,Peterson,,200,
0009-0000-1782-3001,Hadi Fareed,Hadi,Fareed,,200,
0009-0000-1812-9193,Ahmed Ali Sajanlal,Ahmed Ali,Sajanlal,,200,
0009-0000-1826-3552,Lakshmi Natarajan,Lakshmi,Natarajan,,200,
0009-0000-1865-1715,Ting,Ting,,,200,
0009-0000-1881-7113,Kyle Kunst,Kyle,Kunst,,200,
0009-0000-1953-916X,Michelle,Michelle,,,200,
0009-0000-1970-6554,Sherin Xirenayi,Simayijiang,Xirenayi,Sherin Xirenayi,200,
0009-0000-2020-4092,Danilo Rojas-Velasquez,Danilo,Rojas-Velasquez,,200,
0009-0000-2070-3406,Hamza  ECHARRAFI ,Hamza ,ECHARRAFI ,,200,
0009-0000-2134-0977,Salah Assana,Salah,Assana,,200,
0009-0000-2182-1949,SK Sharma,SK,Sharma,SK Sharma,200,
0009-0000-2192-1229,Anton  Deti,Anton ,Deti,,200,
0009-0000-2267-0580,Shoki Kishida,Shoki,Kishida,,200,
0009-0000-2292-7323,Prem Prabhakar,Prem,Prabhakar,,200,
0009-0000-2297-2087,Natalia Andreeva,Natalia,Andreeva,,200,
0009-0000-2372-8959,Dorian Cole,Dorian,Cole,,200,
0009-0000-2385-914X,Martin Sauvageau,Martin,Sauvageau,,200,
0009-0000-2393-3725,Jessica Mascarenhas Nilo Alves,Jessica,Mascarenhas Nilo Alves,,200,
0009-0000-2393-9246,Spenser Warren,Spenser,Warren,,200,
0009-0000-2396-8223,Jaya Wen,Jaya,Wen,,200,
0009-0000-2426-528X,chaya czernowin,chaya,czernowin,,200,
0009-0000-2438-3761,Jeremy Hsu,Jeremy,Hsu,,200,
0009-0000-2441-1160,Alessandra Saraga,Alessandra,Saraga,,200,
0009-0000-2453-6529,Yingrui Wu,Yingrui,Wu,,200,
0009-0000-2475-9490,Jose Higuera,Jose,Higuera,,200,
0009-0000-2484-4783,Carolyn Friedhoff-Alvarez,Carolyn,Friedhoff-Alvarez,Carolyn Friedhoff-Alvarez,200,
0009-0000-2516-3971,Hagar M. Aljaky,Hagar M.,Aljaky,,200,
0009-0000-2546-6972,Izabela  Pacheco Silva ,Izabela ,Pacheco Silva ,,200,
0009-0000-2554-9321,Parvana Javadova,Parvana Javadova,,,200,
0009-0000-2566-424X,hafiz zafar iqbal,hafiz zafar iqbal,,,200,
0009-0000-2569-3753,Buyu Lin,Buyu,Lin,,200,
0009-0000-2598-1552,Ananya Mavinkurve,Ananya,Mavinkurve,,200,
0009-0000-2622-0798,Min Kim,Min,Kim,,200,
0009-0000-2648-3483,Jill Pineda,Jill Pineda,,,200,
0009-0000-2657-7009,Isabela Gonzalez,Isabela,Gonzalez,,200,
0009-0000-2658-1788,Ryan Murdock,Ryan,Murdock,,200,
0009-0000-2659-5098,"Hebatalla, Heba Mohamed","Hebatalla, Heba",Mohamed,,200,
0009-0000-2684-0559,Christopher Axon,Christopher,Axon,,200,
0009-0000-2692-8470,Muxi Zheng,Muxi,Zheng,,200,
0009-0000-2762-8736,Aidan Matthews,Aidan,Matthews,,200,
0009-0000-2764-9836,Paola Del Cueto,Paola,Del Cueto,,200,
0009-0000-2793-2551,Zhongling Tang,Zhongling,Tang,,200,
0009-0000-2853-8855,Kartik Srivastava,Kartik,Srivastava,,200,
0009-0000-2872-3540,Shaira Anjuman,Shaira Anjuman,,,200,
0009-0000-2880-2556,Saadi El-Saadi,Saadi,El-Saadi,,200,
0009-0000-2898-2518,Joshua Park,Joshua Park,,,200,
0009-0000-2901-5087,Susana Feldman,Susana,Feldman,,200,
0009-0000-2975-2263,Tommy Tobin,Tommy,Tobin,,200,
0009-0000-2989-6603,Elizabeth Gardner,Elizabeth,Gardner,,200,
0009-0000-3023-9424,Suproteem Sarkar,Suproteem,Sarkar,,200,
0009-0000-3042-8321,Winnie Lam,Winnie,Lam,,200,
0009-0000-3054-3805,Rumman Chowdhury,Rumman,Chowdhury,,200,
0009-0000-3083-5621,Sean Lee,Sean,Lee,,200,
0009-0000-3088-0967,Johnathan Sun,Johnathan,Sun,,200,
0009-0000-3101-151X,Angela Ruo-yan ,Angela Ruo-yan ,,,200,
0009-0000-3103-2003,Sojas Wagle,Sojas,Wagle,,200,
0009-0000-3145-8821,Jocelyn Chu,Jocelyn,Chu,,200,
0009-0000-3173-1592,Indiana Olson,Indiana,Olson,,200,
0009-0000-3185-2984,Julia Lindenberg,Julia,Lindenberg,,200,
0009-0000-3195-5617,Seshagiri Rao Mallina,Seshu,Mallina,Seshagiri Rao Mallina,200,
0009-0000-3257-4859,Ruxun Xiang,Ruxun,Xiang,,200,
0009-0000-3285-5407,Keunwook Kim Kim,Keunwook Kim,Kim,,200,
0009-0000-3296-3766,Ignacio Novillo,Ignacio,Novillo,,200,
0009-0000-3298-9114,Hector Ferrando Gomez,Hector,Ferrando Gomez,,200,
0009-0000-3304-6994,Christopher Perez,Christopher,Perez,,200,
0009-0000-3329-1877,Anna Soltys,Anna,Soltys,,200,
0009-0000-3341-7521,Jennifer Hahn,Jennifer Hahn,,,200,
0009-0000-3359-9118,Sayeda Yasmin-Karim,Sayeda,Yasmin-Karim,,200,
0009-0000-3424-3930,Iris Patterson,Iris,Patterson,,200,
0009-0000-3476-8673,Lisa Kampen,Lisa,Kampen,,200,
0009-0000-3482-1307,Steven Nelson,Steven,Nelson,,200,
0009-0000-3492-0057,Yanping Wang,Yanping,Wang,,200,
0009-0000-3545-2769,Jacqueline Lee,Jacqueline,Lee,,200,
0009-0000-3592-0745,Jingqi Li,Jingqi,Li,,200,
0009-0000-3601-5413,Staci R. Eisenberg,Staci,Eisenberg,Staci R. Eisenberg,200,
0009-0000-3621-1502,Emma Rodriguez,Emma Rodriguez,,,200,
0009-0000-3675-6940,Mustafa Bukenya,Mustafa,Bukenya,,200,
0009-0000-3765-150X,Emilie Kovalik,Emilie,Kovalik,,200,
0009-0000-3774-0801,Angel Tevar Saiz,Angel,Tevar Saiz,,200,
0009-0000-3787-9897,Zoha Syed,Zoha,Syed,,200,
0009-0000-3799-9055,Leib Celnik,Leib,Celnik,,200,
0009-0000-3804-8083,Yuxiang Cheng,Yuxiang,Cheng,,200,
0009-0000-3814-1034,Harry Shen,Harry,Shen,,200,
0009-0000-3822-3179,Xinhui XU,Xinhui,XU,,200,
0009-0000-3828-7340,Umut Yazlar,Umut,Yazlar,,200,
0009-0000-3850-4536,JinShan Y,JinShan,Y,,200,
0009-0000-3850-6443,Joseph Puleo,Joseph,Puleo,,200,
0009-0000-3905-9833,Tomeh  Tomeh,Tomeh ,Tomeh,,200,
0009-0000-3913-8224,Hannah Creasey,Hannah,Creasey,,200,
0009-0000-3976-636X,Lynn Blaney,Lynn,Blaney,,200,
0009-0000-3979-4360,Vanessa Iroegbulem,Vanessa,Iroegbulem,,200,
0009-0000-3986-2968,Dilzafer Singh,Dilzafer,Singh,,200,
0009-0000-3988-8930,Jusuf,Jusuf,,,200,
0009-0000-4037-2341,Iris Lopez,Iris,Lopez,,200,
0009-0000-4044-7091,Minhua Mei,Minhua,Mei,,200,
0009-0000-4101-8440,Eleanor Wikstrom,Eleanor,Wikstrom,,200,
0009-0000-4106-2011,Junlang Liu,Junlang,Liu,,200,
0009-0000-4111-2090,Sep Sarshar,Sepehr,Sarshar,Sep Sarshar,200,
0009-0000-4152-4968,Alexander Lawrence,Alexander,Lawrence,,200,
0009-0000-4154-8054,Kelsey Hanson Woodruff,Kelsey Hanson Woodruff,,,200,
0009-0000-4155-522X,Mutahir Farhan,Mutahir,Farhan,,200,
0009-0000-4171-2686,Michael Cesar,Michael,Cesar,,200,
0009-0000-4178-7792,Annette Kim,Annette,Kim,,200,
0009-0000-4191-1976,Yin HUANG,Yin,HUANG,,200,
0009-0000-4199-2817,Miguel Angel Corona,Miguel Angel,Corona,,200,
0009-0000-4235-2862,Melissa Esther Valqui Agurto,Melissa Esther,Valqui Agurto,,200,
0009-0000-4278-0365,Gabriella Wellons,Gabriella Wellons,,,200,
0009-0000-4378-1263,harrak ouadia,harrak,ouadia,,200,
0009-0000-4382-4358,Maya Cohen,Maya,Cohen,,200,
0009-0000-4388-0472,Eren Keles,Eren,Keles,,200,
0009-0000-4434-0224,Mary Letey,Mary,Letey,,200,
0009-0000-4463-9234,Esesua Ikpefan,Esesua,Ikpefan,,200,
0009-0000-4472-8456,Harvey Barnhard,Harvey,Barnhard,,200,
0009-0000-4509-1151,Lucia Morris,Lucia Morris,,,200,
0009-0000-4513-4940,Lumeng Jia,Lumeng,Jia,,200,
0009-0000-4521-6241,Joao Fernando Sobanski,Joao Fernando,Sobanski,,200,
0009-0000-4539-4056,Fieke Waninka Maria van der Kamp,Fieke Waninka Maria,van der Kamp,,200,
0009-0000-4543-9023,Anika Kopczynski,Anika,Kopczynski,,200,
0009-0000-4545-1399,Sophia Mo,Sophia,Mo,,200,
0009-0000-4552-7621,Yanchen Jiang,Yanchen,Jiang,,200,
0009-0000-4605-9233,Alexander  Bogatch,Alexander ,Bogatch,,200,
0009-0000-4609-1487,Guy Aziz Yogo,Guy Aziz,Yogo,,200,
0009-0000-4614-5908,Constance Kraay,Constance,Kraay,,200,
0009-0000-4614-9773,Jesus Solis,Jesus,Solis,,200,
0009-0000-4668-4389,Joanna Boeing,Joanna,Boeing,,200,
0009-0000-4685-4077,Yoshinori Kajiwara,Yoshinori,Kajiwara,,200,
0009-0000-4686-6852,Thom Burns,Thom,Burns,,200,
0009-0000-4702-4681,Ziqing Wang,Ziqing,Wang,,200,
0009-0000-4721-7301,Bharti Anuradha Budhram,Bharti Anuradha,Budhram,,200,
0009-0000-4722-6136,Sophie Sharum,Sophie,Sharum,,200,
0009-0000-4754-9779,Misty Christensen,Misty,Christensen,,200,
0009-0000-4764-9171,Isabel Longbottom,Isabel,Longbottom,,200,
0009-0000-4776-3767,Kelly Chiu,Kelly Chiu,,,200,
0009-0000-4812-1651,Daniel Tanjeloff,Daniel,Tanjeloff,,200,
0009-0000-4842-6148,Ranadheer Reddy Charabuddi,Ranadheer Reddy,Charabuddi,Ranadheer Reddy Charabuddi,200,
0009-0000-4881-479X,Chukun Zhou,Chukun,Zhou,,200,
0009-0000-4883-2357,Aulden Keating Jones,Aulden Keating,Jones,,200,
0009-0000-4940-7109,Bingxue ZHAI,Bingxue,ZHAI,,200,
0009-0000-4963-1805,Essam Ahmed Abdelhakam Ahmed,Essam,Ahmed,Essam Ahmed Abdelhakam Ahmed,200,
0009-0000-5002-4316,Mark Teh,Mark,Teh,,200,
0009-0000-5014-2259,Ana Warner,Ana Warner,,,200,
0009-0000-5042-0255,Karen Fabrizio,Karen,Fabrizio,,200,
0009-0000-5045-5001,Christopher Watkins,Christopher,Watkins,,200,
0009-0000-5056-7847,Gerardo Alvarez,Gerardo,Alvarez,,200,
0009-0000-5059-3682,Caroline Elizabeth Becker,Caroline Elizabeth,Becker,,200,
0009-0000-5087-6252,Elizabeth Kimzey  Batiuk,Elizabeth Kimzey ,Batiuk,,200,
0009-0000-5096-3559,Matteo Marengo,Matteo,Marengo,,200,
0009-0000-5115-0285,Chase Bourbon,Chase,Bourbon,,200,
0009-0000-5143-1917,omaira alexandra osorio lobaton,omaira alexandra,osorio lobaton,,200,
0009-0000-5227-3359,Robert Rotberg,Robert,Rotberg,,200,
0009-0000-5254-8244,Mark Griffith,Mark,Griffith,,200,
0009-0000-5315-0588,Dan Visel,Dan,Visel,,200,
0009-0000-5329-5488,Robin Singh Arya,Robin Singh,Arya,,200,
0009-0000-5369-4542,Shuaishuai Yang,Shuaishuai,Yang,,200,
0009-0000-5380-1862,Marharyta Krylova,Marharyta,Krylova,,200,
0009-0000-5395-3153,Lara Okyay,Lara,Okyay,,200,
0009-0000-5395-579X,Sabira Arefin,Sabira,Arefin,,200,
0009-0000-5443-4777,Daniela Limbania,Daniela,Limbania,,200,
0009-0000-5470-8379,Elena Ghazi,Elena,Ghazi,,200,
0009-0000-5479-3550,Christophe Boetto,Christophe,Boetto,,200,
0009-0000-5482-1531,Stephen Orr,Stephen,Orr,,200,
0009-0000-5483-2652,V. Samuel Pérez-Díaz,Víctor Samuel,Pérez-Díaz,V. Samuel Pérez-Díaz,200,
0009-0000-5498-1180,Yuxin Wang,Yuxin,Wang,,200,
0009-0000-5528-4512,Katherine Dowdell,Katherine,Dowdell,,200,
0009-0000-5538-9875,Harini Somanchi,Harini,Somanchi,,200,
0009-0000-5626-2868,Dhara Patel,Dhara Patel,,,200,
0009-0000-5658-2300,Damien Chang,Damien,Chang,,200,
0009-0000-5684-6345,Estela Sato Shiratori,Estela,Sato Shiratori,,200,
0009-0000-5684-8973,Ian Bartlett,Ian Bartlett,,,200,
0009-0000-5694-5423,Paulo Moreno,Paulo,Moreno,,200,
0009-0000-5731-2695,azim,azim,,,200,
0009-0000-5765-1742,Lucas Bijnens,Lucas,Bijnens,,200,
0009-0000-5791-8515,Timothy ,Timothy ,,,200,
0009-0000-5800-4205,Sarah Babbitt,Sarah,Babbitt,,200,
0009-0000-5811-9221,Timothy Kaiwen Chiang,Timothy,Chiang,Timothy Kaiwen Chiang,200,
0009-0000-5824-3193,Dr Vinayak Hiremath,Dr Vinayak,Hiremath,,200,
0009-0000-5838-9571,Aditya Uppal,Aditya,Uppal,,200,
0009-0000-5853-8215,Dr.Yasser M. Al-Shawki,Yasser M. A. A,Al-Shawki,Dr.Yasser M. Al-Shawki,200,
0009-0000-5909-9357,Sofia Matta,Sofia,Matta,,200,
0009-0000-5926-5116,Srestha Dasgupta,Srestha,Dasgupta,,200,
0009-0000-5942-6055,Yukun Ou,Yukun,Ou,,200,
0009-0000-5944-0113,Valerie Adjoh-Davoh,Valerie,Adjoh-Davoh,,200,
0009-0000-5969-2433,Hannah L. Park,Hannah,Park,Hannah L. Park,200,
0009-0000-6010-0669,Joanna Z. Li,Joanna Z.,Li,,200,
0009-0000-6016-6035,Faith Anderson,Faith,Anderson,,200,
0009-0000-6035-8379,Anushka Darade,Anushka,Darade,,200,
0009-0000-6051-7667,Kenton Thomas Goldsby,Kenton Thomas,Goldsby,,200,
0009-0000-6064-0278,Céline Debourse,Céline,Debourse,,200,
0009-0000-6145-0724,Alexander Rehding,Alexander,Rehding,,200,
0009-0000-6161-0660,Justin Tomlinson,Justin,Tomlinson,,200,
0009-0000-6179-6098,Junseok  Kang,Junseok ,Kang,,200,
0009-0000-6203-4642,Eliza Kallfelz,Eliza,Kallfelz,,200,
0009-0000-6238-3236,Samuel Akhondi,Samuel,Akhondi,,200,
0009-0000-6287-4908,Frances Meale,Frances,Meale,,200,
0009-0000-6289-9216,Francesco Nuzzi,Francesco,Nuzzi,,200,
0009-0000-6296-898X,Xueying Wang,Xueying,Wang,,200,
0009-0000-6316-2013,Jason Adam Sheets,Jason Adam,Sheets,,200,
0009-0000-6365-4384,Marcela Carvalho,Marcela,Carvalho Ferreira de Mello,Marcela Carvalho,200,
0009-0000-6370-1494,Matheus Alves Silva,Matheus,Alves Silva,,200,
0009-0000-6379-7561,Gary Crosier Shaw,Gary Crosier,Shaw,,200,
0009-0000-6410-1773,Megan Gorges,Megan,Gorges,,200,
0009-0000-6424-6374,María Ballesteros Suárez,María,Ballesteros Suárez,,200,
0009-0000-6472-3521,Godfred Nyarko,Godfred,Nyarko,,200,
0009-0000-6495-7803,Joseph Bonvie,Joseph,Bonvie,,200,
0009-0000-6495-9104,hj kj,hj,kj,,200,
0009-0000-6503-3936,Pastor Elias  Murillo Martínez,Pastor Elias ,Murillo Martínez,,200,
0009-0000-6510-2866,Alyssa Suh,Alyssa,Suh,,200,
0009-0000-6540-6106,Rohan Rajeev,Rohan,Rajeev,,200,
0009-0000-6543-2208,Michael Haas,Michael,Haas,,200,
0009-0000-6573-1697,Muhammad Nahari Mukti,Muhammad Nahari,Mukti,,200,
0009-0000-6585-5876,Taravat Hashemi,Taravat,Hashemi,,200,
0009-0000-6602-9867,Jason Alexander Starace,Jason Alexander,Starace,,200,
0009-0000-6620-3888,Nariman Aavani,Nariman,Aavani,,200,
0009-0000-6636-9343,Mel Diaz,Mel,Diaz,,200,
0009-0000-6706-1965,Anna Rogachevskaya,Anna,Rogachevskaya,,200,
0009-0000-6709-6957,Jacob Khan,Jacob,Khan,,200,
0009-0000-6727-2084,Kyle Mueller,Kyle,Mueller,,200,
0009-0000-6730-7355,Mingjie Zhang,Mingjie,Zhang,,200,
0009-0000-6775-0314,Malcolm Grba,Malcolm,Grba,,200,
0009-0000-6776-4898,Sung Gi Park,Sung Gi,Park,,200,
0009-0000-6796-1074,Kelly An-Hsuan Lai,Kelly An-Hsuan,Lai,,200,
0009-0000-6852-1978,Yiyu Liu,Yiyu,Liu,,200,
0009-0000-6901-7175,Laura Stephanie Andino,Laura Stephanie Andino,,,200,
0009-0000-6936-1523,Patrick Delaney,Patrick,Delaney,,200,
0009-0000-6962-4469,Isobel Green,Isobel,Green,,200,
0009-0000-6963-6013,Tibah Abid,Tibah,Abid,,200,
0009-0000-6965-8116,Jakhongir Sadiev,Jakhongir,Sadiev,,200,
0009-0000-6980-2982,Jacob Jameson,Jacob,Jameson,,200,
0009-0000-7023-2729,Justin Reed,Justin,Reed,,200,
0009-0000-7085-2557,Armelle Duston,Armelle,Duston,,200,
0009-0000-7112-6098,Silvi Salhotra,Silvi,Salhotra,,200,
0009-0000-7118-3906,Alicia Johnston,Alicia,Johnston,,200,
0009-0000-7121-7571,Russell Seitz,Russell,Seitz,,200,
0009-0000-7123-761X,Wai Yar Aung,Wai Yar,Aung,,200,
0009-0000-7145-9714,Steven Clancy,Steven,Clancy,,200,
0009-0000-7157-0981,Alisha Nanji,Alisha,Nanji,,200,
0009-0000-7171-6039,Simon Saradzhyan,Simon,Saradzhyan,,200,
0009-0000-7238-6545,Lucia Millham,Lucia,Millham,,200,
0009-0000-7255-7279,Kayla Mathieu,Kayla,Mathieu,,200,
0009-0000-7273-2081,Erica Chen,Erica,Chen,,200,
0009-0000-7299-6423,Antonina Kilian,Antonina,Kilian,,200,
0009-0000-7305-2563,Yichen Jiang,Yichen,Jiang,,200,
0009-0000-7444-8746,Rachel Kanter,Rachel,Kanter,Rachel Kanter,200,
0009-0000-7446-1203,Valerie Cavanaugh,Valerie,Cavanaugh,,200,
0009-0000-7446-4930,Guo Cheng,Guo,Cheng,,200,
0009-0000-7448-9871,Olivia Horne Horne,Olivia Horne,Horne,,200,
0009-0000-7451-1135,Andrew Peters,Andrew,Peters,,200,
0009-0000-7451-3886,ZHANG KE,Ke,Zhang,ZHANG KE,200,
0009-0000-7472-6312,Janet Berrios Wallace,Janet,Berrios Wallace,Janet Berrios Wallace,200,
0009-0000-7509-736X,Mustapha  Ahmed,Mustapha ,Ahmed,,200,
0009-0000-7534-0665,Nat Rose,Nat Rose,,,200,
0009-0000-7541-9867,Amy Vo,Amy,Vo,,200,
0009-0000-7575-3099,Zhilu Chen,Zhilu,Chen,,200,
0009-0000-7580-9769,Alexander  Vega,Alexander ,Vega,,200,
0009-0000-7603-087X,Asmaa Khudari,Asmaa,Khudari,,200,
0009-0000-7603-634X,Alice Chen,Alice Chen,,,200,
0009-0000-7628-9435,Meiling Yordy,Meiling,Yordy,,200,
0009-0000-7631-0492,Tina Mir,Tina,Mir,,200,
0009-0000-7640-8801,Taehoon Im,Taehoon,Im,,200,
0009-0000-7653-3223,Yining Zha,Yining,Zha,,200,
0009-0000-7665-5706,Joel Cilento-Ross,Joel,Cilento-Ross,,200,
0009-0000-7681-3794,Ryota Sato,Ryota,Sato,,200,
0009-0000-7694-8752,Irene Tong,Irene,Tong,,200,
0009-0000-7707-6503,Luke Apisa,Luke,Apisa,,200,
0009-0000-7714-7092,Caleb Feuerbacher,Caleb,Feuerbacher,,200,
0009-0000-7729-0569,Andreas Tziotis,Andreas,Tziotis,,200,
0009-0000-7750-0677,Leonardo Scoccia,Leonardo,Scoccia,,200,
0009-0000-7789-5875,Dimuthu Vithanage,Dimuthu,Vithanage,,200,
0009-0000-7795-2753,David Hansen,David,Hansen,,200,
0009-0000-7795-2905,Leonor Sierra,Leonor,Sierra,,200,
0009-0000-7804-647X,Arek V. Melkonian,Arek,Melkonian,Arek V. Melkonian,200,
0009-0000-7815-7460,Cameron M. Curtin,Cameron,Curtin,Cameron M. Curtin,200,
0009-0000-7900-1994,Jonah Lubin,Jonah,Lubin,,200,
0009-0000-7921-1828,Eric Ordonez,Eric,Ordonez,,200,
0009-0000-7923-3234,Theodora Michaelides,Theodora Michaelides,,,200,
0009-0000-7939-8688,Kavya Kadia,Kavya,Kadia,,200,
0009-0000-8017-004X,Anne-Marie Anagnostopoulos,Anne-Marie,Anagnostopoulos,,200,
0009-0000-8046-1891,Elizabeth Moore,Elizabeth,Moore,,200,
0009-0000-8090-172X,Dakota Roundtree-Swain,Dakota,Roundtree-Swain,,200,
0009-0000-8110-7675,Blas Kozicki,Blas,Kozicki,,200,
0009-0000-8224-7733,Claire Stoddard,Claire,Stoddard,,200,
0009-0000-8230-884X,Montserrat Pineda Rosales,Montserrat,Pineda Rosales,,200,
0009-0000-8235-1610,Mel Velasco Velarde Velarde,Mel Velasco Velarde,Velarde,,200,
0009-0000-8239-5541,欧 航空港,欧,航空港,,200,
0009-0000-8248-873X,Rodrigo Gonzalez,Rodrigo,Gonzalez,,200,
0009-0000-8287-1181,Michael Pope,Michael,Pope,,200,
0009-0000-8324-0760,Christopher McNair,Christopher,McNair,,200,
0009-0000-8325-787X,Manuel Ramses Martinez Flores,Manuel Ramses,Martinez Flores,,200,
0009-0000-8328-9695,Nora Friedman,Nora,Friedman,,200,
0009-0000-8352-8254,Yea Jee Cha,Yea Jee,Cha,,200,
0009-0000-8376-7992,Hannah Desouza,Hannah,Desouza,,200,
0009-0000-8442-8642,Md Habibul Islam Safin Safin,Md Habibul Islam Safin,Safin,,200,
0009-0000-8513-6035,Asemare Taddese,Asemare,Taddese,,200,
0009-0000-8525-3514,Hollie Elizabeth Anne  Buttery,Hollie Elizabeth Anne ,Buttery,,200,
0009-0000-8540-452X,Sonja Johnson-Yu,Sonja,Johnson-Yu,,200,
0009-0000-8549-3171,Eric Bigelow,Eric,Bigelow,,200,
0009-0000-8556-5999,Sophia Paravalos,Sophia Paravalos,,,200,
0009-0000-8591-4802,Harris Billings,Harris,Billings,,200,
0009-0000-8596-0630,SHUYING CHEN,SHUYING,CHEN,,200,
0009-0000-8637-2451,Tong Ding,Tong,Ding,,200,
0009-0000-8649-4897,Sarah E Johnson,Sarah E,Johnson,,200,
0009-0000-8656-7590,Isaias Ghezae,Isaias,Ghezae,,200,
0009-0000-8667-7028,Barry Rosenblum,Barry,Rosenblum,,200,
0009-0000-8669-9729,Jeannette Garcia Coppersmith,Jeannette,Garcia Coppersmith,,200,
0009-0000-8680-8075,TJ Tryon,TJ,Tryon,,200,
0009-0000-8748-5546,Hope Dehnert,Hope,Dehnert,,200,
0009-0000-8762-9271,wiam fajri,wiam,fajri,,200,
0009-0000-8772-3997,Rose Lin,Rose,Lin,,200,
0009-0000-8900-7273,Kartikeya Bhatotia,Kartikeya,Bhatotia,,200,
0009-0000-8903-5477,Caysie Harvey,Caysie,Harvey,,200,
0009-0000-8913-917X,Daniel C Snow,Daniel C,Snow,,200,
0009-0000-8922-2870,Hadley Nunn,Hadley Nunn,,,200,
0009-0000-8953-1622,Charles Mack Phillips,Charles Mack,Phillips,,200,
0009-0000-8962-7843,Evan Moss Carter,Evan Moss Carter,,,200,
0009-0000-8985-0965,华 小,华,小,,200,
0009-0000-8988-0216,Safwan Sarker,Safwan,Sarker,,200,
0009-0000-9009-4554,Michael Poeschla,Michael,Poeschla,,200,
0009-0000-9025-1396,Wenzhu Ye,Wenzhu,Ye,,200,
0009-0000-9038-6725,Mark Li,Mark,Li,,200,
0009-0000-9045-0117,Amanda Yarnell,Amanda,Yarnell,,200,
0009-0000-9047-8611,Chaoshen Zhang,Chaoshen,Zhang,,200,
0009-0000-9055-3140,Elisabeth Sylvan,Elisabeth,Sylvan,,200,
0009-0000-9070-4009,Pratiksha Mishra,Pratiksha,Mishra,Pratiksha Mishra,200,
0009-0000-9114-7902,Michelle Yue,Michelle,Yue,,200,
0009-0000-9123-6526,Oriana Gjini,Oriana,Gjini,Oriana Gjini,200,
0009-0000-9126-077X,Jose De León-González,Jose Angel,De Leon Gonzalez,Jose De León-González,200,
0009-0000-9127-2498,Morgan Jane Glass,Morgan Jane,Glass,,200,
0009-0000-9136-2880,Daranie Pin,Daranie,Pin,,200,
0009-0000-9152-8000,Lina Alzahrani,Lina,Alzahrani,,200,
0009-0000-9218-2339,Graciela Rodríguez González,Graciela,Rodríguez González,,200,
0009-0000-9241-8620,CHRISTINA KOUSPAROU,CHRISTINA,KOUSPAROU,,200,
0009-0000-9253-906X,Hannah Burrows,Hannah,Burrows,,200,
0009-0000-9290-5023,Harvard CGBC,Harvard CGBC,,,200,
0009-0000-9318-9815,Shengyuan Lu,Shengyuan,Lu,,200,
0009-0000-9334-3296,Chaya Shor,Chaya,Shor,,200,
0009-0000-9355-638X,Arya Tschand,Arya Tschand,,,200,
0009-0000-9374-3900,Dylan Wu,Dylan,Wu,,200,
0009-0000-9450-6202,ZOXIDAXON IZATULLAYEVA,ZOXIDAXON,IZATULLAYEVA,,200,
0009-0000-9458-6871,Bryan Peng Jun Wang,Bryan Peng Jun,Wang,,200,
0009-0000-9475-2833,J Michael  Griffin,J Michael ,Griffin,,200,
0009-0000-9476-9723,Khizr Imran Tajammul,Khizr Imran,Tajammul,,200,
0009-0000-9485-9083,Stacie Cassat Green Green,Stacie Cassat Green,Green,,200,
0009-0000-9542-2596,Shuo Cai,Shuo,Cai,,200,
0009-0000-9568-5978,Alaa Ragab Hani,Alaa,Ragab Hani,,200,
0009-0000-9570-8252,Bryce  Tiglon,Bryce ,Tiglon,,200,
0009-0000-9623-0393,Emily H. Roh,Emily,Roh,Emily H. Roh,200,
0009-0000-9641-4926,Lauren Kageler,Lauren,Kageler,,200,
0009-0000-9653-1735,Tavishi Choudhary,Tavishi,Choudhary,,200,
0009-0000-9656-1221,Sunghyun Cho,Sunghyun,Cho,,200,
0009-0000-9667-9051,"Abhya Vij, Abhya Panya Vij, Panya Vij","Abhya Vij, Abhya Panya Vij, Panya Vij",,,200,
0009-0000-9687-7277,Penelope Trunk,Penelope,Trunk,,200,
0009-0000-9715-5663,Max Spohn,Max,Spohn,,200,
0009-0000-9715-8768,Larry  Beeferman,Larry ,Beeferman,,200,
0009-0000-9743-5534,Krittika Paul,Krittika Paul,,,200,
0009-0000-9752-8343,Khachatur Hakobyan,Khachatur,Hakobyan,,200,
0009-0000-9762-6701,Jan P. Hatcher,Jan P.,Hatcher,,200,
0009-0000-9789-3156,Ye Chua,Ye,Chua,,200,
0009-0000-9858-6596,Yanira Posadas,Yanira,Posadas,,200,
0009-0000-9861-6070,Seth Estrin,Seth,Estrin,,200,
0009-0000-9880-475X,ohm hareesh kundurthy,ohm hareesh,kundurthy,,200,
0009-0000-9887-2568,Yixian Xu,Yixian,Xu,,200,
0009-0000-9909-2336,Xiaolei Song,Xiaolei,Song,,200,
0009-0000-9912-0042,Young Jae Koh,Young Jae,Koh,,200,
0009-0000-9956-6028,Julia Zhu,Julia,Zhu,,200,
0009-0000-9976-3478,Yuhang Zhao,Yuhang,Zhao,,200,
0009-0000-9979-0556,Morgan Tomberlin,Morgan,Tomberlin,,200,
0009-0001-0047-4615,Matan Eshed,Matan,Eshed,,200,
0009-0001-0059-8589,Michael Cai,Michael Cai,,,200,
0009-0001-0064-9657,Sean Manross,Sean,Manross,,200,
0009-0001-0088-7268,"Maxwell, Max Lee","Maxwell, Max",Lee,,200,
0009-0001-0092-8883,A CC,A,CC,,200,
0009-0001-0161-4958,Yujun Wu,Yujun,Wu,,200,
0009-0001-0166-6563,Jill Poulsen,Jill,Poulsen,,200,
0009-0001-0196-4915,Ruth Samuel,Ruth,Samuel,,200,
0009-0001-0205-3910,Varsha Subramanyam,Varsha,Subramanyam,,200,
0009-0001-0261-2874,Eric Alfuth,Eric,Alfuth,,200,
0009-0001-0269-5403,Sophia Werdin,Sophia,Werdin,,200,
0009-0001-0292-2661,Roka Kakehi,Roka,Kakehi,,200,
0009-0001-0316-7362,Jake Tomlinson,Jake,Tomlinson,,200,
0009-0001-0345-5700,Timothy Sun,Timothy,Sun,,200,
0009-0001-0350-6299,Claire Wynne,Claire Wynne,,,200,
0009-0001-0357-9690,Anastasiya Kravchuk-Kirilyuk,Anastasiya,Kravchuk-Kirilyuk,,200,
0009-0001-0368-7616,Cecilia Needham,Cecilia,Needham,,200,
0009-0001-0387-4112,Genia Lukin,Genia,Lukin,,200,
0009-0001-0395-8455,ARNOB DAS,ARNOB,DAS,,200,
0009-0001-0431-6710,I-Ting Huang,I-Ting Huang,,,200,
0009-0001-0464-5063,Iandra Ramos,Iandra,Ramos,,200,
0009-0001-0477-253X,Brenda  Lopes ,Brenda ,Lopes ,,200,
0009-0001-0478-0636,Ben Littlejohn,Ben,Littlejohn,,200,
0009-0001-0487-2530,Hannah Block,Hannah,Block,,200,
0009-0001-0528-0377,Adnan Adrian Wood-Smith,Adnan Adrian,Wood-Smith,,200,
0009-0001-0541-9981,Lucy May Curham,Lucy May,Curham,,200,
0009-0001-0570-4715,preethi kolluru ramanaiah,preethi,kolluru ramanaiah,preethi kolluru ramanaiah,200,
0009-0001-0584-8364,Nicholas Balisciano,Nicholas,Balisciano,,200,
0009-0001-0595-0289,Peter William Johnston,Peter William,Johnston,,200,
0009-0001-0603-440X,Pilar  Ocampo Pizano,Pilar ,Ocampo Pizano,,200,
0009-0001-0621-7687,Angelina Yihan Zhang,Angelina Yihan,Zhang,,200,
0009-0001-0632-4837,Brandon Mulcunry,Brandon,Mulcunry,,200,
0009-0001-0637-0921,Sonal Singh,Sonal,Singh,,200,
0009-0001-0680-5083,Karly Chan,Karly,Chan,,200,
0009-0001-0712-1599,Siobhan Kelly,Siobhan,Kelly,,200,
0009-0001-0712-436X,Christopher Fanta,Christopher,Fanta,,200,
0009-0001-0714-4723,R Bradley Snyder,Russell Bradley,Snyder,R Bradley Snyder,200,
0009-0001-0727-3111,Vanessa Beltran Loza,Vanessa,Beltran Loza,,200,
0009-0001-0757-4336,Gaia-Marie  Gerbaka,Gaia-Marie ,Gerbaka,,200,
0009-0001-0757-5777,Sabine Himmelseher,Sabine,Himmelseher,,200,
0009-0001-0779-4486,Ryan Pogemiller,Ryan Pogemiller,,,200,
0009-0001-0822-2447,Diana Siganoff,Diana,Siganoff,,200,
0009-0001-0832-6254,Andriy  Fedorenko,Andriy ,Fedorenko,,200,
0009-0001-0880-8253,Madeleine Kingan,Madeleine,Kingan,,200,
0009-0001-0883-454X,Sophie Roth,Sophie,Roth,,200,
0009-0001-0891-0477,Pengwei Sui,Pengwei,Sui,,200,
0009-0001-0902-9630,Michail Andreopoulos ,Michail,Andreopoulos ,,200,
0009-0001-0922-9640,Sam Muhanguzi,Sam,Muhanguzi,,200,
0009-0001-0928-6514,Gerri Duka,Gerri,Duka,,200,
0009-0001-0951-5030,Ishaan Singh Chandok,Ishaan Singh,Chandok,,200,
0009-0001-0962-2119,Imani Fonfield,Imani,Fonfield,,200,
0009-0001-0983-7726,Ernest Castro Lee,Ernest Castro,Lee,,200,
0009-0001-0986-3465,Eben  Philbin,Eben ,Philbin,,200,
0009-0001-1027-5142,Lauren Taylor,Lauren,Taylor,,200,
0009-0001-1035-9522,Soyoun Moon,Soyoun,Moon,,200,
0009-0001-1043-1643,John Warner,John,Warner,,200,
0009-0001-1060-8963,Kira Fagerstrom,Kira,Fagerstrom,,200,
0009-0001-1075-0660,Elizabeth Brock,Elizabeth,Brock,,200,
0009-0001-1141-4909,Efrene Sakilayan,Efrene,Sakilayan,,200,
0009-0001-1144-6345,Callie García,Callie,García,,200,
0009-0001-1155-0337,Lisa,Lisa,,,200,
0009-0001-1171-918X,Sarah Hearns,Sarah,Hearns,,200,
0009-0001-1204-3679,asmaa ahmed,asmaa,ahmed,,200,
0009-0001-1208-7284,Lukman Hassan Hallaj Shafi Vedaralalage,Lukman Hassan Hallaj Shafi,Vedaralalage,,200,
0009-0001-1221-1505,Paula Rodriguez-Diaz,Paula,Rodriguez-Diaz,,200,
0009-0001-1264-1943,Zijing Zhu,Zijing,Zhu,,200,
0009-0001-1268-1654,Frederick Umminger,Frederick,Umminger,,200,
0009-0001-1269-4842,Valeria Merino,Valeria,Merino,,200,
0009-0001-1301-1230,Sarah Kennedy Bates,Sarah,Kennedy Bates,,200,
0009-0001-1459-022X,Sanjana Kattera,Sanjana,Kattera,,200,
0009-0001-1461-1860,Emmeline Cordingley,Emmeline,Cordingley,,200,
0009-0001-1471-5360,Chaomei Wang,Chaomei,Wang,,200,
0009-0001-1487-1611,Marco D'Alessandro,Marco,D'Alessandro,,200,
0009-0001-1507-1616,DIVYA MIRGH,DIVYA,MIRGH,,200,
0009-0001-1514-3288,Toshiaki Komura,Toshiaki,Komura,,200,
0009-0001-1518-1663,Rodney Chan,Rodney,Chan,,200,
0009-0001-1521-8753,Mingxuan Chen,Mingxuan,Chen,,200,
0009-0001-1547-8870,Edward Ngai,Edward,Ngai,,200,
0009-0001-1560-0063,Zander Chearavanont,Zander,Chearavanont,,200,
0009-0001-1587-1197,Emily Lawrence,Emily,Lawrence,,200,
0009-0001-1596-1221,Andy Keefe,Andy,Keefe,,200,
0009-0001-1615-1474,Brice Bakkali-Hassani,Brice Bakkali-Hassani,,,200,
0009-0001-1616-4507,Lucas Do,Lucas,Do,,200,
0009-0001-1676-5855,Yuxin Bai,Yuxin,Bai,,200,
0009-0001-1697-0875,Lúcio Vinhas de Souza,Lúcio,Vinhas de Souza,,200,
0009-0001-1733-1311,Bart Lodder,Bart,Lodder,,200,
0009-0001-1746-7315,Hung Mac Chan Le,Hung Mac Chan,Le,,200,
0009-0001-1780-0587,Dean Wajdi Zeineddine,Dean Wajdi,Zeineddine,,200,
0009-0001-1797-6945,Margaret R. Chou,Margaret R.,Chou,Margaret R. Chou,200,
0009-0001-1854-6357,M1T4U,M1T4U,,,200,
0009-0001-1878-7484,Hosheng Chiang,Hosheng,Chiang,,200,
0009-0001-1880-7027,Chelsea Marie Lam,Chelsea Marie,Lam,,200,
0009-0001-1916-5476,Ji-Eun Kim,Ji-Eun Kim,,,200,
0009-0001-1923-8823,"Alaq Haddad, MD","Alaq Haddad, MD",,,200,
0009-0001-1973-4042,PEI YAO SIMON MA,PEI YAO SIMON,MA,,200,
0009-0001-2051-2340,Naeema Hopkins-Kotb,Naeema Hopkins-Kotb,,,200,
0009-0001-2058-5267,Katherine Catulle,Katherine,Catulle,,200,
0009-0001-2061-6318,Shoghik Mikayelyan,Shoghik,Mikayelyan,,200,
0009-0001-2080-030X,Simaa Simaa,Simaa,Simaa,,200,
0009-0001-2082-4619,Robret Erickson,Robret,Erickson,,200,
0009-0001-2145-041X,Luca Del Deo,Luca,Del Deo,,200,
0009-0001-2160-8790,"Russell C Tontz, III, MD, MPH",Russell C.,"Tontz, III","Russell C Tontz, III, MD, MPH",200,
0009-0001-2170-8089,Arvid E. Gollwitzer,Arvid E.,Gollwitzer,,200,
0009-0001-2190-2359,Caitlin Laughlin,Caitlin,Laughlin,,200,
0009-0001-2209-1412,Alyssa,Alyssa,,,200,
0009-0001-2256-550X,Lorenzo  Gatta,Lorenzo ,Gatta,,200,
0009-0001-2266-0363,He Sun,He,Sun,,200,
0009-0001-2267-4589,Xin Jiang,Xin,Jiang,,200,
0009-0001-2272-9578,Britania Walters,Britania,Walters,,200,
0009-0001-2278-2619,Rachel Librett,Rachel,Librett,,200,
0009-0001-2282-6810,Soojung Lee,Soojung,Lee,,200,
0009-0001-2304-2292,Alexander Douglas,Alexander,Douglas,,200,
0009-0001-2310-4967,John Ward,John,Ward,,200,
0009-0001-2321-885X,Ian Kelk,Ian,Kelk,,200,
0009-0001-2383-2083,Nana Komoriya,Nana,Komoriya,,200,
0009-0001-2455-6455,Ilkim Karakus,Ilkim,Karakus,,200,
0009-0001-2466-0228,Aran Sonnad-Joshi,Aran,Sonnad-Joshi,,200,
0009-0001-2470-7030,Catherine Hayes,Catherine,Hayes,,200,
0009-0001-2474-5512,Valentine Gilbert,Valentine,Gilbert,,200,
0009-0001-2478-356X,Gabriella Seiler,Gabriella,Seiler,,200,
0009-0001-2521-4908,Ewelina Nowak,Ewelina,Nowak,,200,
0009-0001-2526-485X,Fei Yuan,Fei,Yuan,,200,
0009-0001-2527-701X,Olivia Zhao,Olivia,Zhao,,200,
0009-0001-2547-1533,Andrew K Mlynarchik,Andrew K,Mlynarchik,Andrew K Mlynarchik,200,
0009-0001-2562-1976,Morgan Cooper,Morgan,Cooper,,200,
0009-0001-2602-4612,Kate Strangfeld,Kate Strangfeld,,,200,
0009-0001-2608-4009,Anthony Eliot Striker,Anthony Eliot,Striker,,200,
0009-0001-2611-196X,Rania AL Wandi,Rania,AL Wandi,,200,
0009-0001-2634-8916,David Armo,David,Armo,,200,
0009-0001-2658-3510,HyoJeon Kim,HyoJeon,Kim,,200,
0009-0001-2665-2571,Sijia Li,Sijia,Li,,200,
0009-0001-2752-8089,Riley Flynn,Riley Flynn,,,200,
0009-0001-2775-7017,Raunak Vijay,Raunak,Vijay,,200,
0009-0001-2780-6405,Haiyang Zhang,Haiyang,Zhang,,200,
0009-0001-2780-715X,Jingwen Zhang,Jingwen,Zhang,,200,
0009-0001-2826-4732,Aya Jawad,Aya,Jawad,,200,
0009-0001-2848-1008,Sanjana Mandala,Sanjana,Mandala,,200,
0009-0001-2869-4409,Beikl Liu,Beikl,Liu,,200,
0009-0001-2877-9437,Ashley Hurst,Ashley,Hurst,,200,
0009-0001-2880-484X,Liam Brennan-McCann,Liam,Brennan-McCann,,200,
0009-0001-2926-7003,Mary  Thompson,Mary ,Thompson,,200,
0009-0001-3031-1462,Lauren Shabazian,Lauren,Shabazian,,200,
0009-0001-3096-9942,Rohith Sajith,Rohith,Sajith,,200,
0009-0001-3116-3780,Avneesh Verma,Avneesh,Verma,,200,
0009-0001-3122-3165,Caroline Lee,Caroline Lee,,,200,
0009-0001-3138-257X,Emma Adler,Emma,Adler,,200,
0009-0001-3153-3913,Amy Besaw Medford,Amy Besaw,Medford,,200,
0009-0001-3182-4200,Juan Li,Juan,Li,,200,
0009-0001-3183-1865,Nicholas Oshry,Nicholas,Oshry,,200,
0009-0001-3190-9052,Tianfang Shen,Tianfang,Shen,,200,
0009-0001-3200-0393,Miri Bar- Halpern Hobin,Miri,Bar- Halpern Hobin,,200,
0009-0001-3277-9253,Saira Prasanth,Saira,Prasanth,,200,
0009-0001-3302-2084,"Ben, Benjamin Mazel","Ben, Benjamin",Mazel,,200,
0009-0001-3312-7134,Hayden Patterson,Hayden,Patterson,,200,
0009-0001-3327-9410,Christian Bonilla ,Christian Bonilla ,,,200,
0009-0001-3341-3595,Kimberlee Anne Campbell,Kimberlee Anne,Campbell,,200,
0009-0001-3360-6071,Milena Chaufan,Milena Chaufan,,,200,
0009-0001-3378-4513,Ondrej Vesely,Ondrej,Vesely,,200,
0009-0001-3389-419X,Matthew Ackerman,Matthew,Ackerman,,200,
0009-0001-3397-8094,Yetong Xu,Yetong,Xu,,200,
0009-0001-3425-432X,Dispensary orlando  university,Dispensary orlando ,university,,200,
0009-0001-3462-5178,Eleanor Frechette,Eleanor,Frechette,,200,
0009-0001-3530-1191,Maxwell Kounga,Maxwell,Kounga,,200,
0009-0001-3547-3364,Ozge Yildiz,Ozge,Yildiz,,200,
0009-0001-3562-8776,Karin Stromswold ,Karin,Stromswold ,,200,
0009-0001-3568-6634,Michelle  Bosché,Michelle, Bosché,,200,
0009-0001-3574-1576,Karen Greenberg,Karen,Greenberg,,200,
0009-0001-3615-6942,Charles Wulff,Charles,Wulff,,200,
0009-0001-3624-4563,Temazulu Zulu,Temazulu,Zulu,,200,
0009-0001-3666-9115,Karina Lezgiyeva,Karina,Lezgiyeva,,200,
0009-0001-3668-9976,Kevin Ryan,Kevin,Ryan,,200,
0009-0001-3674-2028,David Hannan,David,Hannan,,200,
0009-0001-3742-8823,John Meister,John,Meister,,200,
0009-0001-3776-2848,Sraavya Sambara,Sraavya Sambara,,,200,
0009-0001-3796-7747,Lujing Chen,Lujing,Chen,,200,
0009-0001-3826-383X,TAMARA SANDERSON,TAMARA,SANDERSON,,200,
0009-0001-3841-6330,Haichuan Wang,Haichuan,Wang,,200,
0009-0001-3868-1118,James Prosper Chen,James,Chen,James Prosper Chen,200,
0009-0001-3872-3699,Kumar Krishnan,Kumar,Krishnan,,200,
0009-0001-3930-3530,Katherine Zeng,Katherine Zeng,,,200,
0009-0001-3943-4637,Valentin BADEA,Valentin,BADEA,,200,
0009-0001-3962-5636,Noah Kassis,Noah,Kassis,,200,
0009-0001-3972-0537,Evan Lynch,Evan,Lynch,,200,
0009-0001-3992-7888,Kangni Huang,Kangni,Huang,,200,
0009-0001-4027-9689,Jon Woodward,Jon,Woodward,,200,
0009-0001-4039-8274,NINGHE SUN,NINGHE,SUN,,200,
0009-0001-4043-022X,stacie simon,stacie,simon,,200,
0009-0001-4073-4186,Shiza Butt,Dr Shiza,Butt,Shiza Butt,200,
0009-0001-4124-5501,jack lovell Lovell,jack lovell,Lovell,,200,
0009-0001-4152-0489,Giorgia Bove,Giorgia,Bove,,200,
0009-0001-4184-3464,Alexander Ko,Alexander,Ko,Alexander Ko,200,
0009-0001-4218-1765,Gerson Personnat,Gerson,Personnat,,200,
0009-0001-4234-240X,Abby Hayhurst,Abby,Hayhurst,,200,
0009-0001-4279-7420,Secquoia Cornelius ,Secquoia Cornelius ,,,200,
0009-0001-4292-096X,Amy Du,Yue,Du,Amy Du,200,
0009-0001-4296-0160,Lexuan LIU,Lexuan,LIU,,200,
0009-0001-4300-2001,Swati Puri,Swati,Puri,,200,
0009-0001-4311-7036,Victoria I. Cottrell,Victoria,Cottrell,Victoria I. Cottrell,200,
0009-0001-4354-4732,Yicong Jiang Jiang,Yicong Jiang,Jiang,,200,
0009-0001-4362-752X,Kevin Raskin,Kevin,Raskin,,200,
0009-0001-4364-1938,Koan Hemana,Koan,Hemana,,200,
0009-0001-4413-3759,Alexandra Vacroux,Alexandra,Vacroux,,200,
0009-0001-4491-9153,Zachary Wojtowicz,Zachary,Wojtowicz,,200,
0009-0001-4501-8402,Apolonia Gardner,Apolonia,Gardner,,200,
0009-0001-4527-6575,Julia Thulander,Julia,Thulander,,200,
0009-0001-4561-9013,Katie Krupa,Katie Krupa,,,200,
0009-0001-4569-3838,Asa Hartman,Asa,Hartman,,200,
0009-0001-4575-4987,Zazai Owens,Zazai,Owens,Zazai Owens,200,
0009-0001-4593-3264,Shucheng Kang,Shucheng,Kang,,200,
0009-0001-4595-4452,Andy Wang,Andy,Wang,Andy Wang,200,
0009-0001-4603-1836,Tanner Baldwin,Benjamin Tanner,Baldwin,Tanner Baldwin,200,
0009-0001-4628-5772,Guillermo Astudillo,Guillermo,Astudillo,,200,
0009-0001-4636-0701,Kimberly Huynh,Kimberly,Huynh,,200,
0009-0001-4653-4652,Leanne Ho,Leanne,Ho,Leanne Ho,200,
0009-0001-4666-0851,Christina Matta,Christina,Matta,,200,
0009-0001-4712-4006,Natasha  Lleonora,Natasha ,Lleonora,,200,
0009-0001-4712-9739,Anaya Zachery,Anaya,Zachery,,200,
0009-0001-4719-4581,Bailey Smith,Bailey,Smith,,200,
0009-0001-4776-3297,Sennan Wang,Sennan,Wang,,200,
0009-0001-4789-3032,Shriya Srikanth,Shriya,Srikanth,,200,
0009-0001-4794-6093,Alexis Buckley,Alexis,Buckley,,200,
0009-0001-4838-4504,Cordelia Isbell,Cordelia,Isbell,,200,
0009-0001-4839-2715,Yaxian Zhou,Yaxian,Zhou,,200,
0009-0001-4861-4293,Alexander Lee,Alexander Lee,,,200,
0009-0001-4927-7794,Denisse Lopez Flores,Denisse,Lopez,Denisse Lopez Flores,200,
0009-0001-4959-2882,Suzanne Gouda,Suzanne,Gouda,,200,
0009-0001-4960-285X,Juliya Hsiang,Juliya,Hsiang,,200,
0009-0001-4971-7569,Nicolas L'Huillier,Nicolas,L'Huillier,,200,
0009-0001-4975-5557,Joseph  Andrew Lee,Joseph ,Andrew Lee,,200,
0009-0001-4980-307X,Ekaterina Kostioukhina,Ekaterina,Kostioukhina,,200,
0009-0001-5020-367X,L N F Cardoso,Laura,Nogueira de Faria Cardoso,L N F Cardoso,200,
0009-0001-5042-6021,Dennis Porto,Dennis,Porto,,200,
0009-0001-5061-7362,Natalie Slaughter,Natalie,Slaughter,,200,
0009-0001-5093-4106,Jason Jabbour,Jason,Jabbour,,200,
0009-0001-5094-3360,Srimayi Tenali,Srimayi,Tenali,,200,
0009-0001-5121-8777,Isabella Cao,Isabella Cao,,,200,
0009-0001-5130-8051,Chong Zhao,Chong,Zhao,,200,
0009-0001-5186-7873,Julio Avael,Julio,Avael,,200,
0009-0001-5206-9697,Oliver Fabrizio Carlos Bonilla,Oliver Fabrizio,Carlos Bonilla,,200,
0009-0001-5265-858X,Batuhan Kayalı,Batuhan,Kayalı,,200,
0009-0001-5277-7714,Charles Wyplosz,Charles,Wyplosz,,200,
0009-0001-5347-0116,Tina,Tina,,,200,
0009-0001-5349-8741,Mostafa  Ghorab,Mostafa ,Ghorab,,200,
0009-0001-5368-5221,Chris Dakopoulos,Chris,Dakopoulos,,200,
0009-0001-5448-4202,Mr. Ronit Avadhuta,Ronit,Avadhuta,Mr. Ronit Avadhuta,200,
0009-0001-5451-4168,3881- Prince Pipaliya,3881- Prince,Pipaliya,,200,
0009-0001-5474-5556,Conor Moran,Conor,Moran,,200,
0009-0001-5547-839X,Mantu Bhaumik,Mantu,Bhaumik,,200,
0009-0001-5553-5294,John Nicholas Jung Shumate,John Nicholas Jung,Shumate,,200,
0009-0001-5557-439X,Ívory DOTkamina,Ívory,DOTkamina,,200,
0009-0001-5569-4922,Kyra Rosen,Kyra,Rosen,,200,
0009-0001-5575-0285,Kamal Tarabine,Kamal,Tarabine,,200,
0009-0001-5595-961X,Jack MacDonald,Jack,MacDonald,,200,
0009-0001-5610-6467,John,John,,,200,
0009-0001-5633-4689,Helen Swift,Helen,Swift,,200,
0009-0001-5665-5490,Jad Mchaimech,Jad,Mchaimech,,200,
0009-0001-5680-8100,Melanie Orlowski,Melanie,Orlowski,,200,
0009-0001-5692-7572,Fucheng Warren Zhu,Fucheng Warren,Zhu,,200,
0009-0001-5751-2010,Ericka,Ericka,,,200,
0009-0001-5764-1306,Karen Teoh,Karen,Teoh,,200,
0009-0001-5765-545X,Lauren Dang,Lauren Dang,,,200,
0009-0001-5789-6130,Kailey Sultaire,Kailey,Sultaire,,200,
0009-0001-5874-3195,Dailin Luo,Dailin,Luo,,200,
0009-0001-5875-0168,CHRISTINE WANG,CHRISTINE,WANG,,200,
0009-0001-5889-9333,Elizabeth Vickery,Elizabeth,Vickery,,200,
0009-0001-5890-864X,Valentina de la Torre,Valentina,de la Torre,,200,
0009-0001-5895-4240,Heather Valenova Dayag,Heather Valenova,Dayag,,200,
0009-0001-5920-2817,Yosuke TAMURA,Yosuke,TAMURA,,200,
0009-0001-5971-9541,Diana Laura Díaz-Pérez,Diana Laura,Díaz-Pérez,,200,
0009-0001-5993-6941,Lara  Hindle,Lara ,Hindle,,200,
0009-0001-6008-7836,Gerald Cox,Gerald,Cox,,200,
0009-0001-6053-1749,Sarah Moses,Sarah,Moses,,200,
0009-0001-6070-2181,Sangha Kim,Sangha,Kim,,200,
0009-0001-6091-677X,Carter Tims,Carter,Tims,,200,
0009-0001-6101-7397,Ben Gregson,Ben,Gregson,,200,
0009-0001-6104-2568,Kirsten Burke,Kirsten,Burke,,200,
0009-0001-6128-7864,Acile Nahlawi,Acile,Nahlawi,,200,
0009-0001-6135-4916,Peter Marx,Peter,Marx,,200,
0009-0001-6154-1156,Jessica Freed,Jessica,Freed,,200,
0009-0001-6157-9007,Gabriela Petersen,Gabriela,Petersen,,200,
0009-0001-6171-159X,Thao Dinh,Thao,Dinh,,200,
0009-0001-6171-8388,Jie Zheng,Jie,Zheng,,200,
0009-0001-6230-5956,Pei-An Lee,Pei-An,Lee,,200,
0009-0001-6250-8446,Maria Mavroudi,Maria,Mavroudi,,200,
0009-0001-6290-4676,Gabrielle Mathew,Gabrielle Mathew,,,200,
0009-0001-6314-7849,Yun Saksena,Yun,Saksena,,200,
0009-0001-6346-0157,Rebecca Mak,Rebecca,Mak,,200,
0009-0001-6352-1757,Xugeng  Liu,Xugeng ,Liu,,200,
0009-0001-6366-9516,Ivan Ichet,Ivan,Ichet,,200,
0009-0001-6400-1753,Emily Hang,Emily Hang,,,200,
0009-0001-6407-2308,Ben Berger,Ben,Berger,,200,
0009-0001-6440-2020,Annie J. Park,Annie J.,Park,,200,
0009-0001-6441-8436,Fabio Enrique Parada Cabrera,Fabio Enrique,Parada Cabrera,,200,
0009-0001-6466-9489,Micah J. Fleck,Micah J.,Fleck,,200,
0009-0001-6493-6460,Isabella Silveira,Isabella Silveira,,,200,
0009-0001-6495-9849,Felipe Pereda,Felipe Pereda,,,200,
0009-0001-6512-0236,Alina Sima ,Alina Sima ,,,200,
0009-0001-6554-6640,Scholarya Publishing,Scholarya,Publishing,,200,
0009-0001-6558-3775,Martin Quinn,Martin,Quinn,,200,
0009-0001-6577-714X,Colleen Kelly,Colleen,Kelly,,200,
0009-0001-6621-3397,Kelly Ding,Kelly,Ding,,200,
0009-0001-6621-9211,Theo Tobel,Theo,Tobel,,200,
0009-0001-6703-0592,Goretti Teresa Gonzalez,Goretti,Gonzalez,Goretti Teresa Gonzalez,200,
0009-0001-6789-8383,Sandra Sucher,Sandra,Sucher,,200,
0009-0001-6790-1036,Layla Al-Zubi,Layla,Al-Zubi,,200,
0009-0001-6792-6188,Rohan Chopra,Rohan,Chopra,,200,
0009-0001-6840-0110,Shannon Ehmsen,Shannon,Ehmsen,,200,
0009-0001-6850-8885,Madeline Ward,Madeline,Ward,,200,
0009-0001-6932-3508,Matthew L. Russell,Matthew L.,Russell,,200,
0009-0001-6946-7018,Nolan Neu,Nolan,Neu,,200,
0009-0001-6970-3316,Frank Lu,Frank,Lu,,200,
0009-0001-6991-6805,Emilie Tu,Emilie,Tu,,200,
0009-0001-7006-8102,Dr. Shamell Bell,Dr. Shamell Bell,,,200,
0009-0001-7032-6597,Cedric-Pascal Sommer,Cedric-Pascal,Sommer,,200,
0009-0001-7037-0782,Adja Camara,Adja,Camara,,200,
0009-0001-7070-2847,Zachary Friske,Zachary,Friske,,200,
0009-0001-7093-5237,Juan C. Lara,Juan Camilo,Lara Calvo,Juan C. Lara,200,
0009-0001-7096-2518,Shi Larry Cao,Shi Larry,Cao,,200,
0009-0001-7121-0465,Yajin Zhao,Yajin,Zhao,,200,
0009-0001-7127-6341,Max,Max,,,200,
0009-0001-7138-3331,Rafee Qureshi,Rafee Qureshi,,,200,
0009-0001-7164-1150,Cassidy Shubatt,Cassidy,Shubatt,,200,
0009-0001-7192-6762,Gellila Asmamaw,Gellila,Asmamaw,,200,
0009-0001-7217-0661,Muhammad Aly Farhan,Muhammad Aly Farhan,,,200,
0009-0001-7232-8932,Quyen D. Nguyen,Quyen,Nguyen,Quyen D. Nguyen,200,
0009-0001-7234-318X,Christopher Y Shin,Christopher,Shin,Christopher Y Shin,200,
0009-0001-7264-3588,Hanzhang Zhao,Hanzhang,Zhao,,200,
0009-0001-7308-5581,Erica Farmer,Erica,Farmer,,200,
0009-0001-7341-7929,Kellie Solowski,Kellie Solowski,,,200,
0009-0001-7344-4636,Sonia Murthy,Sonia Murthy,,,200,
0009-0001-7346-4215,Xunan Wang,Xunan,Wang,,200,
0009-0001-7355-8027,Jack soncheng,Jack,soncheng,,200,
0009-0001-7371-4034,Emily Stolz,Emily,Stolz,,200,
0009-0001-7423-7890,Helen Zhang,Helen,Zhang,,200,
0009-0001-7433-4631,ANAN CHEN,ANAN,CHEN,,200,
0009-0001-7460-7054,Raja  Kourav ,Raja ,Kourav ,,200,
0009-0001-7463-7915,Hadi Khalaf,Hadi,Khalaf,,200,
0009-0001-7466-5879,Sarah Grill,Sarah,Grill,,200,
0009-0001-7472-0743,Nebiyat Eskndir,Nebiyat,Eskndir,,200,
0009-0001-7478-6881,Nina Cohodes,Nina,Cohodes,,200,
0009-0001-7486-6646,Viliam Brezani,Viliam,Brezani,,200,
0009-0001-7515-8457,Coco Holliday,Coco,Holliday,,200,
0009-0001-7544-9924,Hiba  Farhat,Hiba ,Farhat,,200,
0009-0001-7607-9654,Kaitlyn Hung,Kaitlyn,Hung,,200,
0009-0001-7618-5422,Fateme Hoshyarzare,Fateme,Hoshyarzare,,200,
0009-0001-7629-133X,Anastasia Iris Karkempetzaki,Anastasia Iris,Karkempetzaki,,200,
0009-0001-7652-3583,Patrick McLaren,Patrick,McLaren,,200,
0009-0001-7667-0807,Yiko Li,Yiko,Li,,200,
0009-0001-7722-2758,Hani Singer,Hani,Singer,,200,
0009-0001-7733-4899,Harion Custódio,Harion,Custódio,,200,
0009-0001-7757-2731,Michelle Shah,Michelle,Shah,,200,
0009-0001-7774-6826,Alexander Li,Alexander Li,,,200,
0009-0001-7800-0305,Nicolas Kubista,Nicolas,Kubista,,200,
0009-0001-7825-7995,Christian,Christian,,,200,
0009-0001-7827-0452,Urte Venclovaite,Urte,Venclovaite,,200,
0009-0001-7827-0778,Marina Hovhannisyan,Marina Hovhannisyan,,,200,
0009-0001-7830-5221,Qiannuo Lou,Qiannuo,Lou,,200,
0009-0001-7840-7076,JOHN HERMAN,JOHN,HERMAN,,200,
0009-0001-7846-1718,Katherine Spiegel,Katherine,Spiegel,,200,
0009-0001-7917-4796,David G. Behery,David,Behery,David G. Behery,200,
0009-0001-7928-6157,Idrissa I. Cisse,Idrissa I.,Cisse,,200,
0009-0001-7980-5906,Triscia Afihene,Triscia,Afihene,,200,
0009-0001-7988-6996,Mirika Jambudi Jambudi,Mirika Jambudi,Jambudi,,200,
0009-0001-8013-8645,Nana Yaa Amoh,Nana Yaa,Amoh,,200,
0009-0001-8016-726X,Mohammed M.  Al Ezzi,Mohammed M. ,Al Ezzi,,200,
0009-0001-8039-290X,Alexis Turner,Alexis,Turner,,200,
0009-0001-8083-6515,Michelle,Michelle,,,200,
0009-0001-8122-3139,Shyla Magdalena Bhimani,Shyla Magdalena,Bhimani,,200,
0009-0001-8152-6404,Dingjingyu Zhou,Dingjingyu,Zhou,,200,
0009-0001-8157-0413,William Hassel,William,Hassel,,200,
0009-0001-8165-2435,Sophia Maite Magdalena Goeppinger,Sophia Maite Magdalena,Goeppinger,,200,
0009-0001-8192-3725,Jessica Broach,Jessica Broach,,,200,
0009-0001-8199-7978,Sarah  Taha,Sarah ,Taha,,200,
0009-0001-8230-1477,Kevin Felix,Kevin,Felix,,200,
0009-0001-8233-1510,Ellie Jackson,Ellie,Jackson,,200,
0009-0001-8238-9309,Aarav Sinha,Aarav,Sinha,,200,
0009-0001-8273-5945,Frank Lehman,Frank,Lehman,,200,
0009-0001-8285-7424,Isabella  Sobolewski ,Isabella ,Sobolewski ,,200,
0009-0001-8291-0002,Ebrahim,Ebrahim,,,200,
0009-0001-8367-5622,Andrew Choe,Andrew,Choe,,200,
0009-0001-8383-6975,Emire Cihan Yuksel,Emire Cihan,Yuksel,,200,
0009-0001-8384-6786,Roshan Kenia,Roshan,Kenia,,200,
0009-0001-8483-6504,William Ronchetti,William,Ronchetti,,200,
0009-0001-8488-6720,Alexandra Witte,Alexandra Witte,,,200,
0009-0001-8513-6366,Michael Slater,Michael,Slater,,200,
0009-0001-8552-369X,Nicholas Andrysiak,Nicholas,Andrysiak,,200,
0009-0001-8610-2037,Candicee Childs,Candicee,Childs,,200,
0009-0001-8620-7429,Mustakim Rahman ,Mustakim Rahman ,,,200,
0009-0001-8665-2522,Austin Fergusson,Austin,Fergusson,,200,
0009-0001-8668-396X,Aneesh Mazumder,Aneesh,Mazumder,,200,
0009-0001-8668-8867,Tetiana Matviiuk,Tetiana,Matviiuk,,200,
0009-0001-8693-452X,Isaiah Freeman,Isaiah,Freeman,,200,
0009-0001-8739-1678,Peter Volberding,Peter,Volberding,,200,
0009-0001-8747-7252,Camran Mani,Camran,Mani,,200,
0009-0001-8764-0611,Xingren Wang,Xingren,Wang,,200,
0009-0001-8774-9772,Léa Roth,Léa,Roth,,200,
0009-0001-8782-7558,Emily E. Hughes,Emily,Hughes,Emily E. Hughes,200,
0009-0001-8782-850X,Cassandra Cole,Cassandra,Cole,,200,
0009-0001-8788-7702,Emre R. Alca,Emre R.,Alca,,200,
0009-0001-8808-6560,Lucy G. Lee,Lucy,Lee,Lucy G. Lee,200,
0009-0001-8835-4123,Pooja  Singu,Pooja ,Singu,,200,
0009-0001-8848-8324,Jing Sun,Jing,Sun,,200,
0009-0001-8849-138X,Crane Sarris,Crane,Sarris,,200,
0009-0001-8895-0953,Feshop cc,Feshop,cc,,200,
0009-0001-8909-9689,Jiwon Lee,Jiwon,Lee,,200,
0009-0001-8940-6773,Jonah Downs,Jonah,Downs,,200,
0009-0001-8954-1836,Diya Gheewala,Diya,Gheewala,,200,
0009-0001-8958-9717,Dr. Glenn Jakobsen,Glenn,Jakobsen,Dr. Glenn Jakobsen,200,
0009-0001-9000-224X,Michael Yue,Michael,Yue,,200,
0009-0001-9002-0368,Amogelang  Mahuma,Amogelang ,Mahuma,,200,
0009-0001-9002-0747,Taegyun Lim,Taegyun,Lim,,200,
0009-0001-9020-5186,Eric Yu,Eric,Yu,,200,
0009-0001-9053-4545,Ly Tran,Ly,Tran,,200,
0009-0001-9079-1672,Celia Eckert,Celia,Eckert,,200,
0009-0001-9089-6909,Rose O'Connor,Rose,O'Connor,,200,
0009-0001-9113-4906,Alexia  Fayd’herbe ,Alexia ,Fayd’herbe ,,200,
0009-0001-9126-7303,Cameron Adkins,Cameron Adkins,,,200,
0009-0001-9130-0249,Joseph Rone,Joseph,Rone,,200,
0009-0001-9141-8394,Alexander Hernandez,Alexander,Hernandez,,200,
0009-0001-9145-3464,Salmaan Mirza,Salmaan,Mirza,,200,
0009-0001-9157-5461,Samuel Piascik,Samuel,Piascik,,200,
0009-0001-9177-2051,Jorge Alejandro Arias-Vega,Jorge Alejandro,Arias-Vega,,200,
0009-0001-9224-754X,Abril,Abril,,,200,
0009-0001-9231-6787,Pierfrancesco Mei,Pierfrancesco,Mei,,200,
0009-0001-9233-4344,Denis,Denis,,,200,
0009-0001-9237-9323,Jaewon Chang,Jaewon,Chang,,200,
0009-0001-9243-2593,Jackson Thomas Anderson,Jackson Thomas,Anderson,,200,
0009-0001-9265-0638,Michelle Moon,Michelle,Moon,,200,
0009-0001-9336-2080,James Kasser,James,Kasser,,200,
0009-0001-9371-4840,Michelle Chen,Michelle,Chen,,200,
0009-0001-9384-061X,Makenzie Wenninghoff,Makenzie,Wenninghoff,,200,
0009-0001-9498-5087,My Trinh,My,Trinh,,200,
0009-0001-9516-2242,Jennifer McGuirl,Jennifer,McGuirl,,200,
0009-0001-9560-6384,Toru,Toru,,,200,
0009-0001-9576-4972,Brandon Matthew Ptak,Brandon Matthew Ptak,,,200,
0009-0001-9585-4943,Elena Mustakova-Possardt,Elena,Mustakova-Possardt,,200,
0009-0001-9592-012X,Mariah Ortega,Mariah,Ortega,,200,
0009-0001-9616-686X,Irene S Lee,Irene,Lee,Irene S Lee,200,
0009-0001-9724-7901,Jonathan Melendez Torres,Jonathan,Melendez Torres,Jonathan Melendez Torres,200,
0009-0001-9758-801X,Liam Leeming,Liam,Leeming,,200,
0009-0001-9794-0319,Louis  Copplestone,Louis ,Copplestone,,200,
0009-0001-9803-1686,esraa shaban,esraa,shaban,,200,
0009-0001-9821-1839,Maya Doig-Acuna,Maya,Doig-Acuna,,200,
0009-0001-9852-7593,Irith Katiyar,Irith,Katiyar,,200,
0009-0001-9927-7231,Carrie  S,Carrie ,S,,200,
0009-0001-9929-3135,"Borges, Julian Y. V.",Julian,Borges,"Borges, Julian Y. V.",200,
0009-0001-9937-7056,Tyler Richard,Tyler,Richard,,200,
0009-0001-9991-056X,Nikhit Kambdur,Nikhit,Kambdur,,200,
0009-0002-0030-8948,Amelie Hattori Printz,Amelie,Hattori Printz,,200,
0009-0002-0050-3081,Jan Tobias  Boehnke,Jan Tobias ,Boehnke,,200,
0009-0002-0053-3854,Jeanette Petit,Jeanette,Petit,,200,
0009-0002-0075-7698,Julia Hintlian,Julia,Hintlian,,200,
0009-0002-0153-0188,Jacobus Kovac,Jacobus,Kovac,,200,
0009-0002-0177-0253,Christina Herold,Christina,Herold,,200,
0009-0002-0198-5254,Yifei Zhang,Yifei,Zhang,,200,
0009-0002-0206-0114,Sara Morini Sweet,Sara,Morini Sweet,,200,
0009-0002-0213-4160,Jingfei  Huang,Jingfei ,Huang,,200,
0009-0002-0232-321X,Joseph Olivier Gauvreau,Joseph Olivier,Gauvreau,,200,
0009-0002-0234-5400,Ashley Etemadi,Ashley,Etemadi,,200,
0009-0002-0329-457X,Rebecca J. Mendoza,Rebecca,Mendoza,Rebecca J. Mendoza,200,
0009-0002-0375-9971,Abigail Weber,Abigail Weber,,,200,
0009-0002-0400-7958,Mahbuba,Mahbuba,,,200,
0009-0002-0406-8080,Jennifer Conklin-Frank,Jennifer,Conklin-Frank,,200,
0009-0002-0431-902X,Ariel Mekonen,Ariel Mekonen,,,200,
0009-0002-0495-0532,Sarah Kulkarni,Sarah,Kulkarni,,200,
0009-0002-0498-7765,Reva Wolf,Reva,Wolf,,200,
0009-0002-0499-3882,Tan-Hanh Pham,Tan-Hanh,Pham,Tan-Hanh Pham,200,
0009-0002-0534-0875,Kausalya Mahadevan,Kausalya,Mahadevan,,200,
0009-0002-0605-001X,Il Won Suh,Il Won,Suh,,200,
0009-0002-0618-7809,Nate Phillips,Nate,Phillips,,200,
0009-0002-0649-1181,Lamisa Mahmud,Lamisa Mahmud,,,200,
0009-0002-0697-3236,Yu-Hsin Ting,Yu-Hsin,Ting,,200,
0009-0002-0703-8717,Annisa Fajriani,Annisa,Fajriani,,200,
0009-0002-0714-3787,Sarah Obenauer,Sarah Obenauer,,,200,
0009-0002-0717-3580,Isaura Gallegos,Isaura,Gallegos,,200,
0009-0002-0746-7618,Zheng Fang,Zheng,Fang,,200,
0009-0002-0758-3336,Maneli Doroudian Tehrani,Maneli,Doroudian Tehrani,,200,
0009-0002-0776-7100,Dev Patel,Dev,Patel,,200,
0009-0002-0785-1601,Mary  Sears,Mary ,Sears,,200,
0009-0002-0812-9450,Rebecca Tushnet,Rebecca,Tushnet,,200,
0009-0002-0837-3824,Kaija Vitins Hornburg,Kaija,Vitins Hornburg,,200,
0009-0002-0863-0800,Helena S. Coloma,Helena Sanchez,Coloma,Helena S. Coloma,200,
0009-0002-0864-1083,Miranda Shen,Miranda,Shen,,200,
0009-0002-0872-7821,Frederick Feilden,Frederick,Feilden,,200,
0009-0002-0889-8620,Bronwyn Miller,Bronwyn,Miller,,200,
0009-0002-0895-133X,Temitayo Abayomi,Temitayo,Abayomi,,200,
0009-0002-1022-3569,Xiaotian Yin,Xiaotian,Yin,,200,
0009-0002-1026-4504,Marcos Caetano,Marcos,Caetano,,200,
0009-0002-1026-6796,Adelaide Mandeville,Adelaide,Mandeville,,200,
0009-0002-1040-6680,Spencer Lee,Spencer,Lee,,200,
0009-0002-1052-4310,Anastasios Christidis,Anastasios,Christidis,,200,
0009-0002-1060-8397,Emma Spooner,Emma,Spooner,,200,
0009-0002-1063-5117,Callysta Thony,Callysta,Thony,,200,
0009-0002-1085-052X,Jiaowei Gong,Jiaowei,Gong,,200,
0009-0002-1129-2718,Susan Moore Johnson Johnson,Susan Moore Johnson,Johnson,,200,
0009-0002-1176-2206,Yingning Sang,Yingning,Sang,,200,
0009-0002-1182-6513,Amy Feng,Amy,Feng,,200,
0009-0002-1216-4590,Aaminah Kobeisy,Aaminah Kobeisy,,,200,
0009-0002-1241-8626,Gianna Colombo,Gianna,Colombo,,200,
0009-0002-1296-239X,Helen Read,Helen,Read,,200,
0009-0002-1320-3782,Rachel Welsh,Rachel,Welsh,,200,
0009-0002-1326-7049,Georgios Dougalis,Georgios,Dougalis,,200,
0009-0002-1377-477X,Debora Spar,Debora,Spar,,200,
0009-0002-1394-0678,Wiktor Karpinski,Wiktor,Karpinski,,200,
0009-0002-1422-7647,Alice Wu,Alice,Wu,,200,
0009-0002-1440-3858,Yizhong R. Hu,Yizhong Richard,Hu,Yizhong R. Hu,200,
0009-0002-1443-2325,Iñaki Arango,Iñaki,Arango,,200,
0009-0002-1444-4430,Ning-Er Lei,Ning-Er,Lei,,200,
0009-0002-1514-8385,Maike Stein,Maike,Stein,,200,
0009-0002-1519-5931,Sydney Fitzgerald,Sydney Fitzgerald,,,200,
0009-0002-1536-2541,Naija Barakat,Naija,Barakat,,200,
0009-0002-1536-3640,Annabel Chang,Annabel,Chang,,200,
0009-0002-1559-9012,Olivia Langlois,Olivia,Langlois,,200,
0009-0002-1596-0461,Daniel Liauw,Daniel,Liauw,,200,
0009-0002-1620-2398,Phoebe Cai,Phoebe,Cai,,200,
0009-0002-1638-1285,Mohammad Sagha,Mohammad,Sagha,,200,
0009-0002-1640-1135,Gerry Serwald,Gerry,Serwald,,200,
0009-0002-1675-6753,Fabiola Belibi,Fabiola,Belibi,,200,
0009-0002-1707-3954,Joseph Passman,Joseph,Passman,,200,
0009-0002-1718-9164,James Fazioli,"James, Jay",Fazioli,James Fazioli,200,
0009-0002-1733-7868,Philip Liston-Kraft,Philip,Liston-Kraft,,200,
0009-0002-1751-9856,Junyoung Kim,Junyoung,Kim,,200,
0009-0002-1752-0603,Siri Neerchal,Siri Neerchal,,,200,
0009-0002-1761-7894,Lily Cao,Lily,Cao,,200,
0009-0002-1772-4227,Mauli T. Shah,Mauli T.,Shah,,200,
0009-0002-1781-7984,Caroline R. Berish,Caroline,Berish,Caroline R. Berish,200,
0009-0002-1786-1635,Adrianne Kweon,Adrianne,Kweon,,200,
0009-0002-1810-4134,Umakanth Katwa,Umakanth,Katwa,,200,
0009-0002-1825-2030,Patrisha Lazatin,Patrisha,Lazatin,,200,
0009-0002-1837-7036,Timothy Hoffman,Timothy,Hoffman,,200,
0009-0002-1900-8849,Matthew Willis,Matthew,Willis,,200,
0009-0002-1912-1286,PJ Purchase,PJ,Purchase,,200,
0009-0002-1912-4049,Sarfarazurrehman Shaikh,Sarfarazurrehman,Shaikh,,200,
0009-0002-1935-643X,KUAN JUNG LU,KUAN JUNG,LU,,200,
0009-0002-1938-1328,Kristen McCormack,Kristen,McCormack,,200,
0009-0002-1940-0592,Hannes Stengel,Hannes,Stengel,,200,
0009-0002-1973-8673,Julia Paley,Julia,Paley,,200,
0009-0002-1986-1946,Sergei Frolov,Sergei,Frolov,,200,
0009-0002-1986-2789,Hafsah Mushtaq ,Hafsah,Mushtaq ,,200,
0009-0002-1989-6313,Krista L.R. Cezair,Krista,Cezair,Krista L.R. Cezair,200,
0009-0002-2045-5005,Hindou  Baddih ,Hindou ,Baddih ,,200,
0009-0002-2077-548X,Gasser Elbanna,Gasser,Elbanna,,200,
0009-0002-2080-4156,Yunpeng Tan,Yunpeng,Tan,,200,
0009-0002-2082-0850,Nikhil Mulani,Nikhil,Mulani,,200,
0009-0002-2212-6969,Jamla Rizek,Jamla,Rizek,,200,
0009-0002-2220-8278,Panhui Fu,Panhui,Fu,,200,
0009-0002-2304-501X,Patrick Song,Patrick Song,,,200,
0009-0002-2318-4933,Samuel  Nangle,Samuel ,Nangle,,200,
0009-0002-2355-8501,"Nellie, Eileen Fitzpatrick ","Nellie, Eileen",Fitzpatrick ,,200,
0009-0002-2361-0154,Alex Delacroix ,Alex,Delacroix ,,200,
0009-0002-2375-9450,Mario Adkins,Mario,Adkins,,200,
0009-0002-2391-2160,Margaret Ofori,Margaret,Ofori,,200,
0009-0002-2403-6414,Mary Patricia Stormon-Flynn,Mary Patricia,Stormon-Flynn,,200,
0009-0002-2429-1853,Nix Liu Xin,Nix Liu Xin,,,200,
0009-0002-2430-2110,Kenneth Chen,Kenneth,Chen,,200,
0009-0002-2453-6582,David Galaxy,David Galaxy,,,200,
0009-0002-2479-2076,Maryam Shamloo,Maryam,Shamloo,,200,
0009-0002-2487-9841,Daniel Donoghue,Daniel,Donoghue,,200,
0009-0002-2494-1342,Maria Constanza Abuin,Maria Constanza Abuin,,,200,
0009-0002-2535-4262,Julie Finkel,Julie,Finkel,,200,
0009-0002-2587-1796,Sara Howard,Sara,Howard,,200,
0009-0002-2591-6990,Dimitri Desmonts de Lamache,Dimitri,Desmonts de Lamache,,200,
0009-0002-2591-9008,Emily Yang,Emily,Yang,,200,
0009-0002-2626-7240,Yoselin Rios-Saldivar,Yoselin,Rios-Saldivar,,200,
0009-0002-2634-8585,Dang Nguyen,Dang,Nguyen,,200,
0009-0002-2659-9608,Anil,Anil,,,200,
0009-0002-2726-2986,Kennedy Leehealey,Kennedy,Leehealey,,200,
0009-0002-2761-7580,Ani  Liu,Ani ,Liu,,200,
0009-0002-2806-6119,Jeidy M Batista Batista,Jeidy M Batista,Batista,,200,
0009-0002-2808-4827,William Browne,William,Browne,,200,
0009-0002-2826-1723,Tazzy Cole,Tazzy,Cole,,200,
0009-0002-2853-6643,Anne Harrington,Anne,Harrington,,200,
0009-0002-2857-8819,Marissa Zheng,Marissa Zheng,,,200,
0009-0002-2865-0112,Michael Puett,Michael,Puett,,200,
0009-0002-2887-1943,Jiten,Jiten,,,200,
0009-0002-2901-365X,Eric S Taylor,Eric S,Taylor,,200,
0009-0002-2902-261X,Natasha Valencic,Natasha,Valencic,,200,
0009-0002-2903-8814,Mark Vandermyde,Mark,Vandermyde,,200,
0009-0002-2917-8032,Adam Crain,Adam,Crain,,200,
0009-0002-2958-8592,Annelise Feliu,Annelise,Feliu,,200,
0009-0002-2992-7961,Esha Prakash,Esha,Prakash,,200,
0009-0002-3011-9216,Connor,Connor,,,200,
0009-0002-3056-1733,Marco Túlio Elias Alves,Marco Túlio,Elias Alves,,200,
0009-0002-3084-0775,Arezoo Ghazagh,Arezoo,Ghazagh,,200,
0009-0002-3090-8389,Gabriel Adriane Velasco,Gabriel Adriane,Velasco,,200,
0009-0002-3091-261X,Connor Kubeisy,Connor,Kubeisy,,200,
0009-0002-3181-9994,Xiaoyi Fan,Xiaoyi,Fan,,200,
0009-0002-3190-2501,Anushka Verma,Anushka,Verma,,200,
0009-0002-3201-4290,Jean-Francois Fournel,Jean-Francois,Fournel,,200,
0009-0002-3257-9654,Mitchell J. Silver,Mitchell,Silver,Mitchell J. Silver,200,
0009-0002-3273-1361,Jeannine Cavender-Bares,Jeannine,Cavender-Bares,,200,
0009-0002-3333-9257,Anny Chan,Anny,Chan,Anny Chan,200,
0009-0002-3347-1071,Aditi Kannan,Aditi,Kannan,,200,
0009-0002-3348-5756,Hugh Hankenson,Hugh,Hankenson,,200,
0009-0002-3367-4709,Martin Rodriguez Rodriguez,Martin,Rodriguez Rodriguez,,200,
0009-0002-3371-8054,Milan Lustig,Milan,Lustig,,200,
0009-0002-3377-1170,Sven Turkalj,Sven,Turkalj,,200,
0009-0002-3380-9140,Ezra Chan,Ezra,Chan,,200,
0009-0002-3436-960X,Jane Elisabeth Solometo Berrill,Jane Elisabeth Solometo Berrill,,,200,
0009-0002-3477-5827,Aaron Suzar,Aaron,Suzar,,200,
0009-0002-3530-0700,Jaya Karamcheti,Jaya,Karamcheti,,200,
0009-0002-3533-1443,Xiaolan ke,Xiaolan,ke,,200,
0009-0002-3533-4193,Maxx King,Maxx,King,,200,
0009-0002-3562-1379,Kevin Schult,Kevin,Schult,,200,
0009-0002-3580-006X,Angelo Dagonel,Angelo Dagonel,,,200,
0009-0002-3614-0147,Nicholas Duncan,Nicholas,Duncan,,200,
0009-0002-3624-3509,Yunyi Wang,Yunyi,Wang,,200,
0009-0002-3680-3932,Luke W. Chen,Luke,Chen,Luke W. Chen,200,
0009-0002-3689-0861,Vincent Boersch-Supan,Vincent,Boersch-Supan,,200,
0009-0002-3695-4538,Matthew D'Ambrosio Griffith,Matthew,D'Ambrosio Griffith,,200,
0009-0002-3734-4870,Chuck Lin,Chuck,Lin,,200,
0009-0002-3742-0829,Connie Yu,Connie,Yu,,200,
0009-0002-3758-6757,Jie Li,Jie,Li,,200,
0009-0002-3758-8285,Leah Lourenco,Leah,Lourenco,,200,
0009-0002-3767-0959,Maria Carolina Fontana Antunes De Oliveira ,Maria Carolina,Fontana Antunes De Oliveira ,,200,
0009-0002-3785-8513,Zhun Deng,Zhun,Deng,,200,
0009-0002-3792-4154,Melina Melgoza,Melina,Melgoza,,200,
0009-0002-3800-9943,Thomas Graeber,Thomas,Graeber,,200,
0009-0002-3844-3096,Lina Fellah,Lina,Fellah,,200,
0009-0002-3935-5418,Wylie Daniel Chen-hsi Chang,Wylie Daniel Chen-hsi,Chang,,200,
0009-0002-3974-0092,Meira Khayter,Meira,Khayter,,200,
0009-0002-4026-9680,David Brown,David,Brown,,200,
0009-0002-4039-4545,Melissa Vela,Melissa Vela,,,200,
0009-0002-4056-1913,Samuel Sinclair,Samuel,Sinclair,,200,
0009-0002-4058-8120,Sarah Payne,Sarah,Payne,,200,
0009-0002-4096-8860,Daniel Jafferis,Daniel,Jafferis,,200,
0009-0002-4103-1893,Jiaying Stephanie Su,Jiaying,Su,Jiaying Stephanie Su,200,
0009-0002-4141-7569,Taku Ishihara,Taku,Ishihara,,200,
0009-0002-4167-0070,Frances Hagopian,Frances,Hagopian,,200,
0009-0002-4219-9380,Satomi Yamamoto,Satomi,Yamamoto,,200,
0009-0002-4223-2339,Yuelin Yang,Yuelin,Yang,Yuelin Yang,200,
0009-0002-4240-0718,Kexin Wang,Kexin,Wang,,200,
0009-0002-4266-8220,Giancarlo Cordero Ortiz,Giancarlo,Cordero Ortiz,,200,
0009-0002-4271-598X,Meredith McKinney,Meredith,McKinney,,200,
0009-0002-4346-9901,Yoonju Cho,Yoonju,Cho,,200,
0009-0002-4371-0072,Owen Alexander Ledwell,Owen Alexander,Ledwell,,200,
0009-0002-4431-1380,Mandovi Chatterjee,Mandovi,Chatterjee,,200,
0009-0002-4446-2066,Ariana Elena Castillo,Ariana Elena,Castillo,,200,
0009-0002-4452-5450,Ioana Alexandra Sopuch,Ioana Alexandra,Sopuch,,200,
0009-0002-4460-4503,Feng Lu,Feng,Lu,,200,
0009-0002-4487-6744,Alec Bonham,Alec,Bonham,,200,
0009-0002-4647-8731,Defne Yucebas Yucebas,Defne Yucebas,Yucebas,,200,
0009-0002-4707-4237,Max Lasco,Max,Lasco,,200,
0009-0002-4709-4748,Suhayla  Sarhan,Suhayla ,Sarhan,,200,
0009-0002-4714-0900,Lorena Britton,Lorena,Britton,,200,
0009-0002-4730-7248,Christina Pham,Christina,Pham,,200,
0009-0002-4750-3417,Celia,Celia,,,200,
0009-0002-4767-9551,Andrea Nystedt,Andrea,Nystedt,,200,
0009-0002-4807-5725,Georg Ziegner,Georg,Ziegner,,200,
0009-0002-4887-5730,Elizabeth Sylvester,Elizabeth,Sylvester,,200,
0009-0002-4932-8878,Sarah Olofsson,Sarah,Olofsson,,200,
0009-0002-4946-1476,Amani Chinni,Amani,Chinni,,200,
0009-0002-4952-123X,YANNI ZONG,YANNI,ZONG,,200,
0009-0002-4953-4401,Matteo Cargnelutti,Matteo,Cargnelutti,,200,
0009-0002-4979-7658,Danielle Narae Choi,Danielle,Choi,Danielle Narae Choi,200,
0009-0002-4986-8321,Stephen Guerin,Stephen,Guerin,,200,
0009-0002-4987-8490,Julio Enrique Quinones III Quinones,Julio Enrique Quinones III,Quinones,,200,
0009-0002-4998-5747,Jacqueline O'Brien,Jacqueline,O'Brien,,200,
0009-0002-5014-0039,Owen P Martin,Owen,Martin,Owen P Martin,200,
0009-0002-5016-9878,Jessica Eve Yager,Jessica Eve,Yager,,200,
0009-0002-5021-4990,Emily Caoimhe Mitchell,Emily Caoimhe,Mitchell,,200,
0009-0002-5049-1859,Malayna Leopold,Malayna Leopold,,,200,
0009-0002-5069-4023,Vivian Ng,Vivian,Ng,,200,
0009-0002-5077-7101,Akosua Nyame,Akosua,Nyame,,200,
0009-0002-5162-5409,Chen Yang,Chen,Yang,,200,
0009-0002-5234-8634,Tamara Wehrstein,Tamara,Wehrstein,,200,
0009-0002-5249-8958,Mohammad Mohajer Tabrizi ,Mohammad,Mohajer Tabrizi ,,200,
0009-0002-5280-5858,Tania Novosolova,Tania,Novosolova,,200,
0009-0002-5291-0367,Adriano Fernandes,Adriano,Fernandes,,200,
0009-0002-5326-0845,Shulamit Sternin,Shulamit,Sternin,,200,
0009-0002-5335-4876,Katherine Brinton,Katherine,Brinton,,200,
0009-0002-5345-9651,Aaditya Tangri,Aaditya,Tangri,,200,
0009-0002-5351-3574,Barbara Beatty,Barbara,Beatty,,200,
0009-0002-5396-0403,Antonia Juelich,Antonia,Juelich,Antonia Juelich,200,
0009-0002-5434-2877,Janan Graham-Russell,Janan Graham-Russell,,,200,
0009-0002-5442-9788,Gardenia Liu,Gardenia Liu,,,200,
0009-0002-5450-9569,Mahitha  Juttu,Mahitha ,Juttu,,200,
0009-0002-5453-3331,Peijun Duan,Peijun,Duan,,200,
0009-0002-5478-7366,Xiaoji Wu,Xiaoji,Wu,,200,
0009-0002-5479-3432,Piper  Derenoncourt,Piper ,Derenoncourt,,200,
0009-0002-5494-6128,Kelvin C. Mo,Kelvin,Mo,Kelvin C. Mo,200,
0009-0002-5517-9020,David Michaels,David Michaels,,,200,
0009-0002-5543-6592,Forhad Ullah,Forhad,Ullah,,200,
0009-0002-5547-6092,Guillaume Henri De Vlaminck,Guillaume Henri,De Vlaminck,,200,
0009-0002-5548-2695,Thomas Sounack,Thomas,Sounack,,200,
0009-0002-5570-6791,Ilana  Kabacznik Luongo Kapah,Ilana ,Kabacznik Luongo Kapah,,200,
0009-0002-5584-5441,William Leonard,William,Leonard,,200,
0009-0002-5594-2292,"Christopher Giardina, MD, PhD",Christopher,Giardina,"Christopher Giardina, MD, PhD",200,
0009-0002-5612-3838,Amirah K Anderson,Amirah K,Anderson,,200,
0009-0002-5614-5439,Olivier Bitoun,Olivier,Bitoun,,200,
0009-0002-5621-7981,Jack Bruno,Jack,Bruno,,200,
0009-0002-5635-1769,cho yang,cho,yang,,200,
0009-0002-5645-3837,Kristin Maple Maple,Kristin Maple,Maple,,200,
0009-0002-5686-5006,William Patrick Murphy III,William,Murphy,William Patrick Murphy III,200,
0009-0002-5694-1574,Adan Ramirez-Figueroa,Adan,Ramirez-Figueroa,,200,
0009-0002-5711-9793,John Ayanian,John,Ayanian,,200,
0009-0002-5747-9238,Jonathan Hintz,Jonathan Hintz,,,200,
0009-0002-5796-8576,Denise Prieto,Denise,Prieto,,200,
0009-0002-5816-0827,Owen Eby,Owen,Eby,,200,
0009-0002-5828-6569,Jongmin Baek,Jongmin,Baek,,200,
0009-0002-5850-0166,Ria Kedia,Ria Kedia,,,200,
0009-0002-5855-6258,Hayley Ulloa,Hayley,Ulloa,,200,
0009-0002-5876-847X,Leila Jahangiri,Leila,Jahangiri,,200,
0009-0002-5937-9679,Li Li,Li,Li,,200,
0009-0002-5942-8776,Hugh Casedgg,Hugh,Casedgg,,200,
0009-0002-5957-3893,Jungmin Lee,Jungmin,Lee,,200,
0009-0002-5968-4366,Danica Sanders,Danica,Sanders,,200,
0009-0002-5997-3977,Elise G. DeArment,Elise,DeArment,Elise G. DeArment,200,
0009-0002-6018-6022,Cade Wolfaardt,Cade,Wolfaardt,,200,
0009-0002-6021-9410,Dhanishtha Upadhyay,Dhanishtha,Upadhyay,,200,
0009-0002-6040-2899,Allen Drew Nelson,Allen Drew,Nelson,,200,
0009-0002-6106-4510,René Livas,René,Livas,,200,
0009-0002-6166-5826,Matthew T. Unger,Matthew T.,Unger,,200,
0009-0002-6168-8737,Vidyan Ravinthiran,Vidyan Ravinthiran,,,200,
0009-0002-6177-3974,Kwong Chak Micheal Choi,Kwong Chak Micheal,Choi,,200,
0009-0002-6182-4508,Veronique  Griffith,Veronique ,Griffith,,200,
0009-0002-6218-6974,Yoeun Chung,Yoeun,Chung,,200,
0009-0002-6219-8166,Kate Gaynor,Kate,Gaynor,,200,
0009-0002-6300-3199,R Morris Levine,R,Morris Levine,,200,
0009-0002-6330-4127,Hannah R Bentz,Hannah R Bentz,,,200,
0009-0002-6347-6711,David Dye,David,Dye,,200,
0009-0002-6368-2806,Yue Ma,Yue,Ma,,200,
0009-0002-6372-5829,Ricky Chu-Chi Huang,Ricky Chu-Chi,Huang,Ricky Chu-Chi Huang,200,
0009-0002-6400-787X,Jennifer Opp,Jennifer,Opp,,200,
0009-0002-6420-3117,Mohamed Hassan,Mohamed,Hassan,,200,
0009-0002-6464-9987,Stephanie Leitzel,Stephanie,Leitzel,,200,
0009-0002-6470-9142,Isabelle Iversen,Isabelle,Iversen,,200,
0009-0002-6484-5873,Lauren McClelland,Lauren,McClelland,,200,
0009-0002-6490-7333,James Ehrets,James,Ehrets,,200,
0009-0002-6546-145X,Lujain  Bitar,Lujain ,Bitar,,200,
0009-0002-6600-1340,Eleanor Walker,Eleanor,Walker,,200,
0009-0002-6611-5495,Matthew,Matthew,,,200,
0009-0002-6627-2810,Eilis,Eilis,,,200,
0009-0002-6639-4420,Maggie Richardson,Maggie Richardson,,,200,
0009-0002-6683-8167,Samantha,Samantha,Tseng,Samantha,200,
0009-0002-6692-3740,Ely Sandler,Ely,Sandler,,200,
0009-0002-6696-0357,Michael Riedl,Michael,Riedl,,200,
0009-0002-6761-494X,Sarah Cho,Sarah,Cho,,200,
0009-0002-6766-4322,Claire Adams,Emily Claire Adèle,Adams,Claire Adams,200,
0009-0002-6824-0126,Damodar Dahal,Damodar,Dahal,,200,
0009-0002-6828-8023,Michael Yin,Michael,Yin,,200,
0009-0002-6842-4048,Michel Arab,Michel,Arab,,200,
0009-0002-6853-7616,Rami Bikdash,Rami Bikdash,,,200,
0009-0002-6890-2038,Kelly Galarza,Kelly,Galarza,,200,
0009-0002-6919-0458,Habeebah Muhammad-Kamal,Habeebah,Muhammad-Kamal,,200,
0009-0002-6950-9924,Matthew Heron,Matthew,Heron,,200,
0009-0002-6971-2754,"Kelly Jordan Murguia, Kelly Murguia Murguia","Kelly Jordan Murguia, Kelly Murguia",Murguia,,200,
0009-0002-6975-433X,zachary walton,zachary,walton,,200,
0009-0002-6982-6428,Jessie Liu,Jessie,Liu,,200,
0009-0002-6990-7324,Akira Iwata,Akira,Iwata,,200,
0009-0002-7021-4437,Yi Jia Liow,Yi Jia,Liow,,200,
0009-0002-7037-0632,Mengfei Wang,Mengfei,Wang,,200,
0009-0002-7042-1428,Laura Katsnelson,Laura,Katsnelson,,200,
0009-0002-7043-7972,Timothy Fuentes,Timothy,Fuentes,,200,
0009-0002-7045-2822,Katherine Eremin,Katherine Eremin,,,200,
0009-0002-7050-1794,Ishita Sen,Ishita,Sen,,200,
0009-0002-7053-983X,Margaret  Laws ,Margaret ,Laws ,,200,
0009-0002-7063-2268,Jonathan B. Taylor,Jonathan,Taylor,Jonathan B. Taylor,200,
0009-0002-7076-5327,Patricia Tung,Patricia,Tung,,200,
0009-0002-7086-7323,Casper L'Esperance-Kerckhoff,Casper,L'Esperance-Kerckhoff,,200,
0009-0002-7122-4565,Reid Singer,Reid,Singer,,200,
0009-0002-7133-1598,Ehsan Moghadam,Ehsan Moghadam,,,200,
0009-0002-7145-2584,Hannah Whipple,Hannah,Whipple,,200,
0009-0002-7147-6383,Sarah Broas,Sarah,Broas,,200,
0009-0002-7149-9841,Angela Gao,Angela,Gao,,200,
0009-0002-7175-5198,Alaa Obeid AlAli ,Alaa,Obeid AlAli ,,200,
0009-0002-7247-4064,Eliana Buckner,Eliana,Buckner,,200,
0009-0002-7266-2233,Uriel Sanchez-Rangel,Uriel,Sanchez-Rangel,,200,
0009-0002-7295-4236,Pamela Mason,Pamela,Mason,,200,
0009-0002-7295-8317,Ethan Yang Feng,Ethan,Feng,Ethan Yang Feng,200,
0009-0002-7300-3766,Lorenzo McClellan,Lorenzo,McClellan,,200,
0009-0002-7332-4324,Moira Quinn,Moira,Quinn,,200,
0009-0002-7340-3452,Walker Rickord,Walker,Rickord,,200,
0009-0002-7347-9174,Ton Trong Hoang,Ton Trong,Hoang,,200,
0009-0002-7417-329X,Sophia Moriah Villa,Sophia Moriah,Villa,,200,
0009-0002-7427-8737,Wei Meng Vincent Chia,Wei Meng Vincent,Chia,Wei Meng Vincent Chia,200,
0009-0002-7462-7933,Kelley Woehl,Kelley,Woehl,,200,
0009-0002-7517-5270,Lucy Song,Lucy,Song,,200,
0009-0002-7522-9566,Victoria Ono,Victoria,Ono,,200,
0009-0002-7538-2739,Sang Bin Byeon,Sang Bin,Byeon,,200,
0009-0002-7569-9162,Dalia A Fantini,Dalia Angela,Fantini,Dalia A Fantini,200,
0009-0002-7576-2248,Sherry Chen,Sherry,Chen,,200,
0009-0002-7602-6592,Macy  Ingersoll ,Macy ,Ingersoll ,,200,
0009-0002-7607-5626,Anamica Das,Anamica,Das,,200,
0009-0002-7639-8708,Angela Ma,Angela,Ma,,200,
0009-0002-7693-2499,patrick sanchez-Guevara,patrick,sanchez-Guevara,,200,
0009-0002-7714-5681,Bun Tak Michael Wong,Bun Tak Michael,Wong,,200,
0009-0002-7760-6505,Tian Xia,Tian,Xia,,200,
0009-0002-7793-5253,alyssa,alyssa,,,200,
0009-0002-7793-8075,Kevin Rader,Kevin,Rader,,200,
0009-0002-7837-083X,Abdulmoneam Omar  Ehbish ,Abdulmoneam Omar ,Ehbish ,,200,
0009-0002-7890-3739,Tiffany Tam,Tiffany,Tam,,200,
0009-0002-7891-2547,Colin Wu,Colin,Wu,,200,
0009-0002-7960-8088,Dhriti Vadlakonda,Dhriti,Vadlakonda,,200,
0009-0002-7977-9864,Aisha Ademola,Aisha,Ademola,,200,
0009-0002-8024-0268,Mona Hamdy,Mona,Hamdy,,200,
0009-0002-8025-2621,Teemu Alexander Puutio,Teemu Alexander,Puutio,,200,
0009-0002-8036-4340,Anika Park,Anika,Park,,200,
0009-0002-8037-4987,Xinyue Lin,Xinyue,Lin,,200,
0009-0002-8047-3985,Hila Bernstein,Hila Bernstein,,,200,
0009-0002-8086-3174,Jennifer Kim,Jennifer,Kim,,200,
0009-0002-8090-4781,Nathaniel Lamson,Nathaniel,Lamson,,200,
0009-0002-8107-9285,Claire Suen,Claire Suen,,,200,
0009-0002-8162-4343,Samat Borbiev,Samat,Borbiev,,200,
0009-0002-8179-0894,Harsimar Kaur  Ahuja,Harsimar Kaur ,Ahuja,,200,
0009-0002-8180-7262,Jerry Huang,Ruijie,Huang,Jerry Huang,200,
0009-0002-8195-8343,Ikechukwu Uchendu,Ikechukwu,Uchendu,,200,
0009-0002-8200-1906,Tamar Herzog ,Tamar,Herzog ,,200,
0009-0002-8204-7859,Kexin Huang,Kexin Huang,,,200,
0009-0002-8223-4443,Natalia  Rabello Marconini,Natalia ,Rabello Marconini,,200,
0009-0002-8232-6946,Robert Frederick,Robert,Frederick,,200,
0009-0002-8254-488X,Juliet McGowen,Juliet,McGowen,,200,
0009-0002-8266-7185,Shruti Gogia,Shruti,Gogia,,200,
0009-0002-8269-4095,Bryce MacIver,Bryce,MacIver,,200,
0009-0002-8277-6058,Zhengkai Pan,Zhengkai,Pan,,200,
0009-0002-8280-4389,Radzi Hamzah,Radzi,Hamzah,,200,
0009-0002-8292-580X,Micheal Awah,Micheal,Awah,,200,
0009-0002-8306-0430,Fabio Ostermann,Fabio,Ostermann,,200,
0009-0002-8330-5266,Philip Stevenson,Philip,Stevenson,,200,
0009-0002-8340-5531,Matthew Myslenski,Matthew Myslenski,,,200,
0009-0002-8356-9800,Jennifer Shahar,Jennifer,Shahar,,200,
0009-0002-8359-1880,Shelley M. Wei,Shelley M.,Wei,,200,
0009-0002-8392-1261,Keshia Lawrence ,Keshia,Lawrence ,,200,
0009-0002-8401-6490,Zay Gomez,Zay,Gomez,,200,
0009-0002-8436-2190,Wendell Menezes,Wendell Menezes,,,200,
0009-0002-8457-8469,Leonie Mikael,Leonie,Mikael,,200,
0009-0002-8498-829X,Vashon Gonzales,Vashon,Gonzales,,200,
0009-0002-8504-8005,Annabel Ware,Annabel,Ware,,200,
0009-0002-8509-4626,Chi Jiun Su ,Chi Jiun,Su ,,200,
0009-0002-8536-3101,Jose Maldonado,Jose,Maldonado,Jose Maldonado,200,
0009-0002-8539-4186,Brian Lehman,Brian,Lehman,,200,
0009-0002-8548-2821,Yasemin Bavbek,Yasemin,Bavbek,,200,
0009-0002-8565-075X,Frances Hisgen,Frances,Hisgen,,200,
0009-0002-8567-8496,Julia Dong,Julia Dong,,,200,
0009-0002-8583-0531,Ashlyn Merce,Ashlyn,Merce,,200,
0009-0002-8587-8586,Sunny Shi,Sunny,Shi,,200,
0009-0002-8616-3136,Sadaf Rauf Shier,Sadaf,Rauf Shier,,200,
0009-0002-8634-8210,loud,loud,,,200,
0009-0002-8658-1127,Alejandra Garcia Carrasco,Alejandra,Garcia Carrasco,,200,
0009-0002-8661-1752,Derek Liu,Derek,Liu,,200,
0009-0002-8674-2939,Olivia Grace Stringham,Olivia Grace,Stringham,,200,
0009-0002-8689-8968,Nicole Schroeder,Nicole,Schroeder,,200,
0009-0002-8716-1853,Galen Stolee,Galen,Stolee,,200,
0009-0002-8822-3665,Kehang Zhu,Kehang,Zhu,,200,
0009-0002-8829-4199,Sarah Berhan,Sarah Berhan,,,200,
0009-0002-8833-2861,Nick Seymour,Nicholas,Seymour,Nick Seymour,200,
0009-0002-8874-8154,Md Jubair Pantho,Md Jubair,Pantho,,200,
0009-0002-8878-0883,Tim Froitzheim,Tim,Froitzheim,,200,
0009-0002-8880-5796,Sofia Hilger,Sofia,Hilger,,200,
0009-0002-8881-4465,Qurbonali Qurbonov,Qurbonali,Qurbonov,,200,
0009-0002-8926-846X,Bailey Ludwig,Bailey,Ludwig,,200,
0009-0002-8949-2250,Susanne Schindler,Susanne,Schindler,,200,
0009-0002-8967-2139,Yanan Ding,Yanan Ding,,,200,
0009-0002-9007-5841,Anh Duc Vo,Anh Duc,Vo,,200,
0009-0002-9029-6337,Ivy Liang,Ivy,Liang,,200,
0009-0002-9048-2420,Christine Maggs,Christine Maggs,,,200,
0009-0002-9100-616X,"Mary, Molly Malague","Mary, Molly",Malague,,200,
0009-0002-9115-7718,Pooja Joshi,Pooja,Joshi,,200,
0009-0002-9144-8996,TAO HOU,TAO,HOU,,200,
0009-0002-9170-5403,Julia Shah,Julia,Shah,,200,
0009-0002-9171-4262,Raul Dominguez,Raul,Dominguez,,200,
0009-0002-9172-7899,Abigail Sterling Higgins,Abigail Sterling,Higgins,,200,
0009-0002-9182-0874,Tessa Forshaw,Tessa,Forshaw,,200,
0009-0002-9212-5494,Arash Nezam Sarmadi,Arash,Nezam Sarmadi,,200,
0009-0002-9227-6110,Sonja Mutić,Sonja,Mutić,,200,
0009-0002-9239-5451,Sophie Goldberg,Sophie,Goldberg,,200,
0009-0002-9242-8903,Emma Broder,Emma,Broder,,200,
0009-0002-9258-1764,Thomas Caswell,Thomas,Caswell,,200,
0009-0002-9259-5584,Susannah Baruch,Susannah,Baruch,,200,
0009-0002-9286-9274,Navin Desai,Navin,Desai,,200,
0009-0002-9288-9646,Gavin Schilling,Gavin,Schilling,,200,
0009-0002-9311-0171,Karthik  Viswanathan,Karthik ,Viswanathan,,200,
0009-0002-9342-3944,Rebecah Kaplun,Rebecah,Kaplun,,200,
0009-0002-9354-8421,Xingjian Lyu,Xingjian,Lyu,,200,
0009-0002-9360-8498,Jose Ayala,Jose,Ayala Bernot,Jose Ayala,200,
0009-0002-9405-1038,james billingsley,james,billingsley,,200,
0009-0002-9424-506X,Elizabeth Moore,Elizabeth,Moore,,200,
0009-0002-9449-5384,Griff Bibbey,Michael Griffith,Bibbey,Griff Bibbey,200,
0009-0002-9465-2167,Meghan Harshaw,Meghan,Harshaw,,200,
0009-0002-9466-5662,Alana Jadhav,Alana,Jadhav,,200,
0009-0002-9474-2410,Brein Mosely,Brein,Mosely,,200,
0009-0002-9485-2695,Lisa Gorelik,Lisa,Gorelik,,200,
0009-0002-9490-6411,Muhammad Malik,Muhammad,Malik,,200,
0009-0002-9541-1963,Priyanka  Kar,Priyanka ,Kar,,200,
0009-0002-9623-4356,Travis Busbee,Travis,Busbee,,200,
0009-0002-9627-3769,Artem Gazizov,Artem,Gazizov,,200,
0009-0002-9664-9535,Min Kyeong Kim,Min Kyeong,Kim,,200,
0009-0002-9693-0132,Anna Nolan,Anna,Nolan,,200,
0009-0002-9755-8440,Petar Murginski,Petar,Murginski,,200,
0009-0002-9757-6606,Kyriakos Skarlatos,Kyriakos,Skarlatos,,200,
0009-0002-9781-9022,Jennifer Fagen,Jennifer,Fagen,,200,
0009-0002-9819-8985,Madison Coots,Madison,Coots,,200,
0009-0002-9877-150X,Hannah Willit,Hannah,Willit,,200,
0009-0002-9879-8040,Zoe Frazier,Zoe,Frazier,,200,
0009-0002-9911-4210,Emmeline Lin,Emmeline,Lin,,200,
0009-0002-9923-7042,Roberto Sirvent,Roberto,Sirvent,,200,
0009-0002-9944-5984,Caroline (Alix) Byrne,Caroline,(Alix) Byrne,,200,
0009-0002-9950-493X,Daniel Reynolds,Daniel,Reynolds,,200,
0009-0003-0014-0636,Jehane Sedky,Jehane,Sedky,,200,
0009-0003-0017-8298,Hugo Betting,Hugo,Betting,,200,
0009-0003-0079-4920,Eirliani Abdul Rahman,Eirliani,Abdul Rahman,,200,
0009-0003-0081-5154,Gabriella Aboulafia,Gabriella,Aboulafia,,200,
0009-0003-0160-8181,Katherine Whitaker,Katherine,Whitaker,,200,
0009-0003-0205-2146,Anna G. Luong ,Anna G. Luong ,,,200,
0009-0003-0209-4936,Christian Kelvin Kantate Hutapea,Christian Kelvin Kantate,Hutapea,,200,
0009-0003-0221-2947,Shark Laser,Shark,Laser,,200,
0009-0003-0249-6695,Kerolos M. A. Yousef,Kerolos M. A.,Yousef,,200,
0009-0003-0250-0199,Sarah Boese,Sarah,Boese,,200,
0009-0003-0269-7323,Marius Kothor,Marius,Kothor,,200,
0009-0003-0278-3125,Hayden Godfrey,Hayden,Godfrey,,200,
0009-0003-0293-3699,Emily Zhang,Emily,Zhang,,200,
0009-0003-0313-7272,Caleb Tam,Caleb,Tam,,200,
0009-0003-0324-2478,Peter Udvardi,Peter,Udvardi,,200,
0009-0003-0334-161X,Sarah Canarelli,Sarah Canarelli,,,200,
0009-0003-0343-5368,Pichamon Assawaphadungsit,Pichamon,Assawaphadungsit,,200,
0009-0003-0369-8184,Erica Sprott,Erica,Sprott,,200,
0009-0003-0428-0142,Sally Song,Sally,Song,,200,
0009-0003-0438-120X,Jennifer O'Brien,Jennifer,O'Brien,,200,
0009-0003-0439-5310,Joseph Fadule,Joseph,Fadule,,200,
0009-0003-0451-6434,Liang Xu,Liang,Xu,,200,
0009-0003-0453-2397,Yiming Qian,Yiming,Qian,,200,
0009-0003-0501-6909,Kathleen Donovan,Kathleen,Donovan,,200,
0009-0003-0629-6762,Archon Fung,Archon,Fung,,200,
0009-0003-0647-5613,Ilya Sytchev,Ilya,Sytchev,,200,
0009-0003-0650-2052,Yudian Xu,Yudian,Xu,,200,
0009-0003-0682-4692,Chae Rin Kim,Chae Rin,Kim,,200,
0009-0003-0690-8239,Alexander Bradley Canales,Alexander Bradley,Canales,,200,
0009-0003-0712-9747,Nawras Taffal,Nawras,Taffal,,200,
0009-0003-0717-8151,JOHN DONAHUE,JOHN,DONAHUE,,200,
0009-0003-0721-9291,Alina Keshwani,Alina,Keshwani,,200,
0009-0003-0723-5961,Chris Hamblin,Chris,Hamblin,,200,
0009-0003-0750-2417,Sham Aldos,Sham,Aldos,,200,
0009-0003-0759-2969,Rachel Poonsiriwong,Rachel,Poonsiriwong,,200,
0009-0003-0780-0350,Matthew Adiletta,Matthew,Adiletta,,200,
0009-0003-0792-859X,Lily,Lily,,,200,
0009-0003-0805-7802,Oliver Fabrizio  Carlos Bonilla ,Oliver Fabrizio ,Carlos Bonilla ,,200,
0009-0003-0818-5169,Shah,Prof. Deepak,Shah,Shah,200,
0009-0003-0828-8037,Lavik Jain,Lavik,Jain,,200,
0009-0003-0835-9157,Joanna  Da Sylva,Joanna ,Da Sylva,,200,
0009-0003-0883-4165,Sydney Abelson,Sydney,Abelson,,200,
0009-0003-0935-1237,Jeffrey Fung,Jeffrey,Fung,,200,
0009-0003-0964-2296,Xavier B Tao,Xavier B,Tao,,200,
0009-0003-1024-9176,Ryan Han,Xingjian,Han,Ryan Han,200,
0009-0003-1030-0867,Aaron Benavidez,Aaron,Benavidez,Aaron Benavidez,200,
0009-0003-1045-7899,Gabrielle Ursin,Gabrielle Ursin,,,200,
0009-0003-1052-6065,Ramy Ayoub,Ramy,Ayoub,,200,
0009-0003-1070-0668,Chelsey Campillo Rodriguez,Chelsey,Campillo Rodriguez,,200,
0009-0003-1090-2307,Samuel Antill,Samuel Antill,,,200,
0009-0003-1158-0506,Romy Bejjani,Romy,Bejjani,,200,
0009-0003-1167-5302,Gareth Cleveland,Gareth,Cleveland,,200,
0009-0003-1187-0706,Sheethal Umesh Nagalakshmi,Sheethal,Umesh Nagalakshmi,,200,
0009-0003-1237-777X,Jeremy Berger,Jeremy,Berger,,200,
0009-0003-1238-2325,SeungHyun Lee,SeungHyun,Lee,,200,
0009-0003-1249-1599,Daniel Cardosi,Daniel,Cardosi,,200,
0009-0003-1280-7450,Ya Jen Chang,Ya Jen,Chang,Ya Jen Chang,200,
0009-0003-1291-2533,Ryan Jung,Ryan,Jung,,200,
0009-0003-1320-3237,Edson De Sousa,Edson,De Sousa,,200,
0009-0003-1331-5888,Nandita Ammanamanchi,Nandita,Ammanamanchi,,200,
0009-0003-1335-9960,SBG Babu,SBG,Babu,,200,
0009-0003-1342-7863,Huang jiahao,Huang,jiahao,,200,
0009-0003-1404-1700,Daye Kim,Daye,Kim,,200,
0009-0003-1415-5169,Jonathan Corpus Ong,Jonathan Corpus,Ong,,200,
0009-0003-1439-5779,Sudipta Baroi,Sudipta,Baroi,,200,
0009-0003-1442-5704,Jeewhan Oh,Jeewhan,Oh,,200,
0009-0003-1483-5973,Lydia Palmer,Lydia Palmer,,,200,
0009-0003-1502-5534,Barrak Alahmed,Barrak,Alahmed,,200,
0009-0003-1504-5236,Jacob Wolf,Jacob,Wolf,,200,
0009-0003-1507-8740,Susan Kuramoto Moffat,Susan Kuramoto,Moffat,Susan Kuramoto Moffat,200,
0009-0003-1510-6342,Julia  Etkin,Julia ,Etkin,,200,
0009-0003-1514-2976,Alyssa Letourneau,Alyssa,Letourneau,,200,
0009-0003-1537-6158,Dennis Kalloor,Dennis Kalloor,,,200,
0009-0003-1540-5537,Giancarla Burgos,Giancarla Burgos,,,200,
0009-0003-1544-1562,Mona Ali Khalil,Mona Ali,Khalil,Mona Ali Khalil,200,
0009-0003-1546-4035,Kirill,Kirill,,,200,
0009-0003-1547-5236,Jiafeng Chen,Jiafeng,Chen,,200,
0009-0003-1554-5951,Ludivina  Bermea ,Ludivina ,Bermea ,,200,
0009-0003-1565-2714,xxy x,xxy,x,,200,
0009-0003-1571-3505,Nicholas Ide,Nicholas,Ide,,200,
0009-0003-1588-7302,Matheus Santos,Matheus Santos,,,200,
0009-0003-1602-2757,Nicole Ann Jones,Nicole Ann Jones,,,200,
0009-0003-1647-8252,Julian Gluck,Julian,Gluck,Julian Gluck,200,
0009-0003-1659-4819,Jacqueline Ramos-Draper,Jacqueline,Ramos-Draper,,200,
0009-0003-1666-1778,Ella Serrano-Wu,Ella,Serrano-Wu,,200,
0009-0003-1671-7276,Megan Liu,Megan Liu,,,200,
0009-0003-1683-5379,Zackery Yao,Zihua,Yao,Zackery Yao,200,
0009-0003-1713-1461,Yan Ma,Yan,Ma,,200,
0009-0003-1740-161X,Yi Daniel Lu,Yi,Lu,Yi Daniel Lu,200,
0009-0003-1770-6800,Natalia Brown,Natalia,Brown,,200,
0009-0003-1796-7023,Kimiyoshi Kobayashi,Kimiyoshi,Kobayashi,,200,
0009-0003-1798-8502,Maria Andreina Cantele Saenz,Maria Andreina,Cantele Saenz,,200,
0009-0003-1817-5861,Louis-Justin Tallot,Louis-Justin,Tallot,,200,
0009-0003-1831-6900,Iman Mohamed,Iman,Mohamed,,200,
0009-0003-1838-7012,Yintao Wang,Yintao,Wang,,200,
0009-0003-1917-8589,Maria Bojorquez,Maria,Bojorquez,,200,
0009-0003-1947-9330,Tavis Linsin,Tavis,Linsin,,200,
0009-0003-1966-3314,Alan Bu,Alan,Bu,,200,
0009-0003-1967-0215,Anna Shelton,Anna,Shelton,,200,
0009-0003-1969-7098,Raphael Halff,Raphael,Halff,,200,
0009-0003-1978-7886,Sunil Gupta,Sunil,Gupta,,200,
0009-0003-1980-4025,Elena Vázquez-Moreno,Elena,Vázquez-Moreno,,200,
0009-0003-2004-4596,Ciara Williams,Ciara,Williams,,200,
0009-0003-2005-8082,Xuyue Zhang,Xuyue,Zhang,,200,
0009-0003-2007-1957,Rodrigo F Rangel,Rodrigo,Rangel,Rodrigo F Rangel,200,
0009-0003-2015-8059,Xiying Bao,Xiying,Bao,,200,
0009-0003-2019-1406,Ziyuan Zhao,Ziyuan,Zhao,,200,
0009-0003-2021-6052,Philips Nnaemeka Okeagu,Philips Nnaemeka,Okeagu,,200,
0009-0003-2048-7557,Eric Stones,Eric,Stones,,200,
0009-0003-2077-7474,"Nisha Agasthya, MD",Nisha,Agasthya,"Nisha Agasthya, MD",200,
0009-0003-2108-5293,MOHAMMED SAUD,MOHAMMED,SAUD,,200,
0009-0003-2176-5870,David Schulstein,David,Schulstein,,200,
0009-0003-2181-1670,Jill  Avery,Jill ,Avery,,200,
0009-0003-2184-9572,APK 1,APK,1,,200,
0009-0003-2185-4582,Mingyue Lun,Mingyue,Lun,,200,
0009-0003-2189-4680,Romain Hardy,Romain,Hardy,,200,
0009-0003-2197-4429,Luisa Udoh,Luisa,Udoh,,200,
0009-0003-2203-0040,Antoine A. Ruzette,Antoine A.,Ruzette,,200,
0009-0003-2223-0499,Adrija Chakrabarty,Adrija,Chakrabarty,,200,
0009-0003-2224-6239,Michelle Jace,Michelle,Jace,,200,
0009-0003-2250-5317,"Matthew, Matt, Matthew E., Matthew Edward, M. E., M. Edward Dardet","Matthew, Matt, Matthew E., Matthew Edward, M. E., M. Edward",Dardet,,200,
0009-0003-2325-058X,Jonathan Gero,Jonathan,Gero,,200,
0009-0003-2330-5341,Felix Chen,Felix,Chen,,200,
0009-0003-2369-0286,Julia Puglisi,Julia,Puglisi,,200,
0009-0003-2388-1795,Trisha Short,Trisha,Short,,200,
0009-0003-2407-8873,Fernando Chavarria,Fernando,Chavarria,,200,
0009-0003-2454-5638,Jennifer ,Jennifer ,,,200,
0009-0003-2469-9418,James Gethyn Evans,James Gethyn,Evans,,200,
0009-0003-2481-7816,Elizabeth Fortescue,Elizabeth,Fortescue,,200,
0009-0003-2487-0676,Dabin Choe,Dabin,Choe,,200,
0009-0003-2501-3772,Ryann Noe,Ryann,Noe,,200,
0009-0003-2514-9514,Dr Chândniée C T IYËNGÂR,Chândniée C. TǓSHÂR,IYËNGÂR (Dr CI),Dr Chândniée C T IYËNGÂR,200,
0009-0003-2528-1515,Alexander Hartley,Alexander,Hartley,,200,
0009-0003-2562-7184,Julia Duro,Julia,Duro,,200,
0009-0003-2566-3281,David,David,,,200,
0009-0003-2591-6875,Matthew Zheng,Matthew,Zheng,,200,
0009-0003-2620-3164,Jinming Chen,Jinming,Chen,,200,
0009-0003-2637-5820,Albéric de Lajarte,Albéric,de Lajarte,,200,
0009-0003-2651-4448,Juliana Kuipers,Juliana,Kuipers,,200,
0009-0003-2660-9148,Stephanie Castagliuolo,Stephanie,Castagliuolo,Stephanie Castagliuolo,200,
0009-0003-2674-9503,Jacob Paltrowitz,Jacob,Paltrowitz,,200,
0009-0003-2726-1323,Samay Prakash,Samay,Prakash,,200,
0009-0003-2741-6620,Avi Lipton,Avi,Lipton,,200,
0009-0003-2762-0402,Halely Balaban,Halely,Balaban,,200,
0009-0003-2802-1372,Elena Coley-O'Rourke,Elena,Coley-O'Rourke,,200,
0009-0003-2865-6124,Hui Li,Hui,Li,,200,
0009-0003-2869-0453,Tianna Tout-Puissant,Tianna,Tout-Puissant,,200,
0009-0003-2905-3712,Nicole Buie,Nicole Buie,,,200,
0009-0003-2919-1197,Victoria Berquist,Victoria,Berquist,,200,
0009-0003-2927-0434,Kelly A. O'Conor,Kelly,O'Conor,Kelly A. O'Conor,200,
0009-0003-2930-2993,Elias Partridge,Elias,Partridge,,200,
0009-0003-2939-2837,Nader Daoud,Nader,Daoud,,200,
0009-0003-2939-4226,Jonah Katz,Jonah,Katz,,200,
0009-0003-2965-6695,Meghan A. Marangola,Meghan,Marangola,Meghan A. Marangola,200,
0009-0003-2977-7753,Richard G. Künzel,Richard G.,Künzel,,200,
0009-0003-3017-3527,Henry Ayanna,Henry Ayanna,,,200,
0009-0003-3032-9771,Nathanial Freitas,Nathanial,Freitas,,200,
0009-0003-3077-8657,Jinghong Zhang,Jinghong,Zhang,,200,
0009-0003-3097-990X,Laura,Laura,,,200,
0009-0003-3130-8112,Abir Ray,Abir,Ray,,200,
0009-0003-3199-4060,Jiwoon Park,Jiwoon,Park,,200,
0009-0003-3225-6510,Frinny  Polanco Walters,Frinny ,Polanco Walters,,200,
0009-0003-3228-4474,"Rabia Brar, MD, SM, SQIL",Rabia,Brar,"Rabia Brar, MD, SM, SQIL",200,
0009-0003-3237-9545,Fiona Chen,Fiona,Chen,,200,
0009-0003-3237-9780,Jeremy Woolsey,Jeremy,Woolsey,,200,
0009-0003-3245-0399,Lisa Rena Groff Spikes,Lisa Rena Groff,Spikes,,200,
0009-0003-3256-2876,Danyue Dong,Danyue,Dong,,200,
0009-0003-3314-0982,Sindhu C Pillai,Sindhu,C Pillai,,200,
0009-0003-3334-3384,qianyi huang,qianyi,huang,,200,
0009-0003-3339-4675,Matthew Nicola,Matthew,Nicola,,200,
0009-0003-3351-0269,Jessica Gilman Gilman,Jessica Gilman,Gilman,,200,
0009-0003-3355-9855,James Lin,James,Lin,,200,
0009-0003-3391-5637,Hannah Scruggs,Hannah,Scruggs,,200,
0009-0003-3406-7449,Debjani Ganguly,Debjani,Ganguly,,200,
0009-0003-3413-4920,David James Sutton,David James,Sutton,,200,
0009-0003-3447-735X,Hayden  Sliger,Hayden ,Sliger,,200,
0009-0003-3472-4605,Shahinoor  Begum,Shahinoor ,Begum,,200,
0009-0003-3473-1485,Rajvi Parmar,Rajvi Parmar,,,200,
0009-0003-3496-633X,Sophie Hathaway,Sophie Hathaway,,,200,
0009-0003-3496-9282,Phuc Quang Vu,Phuc Quang,Vu,,200,
0009-0003-3502-9399,Aneri Bhatt,Aneri,Bhatt,,200,
0009-0003-3533-8482,Samantha J. Cassell,Samantha,Cassell,Samantha J. Cassell,200,
0009-0003-3581-002X,Diandra dos Santos Luz,Diandra,dos Santos Luz,,200,
0009-0003-3602-5461,Peter Benedek,Peter,Benedek,,200,
0009-0003-3630-3417,Tinotenda Musikavanhu,Tinotenda,Musikavanhu,,200,
0009-0003-3636-1852,Yoon Jae Shin,Yoon Jae,Shin,,200,
0009-0003-3650-4382,Tessa Lee Hautala,Tessa Lee,Hautala,,200,
0009-0003-3655-2421,Jennifer Gingrasfield,Jennifer,Gingrasfield,,200,
0009-0003-3660-0841,Lucia Wesemann,Lucia,Wesemann,,200,
0009-0003-3660-8608,Liangzong Ma,Liangzong,Ma,,200,
0009-0003-3677-7882,JACQUELINE OSHEROW,JACQUELINE,OSHEROW,,200,
0009-0003-3752-4182,Arba Kamberi,Arba,Kamberi,,200,
0009-0003-3757-1587,Maya,Maya,,,200,
0009-0003-3796-2254,Alyssa DuBois,Alyssa,DuBois,,200,
0009-0003-3828-2007,TingTing Yan,TingTing,Yan,,200,
0009-0003-3836-6438,Julius Borja Ju,Julius Borja,Ju,,200,
0009-0003-3932-6593,Robert Welch,Robert,Welch,,200,
0009-0003-3937-6320,Liander,Liander,,,200,
0009-0003-3994-6645,Sarah Lorgan-Khanyile,Sarah,Lorgan-Khanyile,,200,
0009-0003-3998-0122,Samuel Block,Samuel,Block,,200,
0009-0003-4014-8173,Mareike Mertens,Mareike,Mertens,,200,
0009-0003-4021-0774,shuhao zhang,shuhao,zhang,,200,
0009-0003-4099-1566,Siri Chilazi,Siri,Chilazi,,200,
0009-0003-4101-6746,Emily Knowlton,Emily,Knowlton,,200,
0009-0003-4121-1496,Sofia Vavaroutsos ,Sofia Vavaroutsos ,,,200,
0009-0003-4126-9786,Dongkyu Lim,Dongkyu,Lim,,200,
0009-0003-4152-277X,Nayun Eom,Nayun,Eom,,200,
0009-0003-4178-5502,Xiaohoa Ching,Xiaohoa,Ching,,200,
0009-0003-4183-209X,Divyanshu Tak,Divyanshu,Tak,,200,
0009-0003-4206-1792,Joseph LaFratta,Joseph,LaFratta,,200,
0009-0003-4226-5023,Suheila Mukhtar,Suheila,Mukhtar,,200,
0009-0003-4227-7745,Kevin Wang,Kevin,Wang,,200,
0009-0003-4234-5234,Yiwei Lyu,Yiwei,Lyu,,200,
0009-0003-4254-5543,Jack Lindsay,Jack,Lindsay,,200,
0009-0003-4262-6773,Piotr Kierner,Piotr,Kierner,,200,
0009-0003-4286-881X,Meihan  Guo,Meihan ,Guo,,200,
0009-0003-4290-5780,Eric Margolis,Eric,Margolis,,200,
0009-0003-4371-2200,Lisa Aaron,Lisa,Aaron,,200,
0009-0003-4389-522X,Euclides Major,Euclides,Major,,200,
0009-0003-4410-0388,Ziwei Yan,Ziwei,Yan,,200,
0009-0003-4421-924X,Yaqi Zhang,Yaqi,Zhang,,200,
0009-0003-4457-5631,Melissa Crocker,Melissa,Crocker,,200,
0009-0003-4460-9029,Rose Giroux,Rose,Giroux,,200,
0009-0003-4478-8442,Jonathan Schulz,Jonathan,Schulz,,200,
0009-0003-4525-5568,Hannah Hepner,Hannah,Hepner,,200,
0009-0003-4529-7274,Yu Fan,Yu,Fan,Yu Fan,200,
0009-0003-4553-4380,Connor Gravelle,Connor,Gravelle,,200,
0009-0003-4609-8787,Max Laubstein,Max,Laubstein,,200,
0009-0003-4660-7019,David Cifrino,David,Cifrino,,200,
0009-0003-4663-982X,Kailin Xu,Kailin,Xu,,200,
0009-0003-4694-5851,Stephanie Tabashneck,Stephanie,Tabashneck,,200,
0009-0003-4700-6581,sourav,sourav,,,200,
0009-0003-4732-2197,Rahaf  Tarawneh,Rahaf ,Tarawneh,,200,
0009-0003-4750-5786,Bowen Ma,Bowen,Ma,,200,
0009-0003-4761-304X,Jennifer Hyne,Jennifer,Hyne,,200,
0009-0003-4764-062X,Shawn Mobley,Shawn,Mobley,,200,
0009-0003-4766-6811,Jiahao Zhang,Jiahao,Zhang,,200,
0009-0003-4777-3342,Yue,Yue,,,200,
0009-0003-4815-1828,Jason Jorge,Jason,Jorge,,200,
0009-0003-4818-2130,Arnav Gupta,Arnav,Gupta,,200,
0009-0003-4838-1228,Philippa Frizzelle,Philippa,Frizzelle,,200,
0009-0003-4845-8977,Latelle Barton II,Latelle,Barton II,,200,
0009-0003-4877-3133,Maryam Guerrab,Maryam,Guerrab,,200,
0009-0003-4901-1907,Jessica Hankey,Jessica,Hankey,,200,
0009-0003-4923-6508,Alex Joel  Machuca,Alex Joel ,Machuca,,200,
0009-0003-4941-0174,Sona Kocinsky,Sona,Kocinsky,,200,
0009-0003-4942-4541,Seungyeun Cho,Seungyeun,Cho,,200,
0009-0003-4944-7372,Chloe Waters,Chloe,Waters,,200,
0009-0003-4970-5976,Javier Maravall-López,Javier,Maravall-López,,200,
0009-0003-4983-6378,Jordan Reyes,Jordan,Reyes,,200,
0009-0003-4999-1183,Helen Wajda,Helen,Wajda,,200,
0009-0003-5008-8944,Kaleigh Ann McAlaine Parisano,Kaleigh Ann,McAlaine Parisano,,200,
0009-0003-5079-024X,Gabrielle Garmo,Gabrielle Garmo,,,200,
0009-0003-5110-6518,Sum Lam,Sum,Lam,,200,
0009-0003-5143-3885,Justice Herrera,Justice,Herrera,,200,
0009-0003-5163-0416,Oscar Vazquez,Oscar,Vazquez,,200,
0009-0003-5167-7505,Robot hut bui Mi Viet Nam,Robot hut bui Mi Viet Nam,,,200,
0009-0003-5185-1796,Sophie Hill,Sophie,Hill,,200,
0009-0003-5209-0095,Jason Clarke,Jason,Clarke,,200,
0009-0003-5241-5697,Juliana Mariani,Juliana Mariani,,,200,
0009-0003-5251-5858,Supanat Phuangphong,Supanat,Phuangphong,,200,
0009-0003-5251-9525,Kaitlin Smith,Kaitlin,Smith,,200,
0009-0003-5252-5255,Brian Palmiter,Brian,Palmiter,,200,
0009-0003-5275-7558,Matthew Mitchell Keamy Blanco Blanco,Matthew Mitchell Keamy Blanco,Blanco,,200,
0009-0003-5297-6152,Emily Conlogue,Emily,Conlogue,,200,
0009-0003-5404-4957,Fabio Luchese,Fabio,Luchese,,200,
0009-0003-5432-7180,John Kovac,John,Kovac,,200,
0009-0003-5455-5677,Peter Aungle,Peter,Aungle,,200,
0009-0003-5478-5018,Megan Davies Davies,Megan Davies,Davies,,200,
0009-0003-5483-9901,Laura Kralicky,Laura,Kralicky,,200,
0009-0003-5518-5778,Andrew J. Snyder,Andrew J. Snyder,,,200,
0009-0003-5589-5331,Andrew Lim,Andrew,Lim,,200,
0009-0003-5609-2346,Apissada Jindarojanakul,Apissada,Jindarojanakul,,200,
0009-0003-5679-5930,Craig Mealmaker,Craig,Mealmaker,,200,
0009-0003-5711-8210,Daniela Dinulescu,Daniela,Dinulescu,,200,
0009-0003-5716-0777,James Ikeda,James,Ikeda,,200,
0009-0003-5753-2796,Samuel Okafor,Samuel,Okafor,,200,
0009-0003-5758-5732,Carol X. Long,Carol X.,Long,,200,
0009-0003-5792-6656,Gangsim Eom,Gangsim,Eom,,200,
0009-0003-5821-0916,Nitin Ranjan,Nitin,Ranjan,,200,
0009-0003-5826-4025,Dr. Shafatujjahan,Dr.,Shafatujjahan,Dr. Shafatujjahan,200,
0009-0003-5843-1751,Jack Linzhou Xing,Jack Linzhou,Xing,,200,
0009-0003-5857-0241,Bassil Bacare,Bassil Bacare,,,200,
0009-0003-5859-6556,Ashlyn Dunn,Ashlyn,Dunn,,200,
0009-0003-5970-570X,Jessica Cmiel,Jessica,Cmiel,,200,
0009-0003-5974-0820,Zain Memon,Zain,Memon,,200,
0009-0003-5991-7526,Ruby Guo,Ruby Guo,,,200,
0009-0003-6024-3565,Sylvia Langer,Sylvia,Langer,,200,
0009-0003-6077-0621,Nicole Kim,Nicole,Kim,,200,
0009-0003-6077-4227,Jessica Orozco Contreras,Jessica Orozco Contreras,,,200,
0009-0003-6103-1118,Sidrick,Sidrick,,,200,
0009-0003-6106-3507,Spencer Jacobs-Skolik,Spencer,Jacobs-Skolik,,200,
0009-0003-6111-0772,Zhaoye Zhou,Zhaoye,Zhou,,200,
0009-0003-6116-3874,Marc Hvidkjaer,Marc,Hvidkjaer,,200,
0009-0003-6130-8279,Tom He,Tom,He,,200,
0009-0003-6146-9013,Wins,Wins,,,200,
0009-0003-6167-4199,Kathernine Maina,Kathernine,Maina,,200,
0009-0003-6183-8042,Alan Leichtner,Alan,Leichtner,,200,
0009-0003-6189-2153,Mary Wallace,Mary,Wallace,,200,
0009-0003-6218-3121,Maaz Ahmad,Maaz Ahmad,,,200,
0009-0003-6219-3047,"Gustavo A. Velasquez, MD",Gustavo A.,Velasquez,"Gustavo A. Velasquez, MD",200,
0009-0003-6228-1741,Johannes W Vieweg,Johannes,Vieweg,Johannes W Vieweg,200,
0009-0003-6284-3599,Jaya,Jaya,,,200,
0009-0003-6290-9682,Hoskuldur Thrainsson,Hoskuldur,Thrainsson,,200,
0009-0003-6310-7382,William S. Young,William,Young,William S. Young,200,
0009-0003-6371-3534,Mali Halac,Mali,Halac,,200,
0009-0003-6404-9719,amie st laurent,amie,st laurent,,200,
0009-0003-6447-5232,John Joo Yiul Lee,John Joo Yiul,Lee,,200,
0009-0003-6519-5494,Angelina Maikova Beck,Angelina Maikova,Beck,,200,
0009-0003-6550-287X,Ricardo José Castro García,Ricardo José,Castro García,,200,
0009-0003-6568-7202,Zhuqing  Li,Zhuqing ,Li,,200,
0009-0003-6611-1475,Kiara Hernandez,Kiara,Hernandez,,200,
0009-0003-6668-8733,Owen Jin,Owen,Jin,,200,
0009-0003-6689-3497,Yesi Shi,Yesi,Shi,,200,
0009-0003-6689-7850,Ryan Mize,Ryan,Mize,,200,
0009-0003-6703-642X,J'Kayla Anthis,J'Kayla,Anthis,,200,
0009-0003-6716-7710,Pierre Repiton,Pierre,Repiton,,200,
0009-0003-6753-4576,Marcia Mendes McLean,Marcia,Mendes McLean,,200,
0009-0003-6764-808X,Grant Yang,Grant,Yang,,200,
0009-0003-6787-0342,Zhizhu Zhang,Zhizhu,Zhang,,200,
0009-0003-6787-7966,Lu Zheng,Lu,Zheng,,200,
0009-0003-6790-8427,Pedro Henrique  Evora Amaral,Pedro Henrique ,Evora Amaral,,200,
0009-0003-6805-3571,Donald  Ross,Donald ,Ross,,200,
0009-0003-6807-9173,Zechen Zhang,Zechen,Zhang,,200,
0009-0003-6808-6832,Yichi Xu,Yichi,Xu,,200,
0009-0003-6808-7085,Tenzin Tamula ,Tenzin,Tamula ,,200,
0009-0003-6840-1978,Xin Fang,Xin,Fang,,200,
0009-0003-6967-4134,Muwen Li,Muwen,Li,,200,
0009-0003-7017-8883,Atlas Sanogo,Atlas,Sanogo,,200,
0009-0003-7025-5471,Bassant Maher Mahboub,Bassant Maher,Mahboub,,200,
0009-0003-7049-128X,Radhika Sathe,Radhika,Sathe,,200,
0009-0003-7086-6301,Michael Reekie,Michael,Reekie,,200,
0009-0003-7098-5634,Chungman Kim,Chungman,Kim,,200,
0009-0003-7111-4937,Teddy Park,Teddy Park,,,200,
0009-0003-7131-8710,Zankar Desai,Zankar,Desai,,200,
0009-0003-7134-0344,Hua Cheng,Hua,Cheng,,200,
0009-0003-7191-5777,Raymond Paul Grogan,Raymond Paul Grogan,,,200,
0009-0003-7199-3644,Silvia Arora,Silvia,Arora,,200,
0009-0003-7242-7476,Gabriel Grajeda,Gabriel,Grajeda,,200,
0009-0003-7288-4191,Claudia,Claudia,,,200,
0009-0003-7319-6155,Adel Djellouli,Abderrahmane Adel Tayeb,DJELLOULI,Adel Djellouli,200,
0009-0003-7326-8171,Rindala Fayyad,Rindala,Fayyad,,200,
0009-0003-7340-4954,Arjun,Arjun,,,200,
0009-0003-7397-7509,Sabrina Del Valle,Sabrina Del Valle,,,200,
0009-0003-7411-4326,Jian Xiang,Jian,Xiang,,200,
0009-0003-7415-7676,Yareli Castro Sevilla,Yareli,Castro Sevilla,,200,
0009-0003-7496-1613,Aadit Saluja Saluja,Aadit Saluja,Saluja,,200,
0009-0003-7520-2096,Robert Hart,Robert,Hart,,200,
0009-0003-7526-609X,Changqian Zhou,Changqian,Zhou,,200,
0009-0003-7572-8530,Mitchell Lee,Mitchell,Lee,,200,
0009-0003-7609-1666,Melissa Shang,Melissa,Shang,,200,
0009-0003-7612-1060,Soumita Bhattacharya,Soumita,Bhattacharya,,200,
0009-0003-7613-5139,Lucas Valdes,Lucas,Valdes,,200,
0009-0003-7630-422X,Aditya Tummala,Aditya,Tummala,,200,
0009-0003-7635-9052,Bishoy Ibrahim,Bishoy,Ibrahim,,200,
0009-0003-7640-0086,Augusto Cezar  Alves Silva Borges ,Augusto Cezar ,Alves Silva Borges ,,200,
0009-0003-7657-3710,Doug Cheung,Doug,Cheung,,200,
0009-0003-7761-3980,Lydia Haupt Levy,Lydia,Haupt Levy,,200,
0009-0003-7761-7631,Betul,Betul,,,200,
0009-0003-7782-3718,Sara L. Lee,Sara,Lee,Sara L. Lee,200,
0009-0003-7783-7650,Seungyoon Jeong,Seungyoon,Jeong,,200,
0009-0003-7799-0057,Pascal Eber,Pascal,Eber,,200,
0009-0003-7808-2093,Brittany Bromfield,Brittany,Bromfield,,200,
0009-0003-7813-2097,Robert Khashan,Robert,Khashan,,200,
0009-0003-7861-9209,Rebecca Lemov,Rebecca,Lemov,,200,
0009-0003-7934-4286,Amanda Michael,Amanda Michael,,,200,
0009-0003-7957-1905,Ada Fang,Ada,Fang,,200,
0009-0003-7986-4783,Heyuan Qin,Heyuan,Qin,,200,
0009-0003-8024-7352,James Andrew Garth Adams,James Andrew Garth,Adams,,200,
0009-0003-8025-6152,Erica Kim,Erica,Kim,,200,
0009-0003-8085-2237,Simon Fabry,Simon,Fabry,,200,
0009-0003-8092-5985,Adi Sunderam,Adi,Sunderam,,200,
0009-0003-8101-7030,Sam Karasik,Sam,Karasik,,200,
0009-0003-8116-2529,Tom Lautenbach,Tom,Lautenbach,,200,
0009-0003-8136-1800,Lucas Martin,Lucas,Martin,,200,
0009-0003-8186-5865,Peter Habib,Peter Habib,,,200,
0009-0003-8208-0891,Armando Patino Perez,Armando,Patino Perez,,200,
0009-0003-8220-6204,Jared Genser,Jared,Genser,,200,
0009-0003-8233-1232,Riya Sivakumar,Riya,Sivakumar,,200,
0009-0003-8236-5328,Boris Vallee,Boris,Vallee,,200,
0009-0003-8237-2106,Anas BaHammam,Anas,BaHammam,,200,
0009-0003-8242-5044,Jonathan Zirin,Jonathan,Zirin,,200,
0009-0003-8247-3927,Sophia Hahjean Kim,Sophia Hahjean,Kim,,200,
0009-0003-8264-6429,Tianwei Jia,Tianwei,Jia,,200,
0009-0003-8279-4595,Hisam  Abdelfadil,Hisam ,Abdelfadil,,200,
0009-0003-8299-7149,Paulo Puterman,Paulo,Puterman,,200,
0009-0003-8311-8628,Virginia Canestraight,Virginia,Canestraight,,200,
0009-0003-8323-6843,Carmen Fajardo,Carmen,Fajardo,,200,
0009-0003-8363-1296,Diego Zafra-Bono,Diego,Zafra-Bono,,200,
0009-0003-8377-0405,Sydney Wiredu,Sydney,Wiredu,,200,
0009-0003-8403-2199,Amirreza Shaerpour,Amirreza,Shaerpour,,200,
0009-0003-8429-6581,Hector Vargas Acevedo,Hector,Vargas Acevedo,,200,
0009-0003-8441-6213,Len Liptak,Len,Liptak,,200,
0009-0003-8445-0278,Maurício Silvestre,Maurício,Silvestre,,200,
0009-0003-8448-3520,Shayan Taherkhani,Shayan,Taherkhani,Shayan Taherkhani,200,
0009-0003-8463-0690,Hannah Donner,Hannah,Donner,,200,
0009-0003-8470-7993,Minda Zhao,Minda,Zhao,,200,
0009-0003-8481-1432,Advait Patil,Advait Patil,,,200,
0009-0003-8484-1615,Linh Pham,Linh,Pham,,200,
0009-0003-8484-4365,Lingkai Kong,Lingkai,Kong,,200,
0009-0003-8562-7557,Rachel Kraff,Rachel,Kraff,,200,
0009-0003-8569-2893,K,K,,,200,
0009-0003-8588-2507,Jonathan Siegel,Jonathan,Siegel,,200,
0009-0003-8599-0698,Sophia Montgomery,Sophia,Montgomery,,200,
0009-0003-8605-7218,Stella Charbonneau ,Stella Charbonneau ,,,200,
0009-0003-8621-2150,Farah Mallah,Farah,Mallah,,200,
0009-0003-8641-0579,Andrew Cheng,Andrew,Cheng,,200,
0009-0003-8659-5171,Pablo Calvo,Pablo,Calvo,,200,
0009-0003-8661-7393,Charlotte Nyland,Charlotte Nyland,,,200,
0009-0003-8695-2095,Mack,Mack,,,200,
0009-0003-8708-236X,Gia-Han Le,Gia-Han,Le,,200,
0009-0003-8713-6946,Ziqing Ye,Ziqing,Ye,,200,
0009-0003-8732-5798,Juntong Yu,Juntong,Yu,,200,
0009-0003-8737-3554,Alexander Gong,Alexander,Gong,,200,
0009-0003-8773-2262,Maggie Xinran Zhang,Maggie Xinran,Zhang,,200,
0009-0003-8779-130X,Mohamed Hafez,Mohamed,Hafez,,200,
0009-0003-8787-5132,Jingxuan  Sun,Jingxuan ,Sun,,200,
0009-0003-8842-3672,Will Slatton,Will,Slatton,,200,
0009-0003-8878-5489,Ian Thompson,Ian,Thompson,,200,
0009-0003-8893-3162,Kuldip Mann,Kuldip,Mann,,200,
0009-0003-8895-4289,Ashvini Vallipuram,Ashvini,Vallipuram,,200,
0009-0003-8948-2260,Daniel Itkis,Daniel,Itkis,,200,
0009-0003-8949-2274,James Barnhill,James,Barnhill,,200,
0009-0003-9036-4341,Sophia DePaul DePaul,Sophia DePaul,DePaul,,200,
0009-0003-9056-9873,Isis Rodriguez,Isis,Rodriguez,,200,
0009-0003-9064-0377,Iris Jeffries,Iris,Jeffries,,200,
0009-0003-9080-0801,Kayla Gotangco Rodriguez,Kayla,Gotangco Rodriguez,,200,
0009-0003-9097-4334,Rose Witte,Rose,Witte,,200,
0009-0003-9142-5273,Aaron Berger,Aaron,Berger,,200,
0009-0003-9155-3945,Yiyan Lin,Yiyan,Lin,,200,
0009-0003-9176-6297,Federico  Fernandez-Kepka,Federico ,Fernandez-Kepka,,200,
0009-0003-9193-8685,Monique Slowly,Monique,Slowly,,200,
0009-0003-9232-0123,David Njuguna NJUGUNA,David Njuguna,NJUGUNA,,200,
0009-0003-9247-5926,Yash Lothe,Yash,Lothe,,200,
0009-0003-9259-6998,Minye Zhou,Minye,Zhou,,200,
0009-0003-9290-1913,Yannick Martin Sillmann,Yannick Martin,Sillmann,,200,
0009-0003-9301-2229,Alejandra Valdivia,Alejandra,Valdivia,,200,
0009-0003-9304-6648,Kheng-Sze Chan,Kheng-Sze,Chan,,200,
0009-0003-9318-6974,Robert Young,Robert,Young,,200,
0009-0003-9320-0211,Richard Edward Joltes,Richard Edward,Joltes,,200,
0009-0003-9352-5518,Kirstin Koepnick,Kirstin,Koepnick,,200,
0009-0003-9391-3676,Conor Cullinane,Conor,Cullinane,,200,
0009-0003-9406-0599,Qinxia Wang,Qinxia,Wang,,200,
0009-0003-9406-5509,Mario Nunez,Mario,Nunez,,200,
0009-0003-9468-2574,Anna,Anna,,,200,
0009-0003-9489-5692,Joseph Chartouni,Joseph,Chartouni,,200,
0009-0003-9491-1971,Isabella Noelle Lin,Isabella,Lin,Isabella Noelle Lin,200,
0009-0003-9491-9332,Abdalla Elzedy,Abdalla,Elzedy,,200,
0009-0003-9499-1107,Shannon Solis,Shannon,Solis,,200,
0009-0003-9502-7176,Sebastian Brixey-Williams,Sebastian,Brixey-Williams,,200,
0009-0003-9534-2336,Ashish Tonse,Ashish,Tonse,,200,
0009-0003-9550-9765,Christina Smiraglia,Christina,Smiraglia,,200,
0009-0003-9583-7400,Benjamin Maldonado,Benjamin,Maldonado,,200,
0009-0003-9663-7937,Nik Shingari Nik Shingari,Nik Shingari,Nik Shingari,,200,
0009-0003-9712-0657,Ching-Hsuan Lin,Ching-Hsuan,Lin,,200,
0009-0003-9715-4566,Jon Hanson,Jon,Hanson,,200,
0009-0003-9761-442X,Kelly Quinn,Kelly,Quinn,,200,
0009-0003-9797-6383,Roya Ahmadi,Roya,Ahmadi,,200,
0009-0003-9847-2726,Rohan Bhukar,Rohan,Bhukar,,200,
0009-0003-9874-1690,Yannic Vitz,Yannic Vitz,,,200,
0009-0003-9886-7824,David Beavers,David,Beavers,,200,
0009-0003-9895-8347,Nicholas Barnfield,Nicholas,Barnfield,,200,
0009-0003-9920-9997,Whitney Muscat Muscat,Whitney Muscat,Muscat,,200,
0009-0003-9937-970X,Jacob Miles Sims Speyer,Jacob Miles Sims Speyer,,,200,
0009-0003-9938-965X,Dalton Raykowski,Dalton,Raykowski,,200,
0009-0003-9986-2048,Karen Lavarnway,Karen,Lavarnway,,200,
0009-0003-9989-4066,Jake Swanson,Jake,Swanson,,200,
0009-0003-9995-1438,Neusa Nery Marton,Neusa Nery,Marton,,200,
0009-0004-0023-5288,Reeana Tazreean,Reeana,Tazreean,,200,
0009-0004-0037-0850,Jiayi Li,Jiayi,Li,,200,
0009-0004-0127-9928,Daniel Wilentz,Daniel,Wilentz,,200,
0009-0004-0163-3296,James McKernan,James,McKernan,,200,
0009-0004-0203-7330,Amr Madi,Amr,Madi,,200,
0009-0004-0218-1674,Ganavya  Doraiswamy,Ganavya ,Doraiswamy,,200,
0009-0004-0270-122X,Rachel Guo,Rachel,Guo,,200,
0009-0004-0291-7602,Katiuska J. Ramirez,Katiuska,Ramirez,Katiuska J. Ramirez,200,
0009-0004-0293-762X,Alexandra Gibbons,Alexandra,Gibbons,,200,
0009-0004-0329-2210,Phyu Pannu Khin,PhyuPannu,Khin,Phyu Pannu Khin,200,
0009-0004-0333-5110,Adam Hefetz,Adam,Hefetz,,200,
0009-0004-0356-8838,Tianye Huang,Tianye,Huang,,200,
0009-0004-0383-3478,"Hans, Minh-Hoang Bach-Nguyen","Hans, Minh-Hoang",Bach-Nguyen,,200,
0009-0004-0391-020X,L. John Fahrner,L. John,Fahrner,,200,
0009-0004-0414-3540,Krishna Iyer,Krishna,Iyer,,200,
0009-0004-0418-4799,Time Dos,Time,Dos,,200,
0009-0004-0423-9868,Danylo Leshchyshyn,Danylo,Leshchyshyn,,200,
0009-0004-0430-1000,Ahmed Hajikedir,Ahmed,Hajikedir,,200,
0009-0004-0435-8373,Ege,Ege,,,200,
0009-0004-0452-7173,Ido Ben Harush,Ido,Ben Harush,,200,
0009-0004-0465-5431,Anna Kordun,Anna,Kordun,,200,
0009-0004-0466-3730,Lorena Bergstrom,Lorena,Bergstrom,,200,
0009-0004-0467-0893,Brigette Brianna Kioko Kobs ,Brigette Brianna Kioko Kobs ,,,200,
0009-0004-0487-9064,Elena Assad,Elena,Assad,,200,
0009-0004-0534-132X,Dr. Priyanka Boettger,Dr. Priyanka,Boettger,,200,
0009-0004-0540-1636,Timothy  OMalley,Timothy ,OMalley,,200,
0009-0004-0542-9022,Marissa AARON,Marissa,AARON,,200,
0009-0004-0555-6857,Radu Balanean,Radu,BALANEAN,Radu Balanean,200,
0009-0004-0635-2231,Bianca Alcena,Bianca Alcena,,,200,
0009-0004-0664-973X,Htet Lin Aung,Htet Lin,Aung,,200,
0009-0004-0669-7686,Sasha Post,Sasha,Post,,200,
0009-0004-0683-5436,Sarah Slater,Sarah,Slater,,200,
0009-0004-0700-6330,Zhong Cao,Zhong,Cao,,200,
0009-0004-0704-3633,Peter Spiro,Peter,Spiro,,200,
0009-0004-0717-6735,Noa Jasmijn Menko,Noa Jasmijn,Menko,,200,
0009-0004-0730-1284,Holly Batchelder,Holly Batchelder,,,200,
0009-0004-0731-6961,Clay Holdsworth,Clay,Holdsworth,,200,
0009-0004-0757-9243,Jeffrey O. Aceves,Jeffrey,Aceves,Jeffrey O. Aceves,200,
0009-0004-0777-7258,Louna Kadoun,Louna,Kadoun,,200,
0009-0004-0781-8718,Ling Liu,Ling,Liu,,200,
0009-0004-0799-0673,Alyssa Greene,Alyssa,Greene,,200,
0009-0004-0841-7182,Patrick Kehoe,Patrick,Kehoe,,200,
0009-0004-0874-6752,Syndi Barish,Syndi Barish,,,200,
0009-0004-0923-4580,Hiroshi Nishiad,Hiroshi,Nishiad,,200,
0009-0004-0954-0043,Kayla Phelps,Kayla,Phelps,,200,
0009-0004-1003-4068,Lynn El Chaer,Lynn,El Chaer,,200,
0009-0004-1018-1543,Alexandra Daukaus,Alexandra,Daukaus,,200,
0009-0004-1034-0989,María Paula Ramírez Chaves,María Paula,Ramírez Chaves,,200,
0009-0004-1056-6021,Han Wang,Han,Wang,,200,
0009-0004-1109-7749,x3n xen,x3n,xen,,200,
0009-0004-1118-2222,Poorna,Poorna,,,200,
0009-0004-1125-8872,Chuqing Zhao,Chuqing,Zhao,,200,
0009-0004-1157-1009,Nora Trapp,Nora,Trapp,,200,
0009-0004-1173-0831,Annika La Vina,Annika,La Vina,,200,
0009-0004-1186-3853,shahin mowzoon,shahin,mowzoon,,200,
0009-0004-1210-4592,Malcolm Baker,Malcolm,Baker,,200,
0009-0004-1218-0149,Maria Sol Rosito,Maria Sol,Rosito,,200,
0009-0004-1243-2115,Ann N Vonasek,Ann,Vonasek,Ann N Vonasek,200,
0009-0004-1249-8536,Yihao Wu,Yihao,Wu,,200,
0009-0004-1250-801X,Mehmet Durmaz,Mehmet,Durmaz,,200,
0009-0004-1254-9903,Melanie Volz,Melanie,Volz,,200,
0009-0004-1257-1756,Gabriela Nieto Blanco,Gabriela,Nieto Blanco,,200,
0009-0004-1258-7993,Weijing Zhu,Weijing,Zhu,,200,
0009-0004-1269-0085,Leonard Palmer,Leonard,Palmer,,200,
0009-0004-1303-2172,Nicole Insuasty,Nicole Vanessa,Insuasty Chaves,Nicole Insuasty,200,
0009-0004-1308-7712,Mai Anh Tran,Mai Anh,Tran,,200,
0009-0004-1316-7640,Joseph Zarrella,Joseph,Zarrella,,200,
0009-0004-1331-4559,Shuming Kang,Shuming,Kang,,200,
0009-0004-1355-0084,David W. Giles,David W.,Giles,,200,
0009-0004-1400-1933,Nishka Patel,Nishka,Patel,,200,
0009-0004-1401-155X,Juhong Eom,Juhong,Eom,,200,
0009-0004-1416-5807,Richard Wilk,Richard,Wilk,,200,
0009-0004-1441-1553,Xinyu Yang,Xinyu,Yang,,200,
0009-0004-1477-2770,Lakshay Sood,Lakshay,Sood,,200,
0009-0004-1480-666X,Juye  Han,Juye ,Han,,200,
0009-0004-1509-7201,Kenneth Peterson,Kenneth,Peterson,,200,
0009-0004-1560-6838,Keshika Catakam,Keshika,Catakam,,200,
0009-0004-1564-7656,Jason Luo,Jason,Luo,,200,
0009-0004-1567-5526,Paul Gilbert,Paul,Gilbert,,200,
0009-0004-1581-7141,James Stratton,James,Stratton,,200,
0009-0004-1584-9303,Thanh Ha  Nguyen,Thanh Ha ,Nguyen,,200,
0009-0004-1588-1696,Aaron Throness,Aaron,Throness,,200,
0009-0004-1615-6613,Jill Steinberg,Jill,Steinberg,,200,
0009-0004-1654-9302,Ana Florescu-Ciobotaru,Ana,Florescu-Ciobotaru,,200,
0009-0004-1670-8799,Chengxian Xu,Chengxian,Xu,,200,
0009-0004-1677-8308,Lindsay Richerson,Lindsay,Richerson,,200,
0009-0004-1741-1719,Ben Fichtenkort,Ben,Fichtenkort,,200,
0009-0004-1766-6762,Sofia Chen,Sofia,Chen,,200,
0009-0004-1786-6801,Anthony Derveniadis Hernandez,Anthony,Derveniadis Hernandez,,200,
0009-0004-1807-1533,Phuong Linh Vu,Phuong Linh,Vu,,200,
0009-0004-1854-7968,Queenie Luo,Queenie,Luo,,200,
0009-0004-1862-4361,Liv Spina,Liv,Spina,,200,
0009-0004-1952-8056,Myeonghoon Han,Myeonghoon,Han,,200,
0009-0004-1983-5830,Morgan Goetz,Morgan,Goetz,,200,
0009-0004-1988-7630,Austin Birmingham,Austin Birmingham,,,200,
0009-0004-2003-7377,Hui Yang,Hui,Yang,,200,
0009-0004-2016-4106,Gorham Partington,Gorham,Partington,,200,
0009-0004-2068-6473,Dean Wang,Dean,Wang,Dean Wang,200,
0009-0004-2073-0163,Morten Ernebjerg,Morten,Ernebjerg,,200,
0009-0004-2087-9363,Justina R Yang,Justina,Yang,Justina R Yang,200,
0009-0004-2092-5673,Jia Jia  Zhang,Jia Jia ,Zhang,,200,
0009-0004-2117-0022,Munazzah Meraj,Munazzah,Meraj,,200,
0009-0004-2117-9895,Nicole L.  Hios,Nicole L. ,Hios,,200,
0009-0004-2125-3389,Christina Maria Brun,Christina Maria,Brun,,200,
0009-0004-2141-9676,Jonathan McCabe,Jonathan,McCabe,,200,
0009-0004-2142-1186,Kacey Fang,Kacey,Fang,,200,
0009-0004-2159-1572,Ann Marie Feinstein,Ann Marie,Feinstein,,200,
0009-0004-2214-4766,Ila Camara,Ila,Camara,,200,
0009-0004-2253-3833,Victoria Tian,Victoria Tian,,,200,
0009-0004-2257-0159,Jonathan Gilmour,Jonathan,Gilmour,,200,
0009-0004-2310-7756,Rahul Gupta,Rahul,Gupta,,200,
0009-0004-2315-8422,Karl Semaan,Karl,Semaan,,200,
0009-0004-2352-9924,Jialu Li,Jialu,Li,,200,
0009-0004-2377-8912,Ariel Zhao,Ariel,Zhao,,200,
0009-0004-2428-2329,Sijia Huo,Sijia,Huo,,200,
0009-0004-2442-3697,Ben Lewis,Ben,Lewis,,200,
0009-0004-2451-4847,Seth Whitsitt,Seth,Whitsitt,,200,
0009-0004-2492-095X,Aditya Nellore,Aditya,Nellore,,200,
0009-0004-2505-1362,Cherith Yoder,Cherith,Yoder,Cherith Yoder,200,
0009-0004-2510-1307,Sercan Akyalcin,Sercan,Akyalcin,,200,
0009-0004-2510-9026,Keyu Wu,Keyu,Wu,,200,
0009-0004-2536-3382,Sophie Annelotte Beatrijs van Tulder,Sophie Annelotte Beatrijs,van Tulder,,200,
0009-0004-2539-3557,Mohamed  Bourhil ,Mohamed ,Bourhil ,,200,
0009-0004-2558-2905,Bernabe Battista,Bernabe,Battista,,200,
0009-0004-2563-1463,Paul Griner,Paul,Griner,,200,
0009-0004-2586-3395,Chinedu Celestine Okpala,Chinedu Celestine,Okpala,,200,
0009-0004-2603-5700,Franklin Keller,Franklin,Keller,,200,
0009-0004-2609-4807,Aleksandar Kovacevic,Aleksandar,Kovacevic,,200,
0009-0004-2620-3081,Andrew Ntapalis,Andrew,Ntapalis,,200,
0009-0004-2646-6682,Jeffrey Breau,Jeffrey,Breau,,200,
0009-0004-2710-3357,"Johnny, John Richardson","Johnny, John",Richardson,,200,
0009-0004-2715-5843,,,,,409,http_409
0009-0004-2717-0189,Tianyi Zhou,Tianyi,Zhou,,200,
0009-0004-2720-2101,Skye Selina Flanigan,Skye Selina,Flanigan,,200,
0009-0004-2738-2587,Kevin Paul,Kevin,Paul,,200,
0009-0004-2851-3307,Tyler Shern,Tyler,Shern,,200,
0009-0004-2862-8550,Kobi Khong,Kobi,Khong,,200,
0009-0004-2897-9481,Nauphyll ZUBERI,Nauphyll,ZUBERI,,200,
0009-0004-2932-2158,Vasilika Kume,Vasilika,Kume,,200,
0009-0004-3013-1033,Lotem Loeb,Lotem,Loeb,,200,
0009-0004-3034-1911,Nicholas Miretti,Nicholas,Miretti,,200,
0009-0004-3048-3856,John Pulford,John,Pulford,,200,
0009-0004-3053-3403,Fedra Cabrera Solano,Fedra,Cabrera Solano,,200,
0009-0004-3062-070X,Kara Liebich,Kara,Liebich,,200,
0009-0004-3100-7392,Jae Hyun Kim,Jae Hyun,Kim,,200,
0009-0004-3175-737X,Emil Haedt,Emil,Haedt,,200,
0009-0004-3192-1256,Megan Richardson,Megan,Richardson,,200,
0009-0004-3195-2976,Sunday Ukaewen,Sunday,Ukaewen,,200,
0009-0004-3308-5183,Mihnea Popa,Mihnea,Popa,,200,
0009-0004-3323-7845,Annette Lienau,Annette,Lienau,,200,
0009-0004-3335-1891,Sriram Gudipelly,Sriram,Gudipelly,,200,
0009-0004-3359-3970,Alex,Alex,,,200,
0009-0004-3423-9535,Marco Mari,Marco,Mari,,200,
0009-0004-3442-6760,Malikiya Hinds,Malikiya Hinds,,,200,
0009-0004-3444-0757,Wenxin Zhang,Wenxin,Zhang,,200,
0009-0004-3465-2258,Bharat Anand,Bharat,Anand,,200,
0009-0004-3500-114X,Seongmin  Kim,Seongmin ,Kim,,200,
0009-0004-3556-1075,Huiru Dong,Huiru,Dong,,200,
0009-0004-3580-134X,Tien-Yu Lee,Tien-Yu,Lee,,200,
0009-0004-3603-2634,Shreya Nalluri,Shreya,Nalluri,,200,
0009-0004-3625-0527,Dotno Pount,Dotno,Pount,,200,
0009-0004-3650-0960,Kenan Touma,Kenan,Touma,,200,
0009-0004-3662-2263,Aizhan Akhmetzhanova,Aizhan,Akhmetzhanova,,200,
0009-0004-3679-1171,Kulneet Suri,Kulneet,Suri,,200,
0009-0004-3687-2000,Ziguang Lin,Ziguang,Lin,,200,
0009-0004-3692-961X,Medha Iyer,Medha Iyer,,,200,
0009-0004-3697-9406,Yi Hsu,Yi,Hsu,Yi Hsu,200,
0009-0004-3698-6673,Manjulika Rathi,Manjulika,Rathi,,200,
0009-0004-3720-3781,Hanif Mouehla,Hanif,Mouehla,,200,
0009-0004-3744-0496,Dr. Fatima Khurshid,Fatima,Khurshid,Dr. Fatima Khurshid,200,
0009-0004-3781-4873,Vivian R. Ye,Vivian,Ye,Vivian R. Ye,200,
0009-0004-3789-2409,Sarah Angell,Sarah,Angell,,200,
0009-0004-3790-0309,Katie Zhang,Katie,Zhang,,200,
0009-0004-3796-410X,Daniel Gabriel,Daniel,Gabriel,,200,
0009-0004-3805-5768,Celina Eugenia    Guzmán Acevedo ,Celina Eugenia  , Guzmán Acevedo ,,200,
0009-0004-3808-8519,Victoria Mae Rockwell,Victoria Mae,Rockwell,,200,
0009-0004-3813-2364,Luis Moreira,Luis,Moreira,,200,
0009-0004-3835-6317,Evan Carpenter,Evan,Carpenter,,200,
0009-0004-3865-3004,Kate Kaufman,Kate,Kaufman,,200,
0009-0004-3907-5920,Elizabeth Lindenberger,Elizabeth,Lindenberger,,200,
0009-0004-3938-0247,John Gillaspy,John,Gillaspy,,200,
0009-0004-3992-817X,Elizabeth Balch-Crystal,Elizabeth,Balch-Crystal,,200,
0009-0004-4017-4870,Emma Rackstraw,Emma,Rackstraw,,200,
0009-0004-4045-854X,Grace  Brady,Grace ,Brady,,200,
0009-0004-4088-2746,Daniel T. Roberts,Daniel T.,Roberts,,200,
0009-0004-4093-1018,Thomas Nelson,Thomas,Nelson,,200,
0009-0004-4163-2028,Jennifer  Wortham ,Jennifer ,Wortham ,,200,
0009-0004-4194-1584,Ivy T. Nguyen,Ivy T.,Nguyen,,200,
0009-0004-4202-4315,Jamie Wu,Jamie,Wu,,200,
0009-0004-4209-4129,Alexandra Wolff,Alexandra,Wolff,,200,
0009-0004-4210-6265,Ada Thapa,Ada,Thapa,,200,
0009-0004-4226-3930,Zehra  Yildirim,Zehra ,Yildirim,,200,
0009-0004-4250-7405,Adam Wang,Adam,Wang,,200,
0009-0004-4257-9898,Amina Antonia Touzos,Amina Antonia,Touzos,,200,
0009-0004-4284-257X,Jingting Liang,Jingting,Liang,,200,
0009-0004-4289-6842,Maxime Tixhon,Maxime,Tixhon,,200,
0009-0004-4304-7842,Zhiyi Zou,Zhiyi,Zou,,200,
0009-0004-4326-2905,Natalie Desilets,Natalie,Desilets,,200,
0009-0004-4446-7179,Kaeo Kekumano,Kaeo,Kekumano,,200,
0009-0004-4469-5083,Natalka Roshak,Natalka,Roshak,,200,
0009-0004-4470-7398,Samantha Singh,Samantha,Singh,,200,
0009-0004-4478-5353,Jingyi Wang,Jingyi,Wang,,200,
0009-0004-4504-0425,Roy Montibon,Roy,Montibon,,200,
0009-0004-4559-4399,Arya Prasad,Arya,Prasad,,200,
0009-0004-4604-9659,Kevin Coyle,Kevin,Coyle,,200,
0009-0004-4608-2328,Joshua McDaniel,Joshua,McDaniel,,200,
0009-0004-4616-0058,Zoe Zhiyu Ngo,Zoe (Zhiyu),Wu,Zoe Zhiyu Ngo,200,
0009-0004-4636-5061,Sarah Martinson,Sarah,Martinson,,200,
0009-0004-4696-2448,Juan Gomez,Juan,Gomez,,200,
0009-0004-4712-9271,Andreas Michael  Brandauer,Andreas Michael ,Brandauer,,200,
0009-0004-4715-8304,Nicolette  Hunter ,Nicolette ,Hunter ,,200,
0009-0004-4718-0990,Elizabeth  Meyer,Elizabeth ,Meyer,,200,
0009-0004-4718-2259,Ariel Freedman,Ariel Freedman,,,200,
0009-0004-4731-6608,Davide Cassara,Davide,Cassara,,200,
0009-0004-4752-0668,Maraisha Philogene,Maraisha,Philogene,,200,
0009-0004-4783-0105,Thao Vu,Thao,Vu,,200,
0009-0004-4791-7753,Dylan Jin-Ngo,Dylan,Jin-Ngo,,200,
0009-0004-4807-6319,Rachel H. Rosenman,Rachel,Rosenman,Rachel H. Rosenman,200,
0009-0004-4818-0255,Grace Wang,Grace,Wang,,200,
0009-0004-4818-2082,Kathleen Mary Ellen Gallagher,Kathleen Mary Ellen,Gallagher,,200,
0009-0004-4824-3113,Danny Devonne McLane,Danny Devonne,McLane,,200,
0009-0004-4831-2086,Rezaul Karim Ripon,Rezaul Karim,Ripon,,200,
0009-0004-4855-4210,Gareth Rulewski,Gareth,Rulewski,,200,
0009-0004-4881-1846,Stephanie I Stroll,Stephanie I,Stroll,,200,
0009-0004-4889-5533,Carol Warfield,Carol,Warfield,,200,
0009-0004-4913-0049,PK/Lauren Byunn-Rieder,PK/Lauren,Byunn-Rieder,,200,
0009-0004-4929-0923,Yuance Ning,Yuance,Ning,,200,
0009-0004-4953-4131,Sarah,Sarah,,,200,
0009-0004-4999-0858,Matthew Carson,Matthew,Carson,,200,
0009-0004-4999-6758,Oscar Volpe,Oscar,Volpe,,200,
0009-0004-5014-6320,Ryu Murakami,Ryu,Murakami,,200,
0009-0004-5032-6970,Jian Wang,Jian,Wang,,200,
0009-0004-5051-3135,Arin Rubinson,Arin,Rubinson,,200,
0009-0004-5054-7343,Katherine Tucker,Katherine,Tucker,,200,
0009-0004-5082-2915,J. Gregory Given,J. Gregory,Given,,200,
0009-0004-5083-6874,Kexin Yang,Kexin,Yang,,200,
0009-0004-5088-7647,Mike Velasquez,Mike,Velasquez,,200,
0009-0004-5111-4398,Rahul Prabhu,Rahul,Prabhu,,200,
0009-0004-5149-3674,Etai Koronyo,Etai,Koronyo,,200,
0009-0004-5150-1240,Manoj Kumar Dobbala,Manoj Kumar,Dobbala,,200,
0009-0004-5222-1814,Titouan Baraud,Titouan,Baraud,,200,
0009-0004-5240-2201,Okan Najib Ghedri,Okan Najib,Ghedri,,200,
0009-0004-5287-0283,Annie Zhanling  Wang ,Annie Zhanling ,Wang ,,200,
0009-0004-5315-7041,Lauren Kratky,Lauren,Kratky,,200,
0009-0004-5321-9513,Minghao Li,Minghao,Li,,200,
0009-0004-5325-4343,Muhammad Habib,Muhammad,Habib,,200,
0009-0004-5340-4508,Will William  Bednarz,Will William ,Bednarz,,200,
0009-0004-5408-936X,Keagan Gilmore,Keagan,Gilmore,,200,
0009-0004-5412-1286,Madeline Proctor,Madeline Proctor,,,200,
0009-0004-5526-6903,Tian Yang Zhou,Tian Yang,Zhou,,200,
0009-0004-5532-8983,Phoebe Eaton,Phoebe,Eaton,,200,
0009-0004-5565-7613,Claire Qu,Claire,Qu,,200,
0009-0004-5654-598X,John David Gingo,John David,Gingo,,200,
0009-0004-5674-8998,Erika Amemiya,Erika Amemiya,,,200,
0009-0004-5718-6667,Kiran Lam-Saili,Kiran,Lam-Saili,,200,
0009-0004-5728-7409,Aellah Kaage,Aellah,Kaage,,200,
0009-0004-5734-0759,Laura Ostrowsky,Laura,Ostrowsky,,200,
0009-0004-5780-5667,Victoria Hayes,Victoria Hayes,,,200,
0009-0004-5816-7425,Natalia Surzenko,Natalia,Surzenko,,200,
0009-0004-5847-8709,Yanqing  Cao,Yanqing ,Cao,,200,
0009-0004-5939-1947,Albert Ko,Albert,Ko,,200,
0009-0004-5993-8754,Christina E. Henzinger,Christina E.,Henzinger,,200,
0009-0004-6001-9106,Seonghwan Yee,Seonghwan,Yee,,200,
0009-0004-6002-4052,Matthew,Matthew,,,200,
0009-0004-6015-6338,Mayssa Ghouma,Mayssa,Ghouma,,200,
0009-0004-6059-7408,Kailyn  Mora,Kailyn ,Mora,,200,
0009-0004-6113-6654,Madeleine McGlynn,Madeleine,McGlynn,,200,
0009-0004-6129-8725,Eve Hiyori Estrada,Eve Hiyori,Estrada,,200,
0009-0004-6135-4280,Omenma Abengowe,Omenma,Abengowe,,200,
0009-0004-6161-6201,Brendon Anderson,Brendon Anderson,,,200,
0009-0004-6164-6208,Arham  Kazi,Arham ,Kazi,,200,
0009-0004-6172-3875,Winston Luo,Winston,Luo,,200,
0009-0004-6193-5093,Ismail Elmengad,Ismail,Elmengad,,200,
0009-0004-6213-487X,Frank Peprah,Frank Peprah,,,200,
0009-0004-6233-1777,Sukjin Jang,Sukjin,Jang,,200,
0009-0004-6246-6954,Rajiv Swamy,Rajiv,Swamy,,200,
0009-0004-6277-7154,Lisa  Cenca,Lisa ,Cenca,,200,
0009-0004-6333-1744,Sol Gutiérrez-Lara,Sol,Gutiérrez-Lara,,200,
0009-0004-6422-7658,Genevieve Dally-Watkins,Genevieve,Dally-Watkins,,200,
0009-0004-6468-9967,Jacob Minin,Jacob,Minin,,200,
0009-0004-6469-8740,Laura  Morse,Laura ,Morse,,200,
0009-0004-6474-3484,Manuel Meléndez-Sánchez,Manuel,Meléndez-Sánchez,Manuel Meléndez-Sánchez,200,
0009-0004-6495-9293,Axel Vega-Mancinas,Axel,Vega-Mancinas,,200,
0009-0004-6511-7143,Daniel Coleman,Daniel,Coleman,,200,
0009-0004-6539-700X,Mahaam Desai,Mahaam,Desai,,200,
0009-0004-6550-1196,Zahra Behroozeh,Zahra,Behroozeh,,200,
0009-0004-6558-2037,Stephen Hall-Nunez,Stephen,Hall-Nunez,,200,
0009-0004-6559-023X,Daniel McClintick,Daniel,McClintick,,200,
0009-0004-6575-2550,BRIANA BRIGHTLY,BRIANA,BRIGHTLY,,200,
0009-0004-6598-1484,Jingyun Qian,Jingyun,Qian,,200,
0009-0004-6685-7493,Camille ANDRE,Camille,ANDRE,,200,
0009-0004-6706-7856,Leon Kamp,Leon,Kamp,,200,
0009-0004-6726-6695,Denise Brodey,Denise,Brodey,,200,
0009-0004-6738-3517,Xu Tang,Xu,Tang,,200,
0009-0004-6744-3559,Titoluwa Alofe,Titoluwa,Alofe,,200,
0009-0004-6756-3331,Rosemary Buhrman,Rosemary,Buhrman,,200,
0009-0004-6764-9979,Ranjit Kher,Ranjit,Kher,,200,
0009-0004-6848-7115,Camilo Fernández Bravo ,Camilo,Fernández Bravo ,,200,
0009-0004-6890-5508,Devika Agrawal,Devika,Agrawal,,200,
0009-0004-6890-7327,Peter Richieri,Peter,Richieri,,200,
0009-0004-6906-486X,Andje Louis,Andje,Louis,,200,
0009-0004-6930-7243,Christina S. Gong,Christina,Gong,Christina S. Gong,200,
0009-0004-6944-1151,Audrey Ory,Audrey,Ory,,200,
0009-0004-6987-4766,Arthur Edwin Hale,Arthur Edwin Hale,,,200,
0009-0004-7024-4024,Angie Diana ,Angie Diana ,,,200,
0009-0004-7040-4825,Carl,Carl,,,200,
0009-0004-7041-3094,Suvin Sundararajan,Suvin Sundararajan,,,200,
0009-0004-7088-4195,Giancarlo Ospina,Giancarlo,Ospina,,200,
0009-0004-7157-253X,Chrystal  Aluya,Chrystal ,Aluya,,200,
0009-0004-7192-390X,Christopher Sanchez,Christopher,Sanchez,,200,
0009-0004-7194-3636,Kelly Greene Elrod,Kelly,Greene Elrod,,200,
0009-0004-7219-2598,Maia Alberts,Maia,Alberts,,200,
0009-0004-7230-5898,Allison Zhao,Allison,Zhao,,200,
0009-0004-7263-3357,Angel  Zhang,Angel ,Zhang,,200,
0009-0004-7298-0252,Ruymán Pérez Ramos,Ruymán,Pérez Ramos,,200,
0009-0004-7305-7195,Julia Collins,Julia,Collins,,200,
0009-0004-7321-8593,Lilja M. Quinn,Lilja,Quinn,Lilja M. Quinn,200,
0009-0004-7324-744X,Stevens Patino,Stevens,Patino,,200,
0009-0004-7331-6927,Doris Fu,Doris,Fu,,200,
0009-0004-7359-8127,Nikita-Kiran Singh,Nikita-Kiran,Singh,,200,
0009-0004-7363-989X,rodrigo bonilla,rodrigo,bonilla,,200,
0009-0004-7364-6977,Albert Zhu,Albert,Zhu,,200,
0009-0004-7429-0247,Lindiwe Rennert,Lindiwe,Rennert,,200,
0009-0004-7430-1399,Kevin Michael Panaro,Kevin Michael,Panaro,,200,
0009-0004-7487-2095,Michael Alexander Bruce Devoy,Michael Alexander Bruce,Devoy,,200,
0009-0004-7527-242X,Daniel Brooks,Daniel,Brooks,,200,
0009-0004-7527-2809,Sharon Ayalde,Sharon,Ayalde,,200,
0009-0004-7544-0753,Adele Collin,Adele,Collin,,200,
0009-0004-7550-1923,Quan Le,Quan,Le,,200,
0009-0004-7562-9273,Yasmine,Yasmine,,,200,
0009-0004-7568-7385,Lucas Funaro,Lucas,Funaro,,200,
0009-0004-7591-1340,Azad Khan,Mohammed Azad Khan,Abdus Salam,Azad Khan,200,
0009-0004-7640-4383,Yutian An,Yutian,An,,200,
0009-0004-7659-6872,Mingxuan Zhu,Mingxuan,Zhu,,200,
0009-0004-7675-9133,Gregory Nagy,Gregory,Nagy,,200,
0009-0004-7687-4342,Maha  ALSulaiman,Maha ,ALSulaiman,,200,
0009-0004-7689-3252,Claire Blechman,Claire,Blechman,,200,
0009-0004-7724-2873,Kate Mancey,Katherine,Mancey,Kate Mancey,200,
0009-0004-7781-1028,Maximilian Shah,Maximilian,Shah,,200,
0009-0004-7797-6025,James Rosenberg,James,Rosenberg,,200,
0009-0004-7811-2376,Melissa Bowman,Melissa,Bowman,,200,
0009-0004-7826-357X,Shota Uchiyama,Shota,Uchiyama,,200,
0009-0004-7844-2420,Xinran Li,Xinran,Li,,200,
0009-0004-7846-2886,Sofia Bennetts,Sofia,Bennetts,,200,
0009-0004-7849-0844,LaYow  Yu,LaYow ,Yu,,200,
0009-0004-7852-4311,Xueying Chen,Xueying,Chen,,200,
0009-0004-7870-120X,Beatrice  Lindstrom,Beatrice ,Lindstrom,,200,
0009-0004-7897-9076,Daton Haywood,Daton,Haywood,,200,
0009-0004-7918-9842,Caileigh Pierce,Caileigh Pierce,,,200,
0009-0004-7919-0501,Alex Baker,Alex,Baker,,200,
0009-0004-7930-8629,Madeline ,Madeline ,,,200,
0009-0004-7936-4786,Dominic Locurto,Dominic,Locurto,,200,
0009-0004-7947-9073,Qian-Ze Zhu,Qian-Ze,Zhu,,200,
0009-0004-7967-7002,Iris Sung,Iris,Sung,,200,
0009-0004-8023-636X,w x,w,x,,200,
0009-0004-8027-0445,Khalil Huseynov,Khalil,Huseynov,Khalil Huseynov,200,
0009-0004-8045-3874,learn Miyazaki,learn,Miyazaki,,200,
0009-0004-8059-1396,Hadi Rashidifard,Hadi,Rashidifard,,200,
0009-0004-8069-6366,Jessica Sun,Jessica,Sun,,200,
0009-0004-8073-7316,Patrick Delices,Patrick,Delices,,200,
0009-0004-8075-3199,Wenting Yu,Wenting,Yu,,200,
0009-0004-8077-394X,Aidan Zentner,Aidan,Zentner,,200,
0009-0004-8085-407X,Ross Mair,Ross,Mair,,200,
0009-0004-8085-6227,Maryam Tavakoli Kashi,Maryam,Tavakoli Kashi,,200,
0009-0004-8095-0600,Sophie Sun,Sophie Sun,,,200,
0009-0004-8132-787X,Ivan Teleshov,Ivan,Teleshov,,200,
0009-0004-8157-3675,Joe Currie,Joe,Currie,,200,
0009-0004-8180-180X,Anusha Devi Doddi,Anusha Devi,Doddi,,200,
0009-0004-8192-1879,Timothy Burns,Timothy,Burns,,200,
0009-0004-8216-9252,Omar Mohamed Mohamed,Omar Mohamed,Mohamed,,200,
0009-0004-8232-7580,Cesar Ferreyra-Mansilla,Cesar,Ferreyra-Mansilla,,200,
0009-0004-8236-0081,Sherab Chomphel,Sherab,Chomphel,,200,
0009-0004-8276-9688,Yohana  Fasel,Yohana ,Fasel,,200,
0009-0004-8316-0604,Xingyan Liu,Xingyan,Liu,,200,
0009-0004-8354-945X,Evan Biederstedt,Evan,Biederstedt,,200,
0009-0004-8373-7805,Armando Guio,Armando,Guio,,200,
0009-0004-8394-189X,"Katherine, Kate Rosengard","Katherine, Kate",Rosengard,,200,
0009-0004-8411-2196,Aytana Gonzalez,Aytana Gonzalez,,,200,
0009-0004-8426-5387,Khaled  Emam,Khaled ,Emam,,200,
0009-0004-8448-5718,Merwan Roudane,Merwan,Roudane,,200,
0009-0004-8458-2884,Frehiwot Tesfaye,Frehiwot,Tesfaye,,200,
0009-0004-8490-4943,Stefanos Palyvos,Stefanos Palyvos,,,200,
0009-0004-8513-9075,Ivan Vladimir Jaksic Andrade,Ivan Vladimir,Jaksic Andrade,,200,
0009-0004-8522-4333,Kevin Wei,Kevin,Wei,,200,
0009-0004-8530-7534,Eunice Chon,Eunice,Chon,,200,
0009-0004-8550-057X,Wee Yi Lee,Wee Yi,Lee,,200,
0009-0004-8623-7662,Rosalie Wolff von Gudenberg,Rosalie,Wolff von Gudenberg,,200,
0009-0004-8648-8883,Leonard Janke,Leonard,Janke,,200,
0009-0004-8672-7485,Esther Wang,Esther,Wang,,200,
0009-0004-8687-9876,David  Kanovich,David ,Kanovich,,200,
0009-0004-8704-2322,Angeli Sharma,Angeli,Sharma,,200,
0009-0004-8734-4793,Matthew Cavallo Cavallo,Matthew Cavallo,Cavallo,,200,
0009-0004-8742-7206,Gigi Ni,Gigi,Ni,,200,
0009-0004-8746-105X,Michael  Anderson,Michael ,Anderson,,200,
0009-0004-8746-7507,Hanyu Wang,Hanyu,Wang,,200,
0009-0004-8768-1642,Sydney Maeker Maeker,Sydney Maeker,Maeker,,200,
0009-0004-8819-0693,Yi Sun,Yi,Sun,,200,
0009-0004-8862-7269,Cornell William Brooks,Cornell William,Brooks,,200,
0009-0004-8864-6064,Lisa Lubarr,Lisa,Lubarr,,200,
0009-0004-8870-5319,Lisa Anne Kostur,Lisa Anne,Kostur,,200,
0009-0004-8904-5113,Jiachen Wan,Jiachen,Wan,,200,
0009-0004-8913-5397,WENYU YU,WENYU,YU,,200,
0009-0004-8942-1078,Nicole Groussis,Nicole,Groussis,,200,
0009-0004-8948-3623,Yan Qin,Yan Qin,,,200,
0009-0004-8968-8020,Myrzinn Armaelle Boucher-Durand,Myrzinn Armaelle,Boucher-Durand,,200,
0009-0004-8985-8093,Xiaowen KANG,Xiaowen,KANG,,200,
0009-0004-9015-8043,Nathon Smith,Nathon Smith,,,200,
0009-0004-9063-7984,Craig W. McFarland,Craig Waldence,McFarland,Craig W. McFarland,200,
0009-0004-9094-6314,Cameron Miller,Cameron Miller,,,200,
0009-0004-9158-3324,Lydia Tsega,Lydia,Tsega,,200,
0009-0004-9161-8507,Kuanhao Jiang,Kuanhao,Jiang,,200,
0009-0004-9167-9828,Gregory Woods,Gregory,Woods,,200,
0009-0004-9178-5102,Nicholas Agia,Nicholas,Agia,,200,
0009-0004-9195-9387,Anton Alexander Schoenweiss,Anton Alexander,Schoenweiss,,200,
0009-0004-9199-2953,Astrid King,Astrid,King,,200,
0009-0004-9221-2816,Ohm H. Patel,Ohm,Patel,Ohm H. Patel,200,
0009-0004-9225-0214,Joseph Longbottom,"Joseph ""JoJo""",Longbottom,Joseph Longbottom,200,
0009-0004-9300-5421,Jonathan King,Jonathan,King,,200,
0009-0004-9318-0676,Shereen Behairy,Shereen,Behairy,,200,
0009-0004-9333-2131,Ki-Do Eum,Ki-Do,Eum,,200,
0009-0004-9381-1626,Luc Bojorquez-Lopez,Luc,Bojorquez-Lopez,,200,
0009-0004-9387-7211,Usman Ahmed,Usman,Ahmed,,200,
0009-0004-9396-338X,Julie Reuben,Julie,Reuben,,200,
0009-0004-9424-7289,Jessica Oros,Jessica,Oros,,200,
0009-0004-9443-2118,Ethan Perkins,Ethan,Perkins,,200,
0009-0004-9478-3663,Flavien Marguerie,Flavien,Marguerie,,200,
0009-0004-9490-455X,Daniel Davis,Daniel,Davis,,200,
0009-0004-9569-8647,Nicholas Judt,Nicholas,Judt,,200,
0009-0004-9645-8661,Krisha Patel,Krisha,Patel,,200,
0009-0004-9656-4923,Jen  Candiano,Jen ,Candiano,,200,
0009-0004-9688-4265,George Rublev,George,Rublev,,200,
0009-0004-9708-9618,Fraea Renaerts,Fraea,Renaerts,,200,
0009-0004-9709-7570,Shay Elbaum,Shay,Elbaum,,200,
0009-0004-9760-7497,rodrigo bonilla,rodrigo,bonilla,,200,
0009-0004-9784-6789,Zahid Syed,Zahid,Syed,,200,
0009-0004-9785-0382,Paolo Joseph Lising,Paolo Joseph,Lising,,200,
0009-0004-9823-0740,David Hansen,David,Hansen,,200,
0009-0004-9827-4508,Gracia Kassis,Gracia,Kassis,,200,
0009-0004-9884-3731,Subin Jeong,Subin,Jeong,,200,
0009-0004-9905-5761,Audrey Kurash Cohen,Audrey Kurash,Cohen,,200,
0009-0004-9919-2483,David,David,,,200,
0009-0004-9925-9473,Hisham Tadfie,Hisham,Tadfie,,200,
0009-0004-9948-0549,Igor Desyatnikov,Igor,Desyatnikov,,200,
0009-0004-9964-8954,Jenny Wang,Jenny,Wang,,200,
0009-0005-0086-601X,Josh Joseph,Josh,Joseph,,200,
0009-0005-0105-5323,Gayeong Song,Gayeong,Song,,200,
0009-0005-0115-3708,Mark Philip Shehata,Mark,Philip Shehata,,200,
0009-0005-0115-9675,Dinesh C,Dinesh,C,,200,
0009-0005-0137-6485,Sara  Tomas,Sara ,Tomas,,200,
0009-0005-0191-6410,Sonya Feng,Sonya,Feng,,200,
0009-0005-0224-2200,Mary Kathryn Galli,Mary Kathryn,Galli,,200,
0009-0005-0233-2994,Imarhia,Imarhia,,,200,
0009-0005-0240-3887,Benson Wu,Benson,Wu,,200,
0009-0005-0272-6440,Isidoro Hazbun,Isidoro,Hazbun,,200,
0009-0005-0278-1802,Kristen,Kristen,,,200,
0009-0005-0294-398X,Micayla Flores,Micayla Flores,,,200,
0009-0005-0308-1867,Grace I. Dearden,Grace,Dearden,Grace I. Dearden,200,
0009-0005-0319-5952,Sining Tao,Sining,Tao,,200,
0009-0005-0378-1724,Zifeng Xue,Zifeng,Xue,,200,
0009-0005-0406-4794,Zhengyuan Wang,Zhengyuan,Wang,,200,
0009-0005-0422-9341,Yuchen Wang,Yuchen,Wang,,200,
0009-0005-0438-8895,Lucille Komar,Lucille,Komar,,200,
0009-0005-0442-6636,Samantha Batel Kane,Samantha Batel Kane,,,200,
0009-0005-0453-5410,Eric Jeong,Eric Jeong,,,200,
0009-0005-0466-9371,Obinna Modilim,Obinna,Modilim,,200,
0009-0005-0469-3689,Jose Javier Alcocer,Jose Javier,Alcocer,,200,
0009-0005-0492-3608,Eden Bobilev,Eden,Bobilev,,200,
0009-0005-0536-9813,Ethan Bott,Ethan Bott,,,200,
0009-0005-0560-2849,Emma Lin,Emma,Lin,,200,
0009-0005-0592-1460,Anna Kim,Anna,Kim,,200,
0009-0005-0639-7365,Adam DeLong,Adam,DeLong,,200,
0009-0005-0658-3264,Sheikh Muhammad Usman  Shami,Sheikh Muhammad Usman ,Shami,,200,
0009-0005-0686-2714,Lingdi Xu,Lingdi,Xu,,200,
0009-0005-0713-5818,Adan Eftekhari,Adan,Eftekhari,,200,
0009-0005-0736-4207,Roy Farrell Ginsberg,Roy Farrell Ginsberg,,,200,
0009-0005-0742-3086,Naomi Daniel,Naomi Daniel,,,200,
0009-0005-0751-9504,Justin Ho,Justin,Ho,,200,
0009-0005-0757-188X,Peter Black,Peter,Black,,200,
0009-0005-0786-4631,Carlos Perezcano,Carlos,Perezcano,,200,
0009-0005-0811-7507,Alex Przybyla,Alex,Przybyla,,200,
0009-0005-0854-9297,Amy Dierker,Amy,Dierker,,200,
0009-0005-0873-7968,Laura Dawes,Laura,Dawes,,200,
0009-0005-0902-6842,Nicole Grinspan,Nicole,Grinspan,,200,
0009-0005-0904-2746,Yuchang Su,Yuchang,Su,,200,
0009-0005-0905-9476,Lola DeAscentiis,Lola,DeAscentiis,,200,
0009-0005-0919-407X,Michael Angel Vazquez,Michael Angel,Vazquez,,200,
0009-0005-0935-5443,Jialiang Xiang,Jialiang,Xiang,,200,
0009-0005-0936-1552,Ren Liu,Ren,Liu,,200,
0009-0005-0992-743X,Ameena Mumthaz Mangattu Chalil,Ameena Mumthaz,Mangattu Chalil,,200,
0009-0005-1015-3443,hugo aboites,hugo,aboites,,200,
0009-0005-1027-9564,Kayla Baker,Kayla,Baker,,200,
0009-0005-1043-6507,Nneka Arinzeh,Nneka,Arinzeh,,200,
0009-0005-1061-0800,Sofia Vega,Sofia,Vega,,200,
0009-0005-1079-7871,Sandra Brandstetter,Sandra,Brandstetter,,200,
0009-0005-1085-3749,冼子彤 冼,冼子彤,冼,,200,
0009-0005-1116-3766,R. Todd Benson,R. Todd,Benson,,200,
0009-0005-1151-8213,Lina Kodaimati,Lina,Kodaimati,,200,
0009-0005-1166-0332,Stephan Foianini,Stephan,Foianini,,200,
0009-0005-1170-5860,Aleksandra Denisenko,Aleksandra,Denisenko,,200,
0009-0005-1254-5280,Hein Thu,Hein,Thu,Hein Thu,200,
0009-0005-1293-8498,Leon Gabriel,Leon Gabriel,,,200,
0009-0005-1337-8699,Clara Corcoran,Clara,Corcoran,,200,
0009-0005-1359-595X,José Guillermo Díaz Maldonado,José Guillermo,Díaz Maldonado,,200,
0009-0005-1363-9545,Puspa  Damayanti,Puspa ,Damayanti,,200,
0009-0005-1387-6129,Vreux Laure,Vreux,Laure,,200,
0009-0005-1392-4426,Nagwan  Elsayed,Nagwan ,Elsayed,,200,
0009-0005-1400-9959,Alison K. Chan,Alison K.,Chan,Alison K. Chan,200,
0009-0005-1402-5721,Elaine Lin,Elaine,Lin,,200,
0009-0005-1404-2783,Minheng Gong,Minheng,Gong,,200,
0009-0005-1412-3460,Ahmed Eldeeb,Ahmed,Eldeeb,,200,
0009-0005-1435-789X,Kristie La,Kristie,La,,200,
0009-0005-1437-469X,D'Wayne Bell,D'Wayne,Bell,,200,
0009-0005-1443-0428,SATOKO TABATA,SATOKO,TABATA,,200,
0009-0005-1447-2281,Alexandra Bratt,Alexandra,Bratt,,200,
0009-0005-1479-0749,Luis Vilanova Velez,Luis,Vilanova Velez,,200,
0009-0005-1622-3561,Preston Bushnell,Preston,Bushnell,,200,
0009-0005-1658-9846,Kira Bre Clingen,Kira Bre,Clingen,,200,
0009-0005-1673-1654,Vidhya Dev,Vidhya,Dev,,200,
0009-0005-1770-0163,Carrie Sarcione,Carrie,Sarcione,,200,
0009-0005-1802-6115,Shannon Rose Parker,Shannon Rose,Parker,,200,
0009-0005-1804-1286,Alexander Alessi,Alexander,Alessi,,200,
0009-0005-1858-2197,Vanessa Neergheen,Vanessa,Neergheen,,200,
0009-0005-1863-9691,Aidan Carey,Aidan,Carey,,200,
0009-0005-1877-1449,Francesco Pangalangan,Francesco,Pangalangan,,200,
0009-0005-1887-1773,Susan Radovsky,Susan,Radovsky,,200,
0009-0005-1899-4677,Kathryn Wenjun Li,Kathryn Wenjun Li,,,200,
0009-0005-1911-9487,Elizabeth Chun,Elizabeth,Chun,,200,
0009-0005-1914-974X,Anya Phillips,Anya,Phillips,,200,
0009-0005-1919-3409,Patrick Sanguineti,Patrick,Sanguineti,,200,
0009-0005-1935-3636,Alma Russell,Alma,Russell,,200,
0009-0005-1945-8024,Onyekachi  Agwu,Onyekachi ,Agwu,,200,
0009-0005-1993-043X,Justin Seward,Justin,Seward,,200,
0009-0005-1999-6375,Joey Ryu,Joey,Ryu,,200,
0009-0005-2030-572X,Kiley  Moran,Kiley ,Moran,,200,
0009-0005-2089-0471,Yoko Shibata,Yoko,Shibata,,200,
0009-0005-2125-2922,Fabrizio Serafini,Fabrizio,Serafini,,200,
0009-0005-2140-333X,Parthiban Babu,Parthiban,Babu,,200,
0009-0005-2162-9929,Nakhul,Nakhul,,,200,
0009-0005-2172-6278,Md Shazedull Islam Shakil,Md Shazedull Islam,Shakil,,200,
0009-0005-2205-1794,Kiran Kothuri,Kiran,Kothuri,,200,
0009-0005-2208-9952,Andrés A. Carrete,Andres,Carrete,Andrés A. Carrete,200,
0009-0005-2270-8872,Alexandra Chang,Alexandra,Chang,,200,
0009-0005-2319-6645,Amanda Ghilardi,Amanda,Ghilardi,,200,
0009-0005-2322-6971,Léa CAVALLI,Léa,CAVALLI,,200,
0009-0005-2344-7694,Jameson W Gregg,Jameson,Gregg,Jameson W Gregg,200,
0009-0005-2438-2730,Jason Saturno,Jason,Saturno,,200,
0009-0005-2456-8789,Rojina,Rojina,,,200,
0009-0005-2464-5676,Elias C Trapp,Elias C,Trapp,,200,
0009-0005-2498-0095,David Mond,David,Mond,,200,
0009-0005-2508-4460,Namrata Naskar,Namrata,Naskar,,200,
0009-0005-2511-3380,Thibaud METAIS,Thibaud,METAIS,,200,
0009-0005-2512-8400,Isabella Pfeiffer,Isabella,Pfeiffer,,200,
0009-0005-2521-3816,Kenny Legge,Kenny,Legge,,200,
0009-0005-2528-469X,Colleen McMahon,Colleen McMahon,,,200,
0009-0005-2559-2457,Arpit Bhate,Arpit,Bhate,,200,
0009-0005-2561-0395,Aarya,Aarya,,,200,
0009-0005-2571-7627,Brittany Anahi Bustos,Brittany Anahi,Bustos,,200,
0009-0005-2588-8522,Adam,Adam,,,200,
0009-0005-2662-6858,Orlaith Lasell,Orlaith,Lasell,,200,
0009-0005-2684-2040,Michaela Greenlee,Michaela,Greenlee,,200,
0009-0005-2686-2164,Yongli Li,Yongli,Li,,200,
0009-0005-2715-9809,Alizée Wagner,Alizée,Wagner,,200,
0009-0005-2739-936X,Melanie Ziegler,Melanie,Ziegler,,200,
0009-0005-2751-0427,Nagarajan Rajendran,Nagarajan,Rajendran,,200,
0009-0005-2774-053X,HAOJIAN DUI,HAOJIAN,DUI,,200,
0009-0005-2794-5527,Marguerite Curtis,Marguerite,Curtis,,200,
0009-0005-2869-9508,Tressa Montelli,Tressa,Montelli,,200,
0009-0005-2891-1935,Charles,Charles,,,200,
0009-0005-2952-7273,Xingyu Liu,Xingyu,Liu,,200,
0009-0005-2954-2991,Anika Shimonty,Anika,Shimonty,,200,
0009-0005-2975-2083,Jenna Rogers,Jenna,Rogers,,200,
0009-0005-3011-4935,Jessica Zhuo,Jessica,Zhuo,,200,
0009-0005-3030-1415,Nikolaus Bates-Haus,Nikolaus,Bates-Haus,,200,
0009-0005-3052-4555,Claudia Chu,Claudia,Chu,,200,
0009-0005-3070-9293,Kenneth Moales,Kenneth,Moales,,200,
0009-0005-3151-6186,Yewon Lee,Yewon,Lee,,200,
0009-0005-3178-7306,Kyu Young Chi,Kyu Young,Chi,,200,
0009-0005-3197-1226,Giulia,Giulia,,,200,
0009-0005-3236-8680,Claire Swadling,Claire,Swadling,,200,
0009-0005-3244-2908,Hanyu Zhong,Hanyu,Zhong,,200,
0009-0005-3246-0786,L.C. Thompson,L.C.,Thompson,,200,
0009-0005-3246-5122,Jen Ha,Jen,Ha,,200,
0009-0005-3255-7430,Hannah McLaughlin ,Hannah,McLaughlin ,,200,
0009-0005-3261-0393,Ethan Lee,Ethan,Lee,,200,
0009-0005-3340-8859,Rachel Gnieski,Rachel,Gnieski,,200,
0009-0005-3356-7286,Hevellyn Mc'Frei,Hevellyn Machado de Freitas,,Hevellyn Mc'Frei,200,
0009-0005-3451-846X,Pawan Ratra,Pawan,Ratra,,200,
0009-0005-3452-160X,Irene Lang,Irene,Lang,,200,
0009-0005-3533-3766,David B. Rosenberg,"David Ben, David B.",Rosenberg,David B. Rosenberg,200,
0009-0005-3544-4597,维佳 马,维佳,马,,200,
0009-0005-3625-7494,Leora Sutton,Leora Sutton,,,200,
0009-0005-3637-2249,Karina Bellavia,Karina,Bellavia,,200,
0009-0005-3658-8904,William Hoffman,William,Hoffman,,200,
0009-0005-3664-9535,Sebastian Boehm,Sebastian,Boehm,,200,
0009-0005-3673-553X,Avni Kamat,Avni Kamat,,,200,
0009-0005-3697-1508,Sean Norick Long,Sean,Norick Long,,200,
0009-0005-3702-3016,Yanhong Duo,Yanhong,Duo,,200,
0009-0005-3712-3324,Hongzhang Xie,Hongzhang,Xie,,200,
0009-0005-3712-3367,sangeetha rao,sangeetha,rao,,200,
0009-0005-3741-6098,Kendra Justine McLaughlin,Kendra Justine,McLaughlin,,200,
0009-0005-3775-9445,Isabel  Tate,Isabel ,Tate,,200,
0009-0005-3798-9427,Harrison Hsiang,Harrison,Hsiang,,200,
0009-0005-3805-2687,Eliana DaCunha,Eliana,DaCunha,,200,
0009-0005-3851-5952,Uri Schreter,Uri,Schreter,,200,
0009-0005-3860-0284,Chiranth Prakash,Chiranth,Prakash,,200,
0009-0005-3867-6975,DIEGO SCARDONE,DIEGO,SCARDONE,,200,
0009-0005-3900-8389,Daniel Bills,Daniel,Bills,,200,
0009-0005-3956-3294,xiulin li,xiulin,li,,200,
0009-0005-3965-6407,Barclay,Barclay,,,200,
0009-0005-4005-346X,Kavya  Thanki,Kavya ,Thanki,,200,
0009-0005-4015-9141,Daniel Paydarfar,Daniel,Paydarfar,,200,
0009-0005-4049-1769,Georgios Kimourtzis ,Georgios,Kimourtzis ,,200,
0009-0005-4114-6350,Dominique Virgil,Dominique,Virgil,,200,
0009-0005-4128-8527,Max Thompson,Max,Thompson,,200,
0009-0005-4145-4636,Janice Jhang,Janice,Jhang,,200,
0009-0005-4157-6369,Antony Tan,Antony,Tan,,200,
0009-0005-4161-5831,Liu Zhang,Liu,Zhang,,200,
0009-0005-4201-4763,Michael Chang,Michael,Chang,,200,
0009-0005-4205-1652,Austin Luo,Austin,Luo,,200,
0009-0005-4215-9356,Mah-Afroze Chughtai,Mah-Afroze,Chughtai,,200,
0009-0005-4220-5826,Sayalee Patankar,Sayalee,Patankar,,200,
0009-0005-4284-7730,Panayiota Mini,Panayiota,Mini,,200,
0009-0005-4305-7060,Sarah Rathnam,Sarah,Rathnam,,200,
0009-0005-4327-2668,Alyssa Weninger,Alyssa Weninger,,,200,
0009-0005-4327-4495,Max Melnikas,Max,Melnikas,,200,
0009-0005-4328-8766,Nicholas Laws,Nicholas,Laws,,200,
0009-0005-4332-2899,Matthias Jammot,Matthias,Jammot,,200,
0009-0005-4340-689X,DONALD OLORUNTOBO,DONALD,OLORUNTOBO,,200,
0009-0005-4358-9139,Avantika Kumar,Avantika,Kumar,,200,
0009-0005-4363-3750,Andy  Kim,Andy ,Kim,,200,
0009-0005-4390-2770,Jeremy,Jeremy,,,200,
0009-0005-4397-3915,Xinyi Gao,Xinyi,Gao,,200,
0009-0005-4406-3120,Joseph Paolo Silva,Joseph Paolo,Silva,,200,
0009-0005-4410-5204,Soline Boussard,Soline,Boussard,,200,
0009-0005-4418-4600,Chloe Chan,Chloe,Chan,,200,
0009-0005-4445-5132,Garrett Wheeler,Garrett,Wheeler,,200,
0009-0005-4462-993X,Ben UyHam Davis,Ben UyHam,Davis,,200,
0009-0005-4521-6934,Pavan V. Thakkar,Pavan,Thakkar,Pavan V. Thakkar,200,
0009-0005-4527-7315,Sara Raza,Sara,Raza,,200,
0009-0005-4564-6205,Joan Gakii Masunga,Joan Gakii,Masunga,,200,
0009-0005-4590-1026,Aashna Shah,Aashna,Shah,,200,
0009-0005-4598-9865,Joseph Esler,Joseph,Esler,,200,
0009-0005-4601-7478,John D Macomber,John D,Macomber,,200,
0009-0005-4627-4415,Dana Youssef,Dana,Youssef,,200,
0009-0005-4635-8950,Claire Decker,Claire,Decker,,200,
0009-0005-4660-4998,Nelson Lara,Nelson,Lara,,200,
0009-0005-4662-8439,Zia Shakir,Zia,Shakir,,200,
0009-0005-4697-0226,Marnie Gelbart,Marnie,Gelbart,,200,
0009-0005-4733-7801,David Miller,David,Miller,,200,
0009-0005-4753-3845,Kenneth Ndam,Kenneth,Ndam,,200,
0009-0005-4768-5902,Eyad Fallatah,Eyad,Fallatah,,200,
0009-0005-4812-324X,Xuanxuan Liu,Xuanxuan,Liu,,200,
0009-0005-4867-0593,Yanyan Hu,Yanyan,Hu,,200,
0009-0005-4873-8658,Shahid Khan,Shahid,Khan,,200,
0009-0005-4949-5758,Leonardo Todeschini,Leonardo,Todeschini,,200,
0009-0005-4959-6399,Abenezer Zenebe Kebede,Abenezer Zenebe,Kebede,,200,
0009-0005-4975-0819,Amanda Baier,Amanda,Baier,,200,
0009-0005-4976-6618,Emily Blank,Emily,Blank,,200,
0009-0005-4980-5197,Allyson Dennis,Allyson,Birger Dennis,Allyson Dennis,200,
0009-0005-4997-2833,Paulkichna Merove,Paulkichna Merove,,,200,
0009-0005-5010-876X,Yebin Wang,Yebin,Wang,,200,
0009-0005-5017-6551,Elena Britt,Elena,Britt,,200,
0009-0005-5027-1145,Annagrace Bricker,Annagrace,Bricker,,200,
0009-0005-5056-0019,Christopher Douglas Walker,Christopher Douglas,Walker,,200,
0009-0005-5099-5055,Patrick Stock,Patrick,Stock,,200,
0009-0005-5126-0093,Sofia Melnychuck,Sofia,Melnychuck,,200,
0009-0005-5140-2354,David Lawson,David,Lawson,,200,
0009-0005-5148-7298,Daniel Roberts,Daniel,Roberts,,200,
0009-0005-5239-371X,Elliot Voos,Elliot,Voos,,200,
0009-0005-5257-6372,Natalie Bao Tram Le,Natalie,Le,Natalie Bao Tram Le,200,
0009-0005-5292-4824,PJ,PJ,,,200,
0009-0005-5305-8198,Will Nemeth,Will,Nemeth,Will Nemeth,200,
0009-0005-5410-0781,Tatiana Marin,Tatiana,Marin,,200,
0009-0005-5426-8998,Heather Hsun Chang,Heather Hsun,Chang,,200,
0009-0005-5468-9549,Maya Komakhidze,Maya,Komakhidze,,200,
0009-0005-5469-5754,Edem Uwem,Edem,Uwem,,200,
0009-0005-5487-084X,Dafna Bearson,Dafna,Bearson,,200,
0009-0005-5560-3233,Katherine McManus,Katherine,McManus,,200,
0009-0005-5610-5500,Alex J. Dong,Alex,Dong,Alex J. Dong,200,
0009-0005-5614-9036,Sonia Pothraj,Sonia Pothraj,,,200,
0009-0005-5615-2016,Aya Abdelnaser,Aya,Abdelnaser,,200,
0009-0005-5646-5629,Amber Y.X Wu,Amber Y.X,Wu,,200,
0009-0005-5699-0757,Victor Svistunov,Victor,Svistunov,,200,
0009-0005-5770-2243,Michelle Chang,Michelle,Chang,,200,
0009-0005-5780-5963,Angie De La Cruz,Angie,De La Cruz,,200,
0009-0005-5793-1361,Christian,Christian,,,200,
0009-0005-5811-6430,CARLOS  TORRES NAVA,CARLOS ,TORRES NAVA,,200,
0009-0005-5822-7528,Bilal Irfan,Bilal,Irfan,,200,
0009-0005-5832-7211,quark,quark,,,200,
0009-0005-5849-3500,Younghun,Younghun,,,200,
0009-0005-5863-0827,Marcos Cristóbal Herrera Rocafuerte,Marcos Cristóbal Herrera Rocafuerte,,,200,
0009-0005-5889-1832,Kelly Dougherty,Kelly Dougherty,,,200,
0009-0005-5897-7425,David Hays,David,Hays,,200,
0009-0005-5900-3649,Peter  Shaw Ashton,Peter  Shaw,Ashton,,200,
0009-0005-5926-9260,aabb aasxx,aabb,aasxx,,200,
0009-0005-5942-5817,Elizabeth Ann Rochon,Elizabeth Ann,Rochon,,200,
0009-0005-5966-9555,Jacob Baird,Jacob,Baird,,200,
0009-0005-6004-0498,Adriana  Saba,Adriana ,Saba,,200,
0009-0005-6026-2736,Matthew Garcia,Matthew,Garcia,,200,
0009-0005-6028-3019,Yu Zhang,Yu,Zhang,,200,
0009-0005-6034-0028,Virginia Ribeiro Hartman,Virginia,Ribeiro Hartman,,200,
0009-0005-6037-5300,Belinda Lesser,Belinda,Lesser,,200,
0009-0005-6115-8156,Yiwei Wang,Yiwei,Wang,,200,
0009-0005-6156-3303,Grace  Bayas,Grace ,Bayas,,200,
0009-0005-6182-5756,Hannah Choh,Hannah Choh,,,200,
0009-0005-6221-4009,Britney Zhang,Britney,Zhang,,200,
0009-0005-6226-8082,Xcanda Ixchel Herrera Lopez,Xcanda Ixchel,Herrera Lopez,,200,
0009-0005-6234-8656,Caroline Elizabeth Light,Caroline Elizabeth Light,,,200,
0009-0005-6337-0564,Nicholas Shawn Chavez,Nic,Chavez,Nicholas Shawn Chavez,200,
0009-0005-6381-521X,Matthew Durno,Matthew,Durno,,200,
0009-0005-6470-8264,亚博体育 yabocc,亚博体育,yabocc,,200,
0009-0005-6476-926X,Aparajita,Aparajita,,,200,
0009-0005-6485-2362,Devin King,Devin,King,,200,
0009-0005-6489-5936,Alyson,Alyson,,,200,
0009-0005-6505-0740,Elise Courtney,Elise,Courtney,,200,
0009-0005-6530-1335,Han Nguyen,Han Nguyen,,,200,
0009-0005-6536-9639,Kamala Pullakhandam,Kamala,Pullakhandam,,200,
0009-0005-6553-1018,Weiqian,Weiqian,,,200,
0009-0005-6631-5456,Alexzandra Medina,Alexzandra Medina,,,200,
0009-0005-6707-5001,Olivia Kyo Sato,Olivia Kyo,Sato,,200,
0009-0005-6733-6320,Naim Mekdessi,Naim Mekdessi,,,200,
0009-0005-6752-3302,Ali,Ali,,,200,
0009-0005-6764-143X,Sarah Tsou,Sarah,Tsou,,200,
0009-0005-6774-8042,Amanda Fortune,Amanda,Fortune,,200,
0009-0005-6810-3545,Mitchell Curtis,Mitchell,Curtis,,200,
0009-0005-6836-2010,Lingbang Zhu,Lingbang,Zhu,,200,
0009-0005-6840-003X,NINGNING MA,NINGNING,MA,,200,
0009-0005-6848-6670,Hyeokjin Kwon,Hyeokjin,Kwon,Hyeokjin Kwon,200,
0009-0005-6860-266X,Stephen Goldsmith,Stephen,Goldsmith,,200,
0009-0005-6868-3439,Xiaomei Sun,Xiaomei,Sun,,200,
0009-0005-6868-6277,Lauren Mock,Lauren,Mock,,200,
0009-0005-6914-5819,Billy Burgess,Billy,Burgess,,200,
0009-0005-6917-9293,Laure Tobiasz Veltz,Laure,Tobiasz Veltz,,200,
0009-0005-6985-245X,RAKESHKUMAR PATEL,RAKESHKUMAR,PATEL,,200,
0009-0005-6992-920X,Grace Luettgen,Grace,Luettgen,,200,
0009-0005-7003-8842,Johanna Tvedt,Johanna,Tvedt,,200,
0009-0005-7009-6874,Xiangkun Han,Xiangkun,Han,,200,
0009-0005-7026-3812,Andres Martinez Arroyo,Andres,Martinez Arroyo,,200,
0009-0005-7029-634X,Kopi Alinea,Kopi,Alinea,,200,
0009-0005-7037-5240,Luke Stewart,Luke,Stewart,,200,
0009-0005-7037-8230,Aiden Bowers,Aiden,Bowers,,200,
0009-0005-7038-0648,Rachel Jean Lovejoy,Rachel Jean,Lovejoy,,200,
0009-0005-7042-9931,Raúl Arturo Chávez Sarmiento,Raúl Arturo,Chávez Sarmiento,,200,
0009-0005-7069-3054,Alexa Ramirez,Alexa,Ramirez,,200,
0009-0005-7081-6499,Davis Smith,Davis,Smith,,200,
0009-0005-7085-8162,Derek Graham Handley,Derek Graham,Handley,,200,
0009-0005-7089-2643,Tulika  Rudra Gupta,Tulika ,Rudra Gupta,,200,
0009-0005-7102-9534,Rong Huang,Rong,Huang,,200,
0009-0005-7151-0889,Roy McCall,Roy,McCall,,200,
0009-0005-7152-8667,Sophia Krüger,Sophia,Krüger,,200,
0009-0005-7212-164X,Kang Xiong,Kang,Xiong,,200,
0009-0005-7227-323X,Sangeon Kim,Sangeon,Kim,,200,
0009-0005-7250-4202,Josue Abel Rodriguez,Josue Abel,Rodriguez,,200,
0009-0005-7277-5301,Xiaokun Yang,Xiaokun,Yang,,200,
0009-0005-7286-2042,Davide Bray,Davide,Bray,,200,
0009-0005-7300-789X,Nikhil Sahni,Nikhil,Sahni,,200,
0009-0005-7328-6235,Jocelyn Sears,Jocelyn,Sears,,200,
0009-0005-7344-6964,Nasim Motayar,Nasim,Motayar,,200,
0009-0005-7375-043X,Renee Simenona Martinez,Renee Simenona,Martinez,Renee Simenona Martinez,200,
0009-0005-7425-0138,Raphaël Raux,Raphaël,Raux,,200,
0009-0005-7443-7437,Jihwan Jeong,Jihwan,Jeong,,200,
0009-0005-7471-1432,Mehul Smriti Raje,Mehul Smriti,Raje,,200,
0009-0005-7480-3898,Guiselle  Navarro Martínez ,Guiselle ,Navarro Martínez ,,200,
0009-0005-7494-6127,Hilina Woldemichael,Hilina,Woldemichael,,200,
0009-0005-7507-7429,Madelyn Stearns,Madelyn,Stearns,,200,
0009-0005-7508-4127,Amanda Wallace,Amanda,Wallace,,200,
0009-0005-7581-2956,Paul Gillis-Smith,Paul,Gillis-Smith,,200,
0009-0005-7600-0810,Charlotte Chang,Charlotte,Chang,,200,
0009-0005-7606-6246,Raadhay Patel,Raadhay,Patel,,200,
0009-0005-7642-5093,Helen Knight,Helen,Knight,,200,
0009-0005-7646-878X,Eve Johnson,Eve,Johnson,,200,
0009-0005-7706-1535,Junxi Feng,Junxi,Feng,,200,
0009-0005-7723-3376,Chin-Hsuan Chen,Chin-Hsuan,Chen,,200,
0009-0005-7724-0330,Marissa Kings-Garwig,Marissa,Kings-Garwig,,200,
0009-0005-7725-5161,Jennette Prince,Jennette,Prince,Jennette Prince,200,
0009-0005-7782-0909,Gent Nakamura,Gent,Nakamura,,200,
0009-0005-7784-0803,Jennifer kim,Jennifer,kim,,200,
0009-0005-7790-8310,Andrea  Oliveros Vega ,Andrea ,Oliveros Vega ,,200,
0009-0005-7868-1744,Margan Limbu,Margan,Limbu,,200,
0009-0005-7879-6410,Samnhita Raychaudhuri,Samnhita,Raychaudhuri,,200,
0009-0005-7904-1247,Aaron Molnar,Aaron,Molnar,,200,
0009-0005-7904-4747,Nathan Elias Jeffries,Nathan,Jeffries,Nathan Elias Jeffries,200,
0009-0005-7922-8503,Emily  Pitts,Emily ,Pitts,,200,
0009-0005-7943-1077,Jacob Huckelberry,Jacob,Huckelberry,,200,
0009-0005-7976-1105,Grace St. Laurent,Grace,St. Laurent,,200,
0009-0005-8017-0169,Jason Dank,Jason,Dank,,200,
0009-0005-8032-0200,Tzu-Ken Shen,Tzu-Ken,Shen,,200,
0009-0005-8060-2996,Soojin Eun,Soojin,Eun,,200,
0009-0005-8073-0939,Khanh P. Nguyen,Khanh,Nguyen,Khanh P. Nguyen,200,
0009-0005-8126-1791,Nyamal,Nyamal,,,200,
0009-0005-8143-1893,Charmaine Fong,Charmaine,Fong,,200,
0009-0005-8217-1341,Tanveer Ahmed,Tanveer,Ahmed,,200,
0009-0005-8219-544X,Daryl Li,Daryl,Li,,200,
0009-0005-8271-2136,Carlos Gabriel  Rivera Ruiz,Carlos Gabriel ,Rivera Ruiz,,200,
0009-0005-8273-2911,John Glazer,John,Glazer,,200,
0009-0005-8288-9337,Zhaofu Li,Zhaofu,Li,,200,
0009-0005-8301-8613,Yeying huang,Yeying,huang,,200,
0009-0005-8371-4731,Scott  Ryall,Scott ,Ryall,,200,
0009-0005-8374-9969,Thummim Cho,Thummim,Cho,,200,
0009-0005-8431-0069,Dinung Rai,Dinung,Rai,,200,
0009-0005-8512-4620,Ana Breznik,Ana,Breznik,,200,
0009-0005-8513-4319,Sarah Hubbard,Sarah,Hubbard,,200,
0009-0005-8547-7282,Katie Derr Katie Ressler,Katie Derr,Katie Ressler,,200,
0009-0005-8570-1686,Ella  Borgman,Ella ,Borgman,,200,
0009-0005-8580-8862,Nahabwe Edwin,Nahabwe,Edwin,,200,
0009-0005-8586-4194,Srijani Saha,Srijani,Saha,,200,
0009-0005-8588-7943,Ellen Braaten,Ellen,Braaten,,200,
0009-0005-8597-5855,Eugene Mamaril,Eugene,Mamaril,,200,
0009-0005-8616-2872,Maximilian,Maximilian,,,200,
0009-0005-8681-0817,Maria Hamilton Echavarri,Maria,Hamilton Echavarri,,200,
0009-0005-8682-7299,David Livingstone,David,Livingstone,,200,
0009-0005-8694-695X,Mengshu Nie,Mengshu,Nie,,200,
0009-0005-8696-3717,Yingxue Wang,Yingxue,Wang,,200,
0009-0005-8697-4301,Ryan Gajarawala,Ryan,Gajarawala,,200,
0009-0005-8702-8237,Lun Hao,Lun,Hao,,200,
0009-0005-8746-8718,Yobi ,Yobi ,,,200,
0009-0005-8829-190X,Kat,Kat,,,200,
0009-0005-8885-8400,Kao Den Chang,Kao Den,Chang,,200,
0009-0005-8889-2836,Elizabeth O'Daniel,Elizabeth,O'Daniel,,200,
0009-0005-8900-2348,Kyle Ruark,Kyle,Ruark,,200,
0009-0005-8904-8936,Hao Yi Tan,Hao Yi,Tan,,200,
0009-0005-8942-6204,David Arbelaez,David,Arbelaez,,200,
0009-0005-8953-2330,Federica Spoto,Federica,Spoto,,200,
0009-0005-8956-6645,Pedro  Brito,Pedro ,Brito,,200,
0009-0005-8970-2635,Laine Roper,Laine,Roper,,200,
0009-0005-8973-1559,Wenbo Zhang,Wenbo,Zhang,,200,
0009-0005-9025-7380,Jonathan Huang,Jonathan,Huang,,200,
0009-0005-9029-3840,Dennis Letian Wu,Letian,Wu,Dennis Letian Wu,200,
0009-0005-9089-0231,Charles Pflieger,Charles,Pflieger,,200,
0009-0005-9104-2509,Subha Subramanian,Subha,Subramanian,,200,
0009-0005-9122-1961,Sara MacManus,Sara,MacManus,,200,
0009-0005-9208-5551,Kevin Kim,Kevin Kim,,,200,
0009-0005-9220-6931,Corey Pedersen,Corey,Pedersen,,200,
0009-0005-9232-1171,Rachel Thompson,Rachel,Thompson,,200,
0009-0005-9232-2449,Lauren Unger,Lauren Unger,,,200,
0009-0005-9237-8004,Jan Narveson,Jan,Narveson,,200,
0009-0005-9245-883X,Nadya Dhillon,Nadya,Dhillon,,200,
0009-0005-9267-6781,Benjamin Schiffer,Benjamin,Schiffer,,200,
0009-0005-9283-3919,Seth Rosenberg,Seth,Rosenberg,,200,
0009-0005-9286-5267,Bessie Zhang,Bessie,Zhang,,200,
0009-0005-9297-4703,Kaiwen Zheng,Kaiwen,Zheng,,200,
0009-0005-9300-651X,Dalevyon Knight,Dalevyon Knight,,,200,
0009-0005-9313-4618,RADHA Blinderman,RADHA,Blinderman,,200,
0009-0005-9397-5679,SUPARNA MANDAL,SUPARNA,MANDAL,,200,
0009-0005-9407-9278,Arielle C. Frommer,Arielle,Frommer,Arielle C. Frommer,200,
0009-0005-9505-3977,Scott Johnston,Scott,Johnston,,200,
0009-0005-9559-0270,Scott J Moses,Scott J,Moses,,200,
0009-0005-9561-5706,Harper Gordon,Harper,Gordon,,200,
0009-0005-9586-3830,Grace Myers Coyne,Grace Myers,Coyne,,200,
0009-0005-9603-2756,Matthew Evers,Matthew,Evers,,200,
0009-0005-9642-280X,Sarah Farnsworth Hatch,Sarah,Hatch,Sarah Farnsworth Hatch,200,
0009-0005-9650-694X,Marcelle Momha,Marcelle,Momha,,200,
0009-0005-9674-856X,Wanice Alfes,Wanice,Alfes,Wanice Alfes,200,
0009-0005-9740-7978,Oliver Schott,Oliver,Schott,,200,
0009-0005-9751-2030,Jordan Torpey,Jordan,Torpey,,200,
0009-0005-9751-479X,Wenjing Yang,Wenjing,Yang,,200,
0009-0005-9792-959X,Faye McKenna,Faye,McKenna,,200,
0009-0005-9816-7312,Lena Ashooh,Lena,Ashooh,,200,
0009-0005-9835-0248,Caitlyn McCarthy,Caitlyn,McCarthy,,200,
0009-0005-9858-0924,Caspian William,Caspian,William,,200,
0009-0005-9864-4086,Olabiyi Hezekiah Olaniran,Olabiyi Hezekiah,Olaniran,,200,
0009-0005-9987-596X,Evan W Piette,Evan W,Piette,,200,
0009-0006-0023-2292,Jingbo Li,Jingbo,Li,,200,
0009-0006-0047-8997,Sarah O'Neill,Sarah O'Neill,,,200,
0009-0006-0048-0341,Annika Z. Wei,Ziqi,Wei,Annika Z. Wei,200,
0009-0006-0062-1730,Pranav Moudgalya,Pranav Moudgalya,,,200,
0009-0006-0092-7633,Katie Silverman,Katie,Silverman,,200,
0009-0006-0098-0362,Claire Peters,Claire,Peters,,200,
0009-0006-0115-7191,Giovanni DiRusso,Giovanni,DiRusso,,200,
0009-0006-0117-7088,Huy Le,Huy,Le,,200,
0009-0006-0177-8190,Erin Gannon,Erin,Gannon,,200,
0009-0006-0220-050X,Alexandra Arguello,Alexandra Arguello,,,200,
0009-0006-0247-5941,Raiany Romanni-Klein,Raiany,Romanni-Klein,Raiany Romanni-Klein,200,
0009-0006-0250-0254,Yunxi,Yunxi,,,200,
0009-0006-0294-5739,Matt Blank,Matt,Blank,,200,
0009-0006-0296-3697,Cameron Souza,Cameron,Souza,,200,
0009-0006-0300-8632,Srija Vem,Srija,Vem,,200,
0009-0006-0333-936X,Nureldin,Nureldin,,,200,
0009-0006-0336-9518,Xinyang Xie,Xinyang,Xie,,200,
0009-0006-0359-394X,Qiang Zhang,Qiang,Zhang,,200,
0009-0006-0377-5276,MaPa3M Sysoiev,MaPa3M,Sysoiev,,200,
0009-0006-0404-9049,Marie Wesson,Marie,Wesson,,200,
0009-0006-0459-7942,Armaan Shaikh,Armaan,Shaikh,,200,
0009-0006-0499-7401,Susan Rattigan,Susan,Rattigan,,200,
0009-0006-0540-6503,Yuxin Yang,Yuxin,Yang,,200,
0009-0006-0541-6058,Danielle Paulson,Danielle,Paulson,,200,
0009-0006-0558-4246,"Sehej, Sehej-Leen, Sehej-Leen Kaur Parmar","Sehej, Sehej-Leen, Sehej-Leen Kaur",Parmar,,200,
0009-0006-0629-4048,Keridwen Luis,Keridwen,Luis,,200,
0009-0006-0638-7009,Kylar Kurtz ,Kylar,Kurtz ,,200,
0009-0006-0645-1824,Sirad Hassan,Sirad,Hassan,,200,
0009-0006-0650-6522,Rachel Sisodia,Rachel,Sisodia,,200,
0009-0006-0748-2067,Dillon Wheeler,Dillon,Wheeler,,200,
0009-0006-0775-6590,zihao zhou,zihao,zhou,,200,
0009-0006-0817-7443,Carl Zhang,Carl,Zhang,,200,
0009-0006-0835-7612,Ryan Pianka,Ryan,Pianka,,200,
0009-0006-0866-8816,Mohammad H. Dezfulian,Mohammad,Haj Dezfulian,Mohammad H. Dezfulian,200,
0009-0006-0889-6624,Ruth Marie Mattern,Ruth Marie,Mattern,,200,
0009-0006-0902-0990,Daniel Healy,Daniel,Healy,,200,
0009-0006-0915-9503,Maria Lorena Rojas Rivero,Maria Lorena,Rojas Rivero,,200,
0009-0006-0928-3459,Selena Wu,Selena,Wu,,200,
0009-0006-0943-427X,Hana Cohn,Hana,Cohn,,200,
0009-0006-0980-9641,Yixuan Cui,Yixuan,Cui,,200,
0009-0006-0990-9001,Madai Urteaga Quispe,Madai,Urteaga Quispe,,200,
0009-0006-1041-8402,Shaurya Jeloka,Shaurya,Jeloka,,200,
0009-0006-1079-2437,Jason Todd,Jason,Todd,,200,
0009-0006-1137-3007,Connor Coffman,Connor,Coffman,,200,
0009-0006-1143-3604,Chris-Ander Paraison,Chris-Ander,Paraison,,200,
0009-0006-1158-1615,Salvatore Daddario,Salvatore,Daddario,,200,
0009-0006-1165-9304,Ziqi Fu,Ziqi,Fu,,200,
0009-0006-1166-8905,Xiaoxiao Chen,Xiaoxiao,Chen,,200,
0009-0006-1173-2292,Zachary Buller,Zachary,Buller,,200,
0009-0006-1186-050X,Xudong Li,Xudong,Li,,200,
0009-0006-1194-4009,Haowei Peng,Haowei,Peng,,200,
0009-0006-1203-148X,Kylie Finnegan,Kylie,Finnegan,,200,
0009-0006-1204-4176,Ryan Seaman,Ryan,Seaman,,200,
0009-0006-1236-1614,Jingya Cheng,Jingya,Cheng,,200,
0009-0006-1302-154X,Danielle Greco,Danielle,Greco,,200,
0009-0006-1331-3470,Ava Giguere,Ava,Giguere,,200,
0009-0006-1381-0426,Charlotte Strandkvist,Charlotte,Strandkvist,,200,
0009-0006-1411-7607,Shana Gaelan Lawlor,Shana Gaelan Lawlor,,,200,
0009-0006-1412-038X,Lauren E. Griffin,Lauren,Griffin,Lauren E. Griffin,200,
0009-0006-1414-3370,Anastasya  Marpaung,Anastasya ,Marpaung,,200,
0009-0006-1424-5772,Frank Obeng Addae,Frank Obeng,Addae,,200,
0009-0006-1477-0972,Margaret Matthews,Margaret,Matthews,,200,
0009-0006-1499-7384,Colleen Collins ,Colleen,Collins ,,200,
0009-0006-1539-0904,William Thorley,William,Thorley,William Thorley,200,
0009-0006-1548-2905,Gabriel,Gabriel,,,200,
0009-0006-1640-321X,Lauren mednick,Lauren,mednick,,200,
0009-0006-1711-0494,Lei Pei,Lei,Pei,,200,
0009-0006-1721-2191,Dorsa Moslehi,Dorsa,Moslehi,,200,
0009-0006-1730-7377,Yuxuan (Melody) Wang,Yuxuan (Melody),Wang,,200,
0009-0006-1740-4150,shiva Halder,shiva,Halder,,200,
0009-0006-1744-0098,Sarah Tropp,Sarah,Tropp,,200,
0009-0006-1762-1382,David Deming,David,Deming,,200,
0009-0006-1763-4212,Amélie Rajon,Amélie,Rajon,,200,
0009-0006-1772-5683,Eric Lu,Eric,Lu,,200,
0009-0006-1781-1397,Flora Troy,Flora,Troy,,200,
0009-0006-1782-5756,Anthony Clemons,Anthony,Clemons,,200,
0009-0006-1788-0755,Joshua Hiatt,Joshua,Hiatt,,200,
0009-0006-1799-3418,Teresa Bellone,Teresa,Bellone,,200,
0009-0006-1826-0275,Milagros Calderon-Moya,Milagros,Calderon-Moya,,200,
0009-0006-1842-716X,Alyssa Crippen,Alyssa,Crippen,,200,
0009-0006-1853-0108,Fabricio VGL,Fabricio,VGL,,200,
0009-0006-1871-3676,Esteban Franco-Garcia,Esteban,Franco-Garcia,,200,
0009-0006-1884-4000,Sofia Schembari,Sofia,Schembari,,200,
0009-0006-1897-9511,Omeed Maghzian,Omeed,Maghzian,,200,
0009-0006-1927-9744,Anita Rivera Guerra,Anita,Rivera Guerra,,200,
0009-0006-1945-4397,Alicia Madden,Alicia,Madden,,200,
0009-0006-1950-2897,Kunal Sangani,Kunal,Sangani,,200,
0009-0006-1960-3487,María  Obando rodriguez,María ,Obando rodriguez,,200,
0009-0006-1971-7505,Jasper Boers,Jasper,Boers,,200,
0009-0006-1995-1457,Ammar I Marvi,Ammar Marvi,,Ammar I Marvi,200,
0009-0006-2046-5747,Hammad  Ul Haq,Hammad ,Ul Haq,,200,
0009-0006-2053-3770,Brandon Kwon,Brandon,Kwon,,200,
0009-0006-2117-0780,Conny Leistner,Conny,Leistner,,200,
0009-0006-2127-9014,Erika Hanson,Erika,Hanson,,200,
0009-0006-2129-7255,Mengxiang Chen,Mengxiang Chen,,,200,
0009-0006-2133-1572,Eduardo Vasconcelos Goyanna Filho,Eduardo,Vasconcelos Goyanna Filho,,200,
0009-0006-2180-6304,"Anastasiya, Assya Yakhnina","Anastasiya, Assya",Yakhnina,,200,
0009-0006-2197-4287,Annika Elise Coleman,Annika Elise,Coleman,,200,
0009-0006-2200-7571,Alexis Gable,Alexis Gable,,,200,
0009-0006-2239-5930,Sara Merhi,Sara,Merhi,,200,
0009-0006-2245-3475,Miriam Leigh,Miriam,Leigh,,200,
0009-0006-2265-1877,Xuanlin Jiang,Xuanlin,Jiang,,200,
0009-0006-2267-6847,Aziza Izamova,Aziza,Izamova,,200,
0009-0006-2324-0201,Devin Kancherla,Devin,Kancherla,,200,
0009-0006-2367-662X,Tara McDonald,Tara,McDonald,,200,
0009-0006-2371-8850,Jiajia Wang,Jiajia,Wang,,200,
0009-0006-2391-6646,Nashla Turcios,Nashla Turcios,,,200,
0009-0006-2421-2616,Morgan Mulhern,Morgan,Mulhern,,200,
0009-0006-2443-0496,Zachary Kassir,Zachary,Kassir,,200,
0009-0006-2563-6648,Kunyang Liu,Kunyang,Liu,,200,
0009-0006-2615-0965,Samuel Maddams,Samuel,Maddams,,200,
0009-0006-2635-6429,Beth  Glick,Beth ,Glick,,200,
0009-0006-2647-1347,Valerie Nguyễn,Valerie Nguyễn,,,200,
0009-0006-2664-3559,Serena Shughoury,Serena,Shughoury,,200,
0009-0006-2704-0581,Zhongyu Wei,Zhongyu,Wei,,200,
0009-0006-2709-6040,Robert Haussman,Robert,Haussman,,200,
0009-0006-2712-4232,Mona Zaric,Mona,Zaric,,200,
0009-0006-2729-6130,Jane Baron,Jane,Baron,,200,
0009-0006-2744-2855,Lisa Volpigno,Lisa,Volpigno,,200,
0009-0006-2756-8378,Michael Bryant,Michael,Bryant,,200,
0009-0006-2764-2654,Anda Tenie,Anda,Tenie,,200,
0009-0006-2771-5534,Mary Shin,Mary,Shin,,200,
0009-0006-2773-0945,Farshid Soltani,Farshid,Soltani,,200,
0009-0006-2782-8133,Hamza Chaudhry,Hamza,Chaudhry,,200,
0009-0006-2788-7475,Dandan Wang,Dandan,Wang,,200,
0009-0006-2804-4541,Allison Chang,Allison,Chang,,200,
0009-0006-2839-6213,Kat Woodard,Kat Woodard,,,200,
0009-0006-2872-7246,Gabriel Wu,Gabriel,Wu,,200,
0009-0006-2893-5627,Lavita Williams,Lavita,Williams,,200,
0009-0006-2931-2173,Pedro De Abreu,Pedro,De Abreu,,200,
0009-0006-2939-8173,Haoxuan Tang,Haoxuan,Tang,,200,
0009-0006-2958-1867,Taya Salman,Taya Salman,,,200,
0009-0006-2992-7733,Joshua Blevins,Joshua,Blevins,,200,
0009-0006-3071-6052,Joseph Hwang,Joseph,Hwang,,200,
0009-0006-3099-0780,Prabhat Kattel,Prabhat,Kattel,,200,
0009-0006-3113-6519,Aditi Varma,Aditi Varma,,,200,
0009-0006-3119-3505,Ayomide Arowolo-Ayodeji,Ayomide,Arowolo-Ayodeji,,200,
0009-0006-3120-8324,Xinyi Ren,Xinyi,Ren,,200,
0009-0006-3151-4807,Jon  Rohde,Jon ,Rohde,,200,
0009-0006-3191-2274,Tavleen Bhatia,Tavleen,Bhatia,,200,
0009-0006-3194-6466,Ghazanfar Ali,Ghazanfar Ali,,,200,
0009-0006-3196-2503,Keyao Zhan,Keyao,Zhan,,200,
0009-0006-3196-5464,Sarah Cavanagh,Sarah,Cavanagh,,200,
0009-0006-3267-5215,Leah Rappaport,Leah,Rappaport,,200,
0009-0006-3292-703X,Zhixiao Yip,Zhixiao,Yip,,200,
0009-0006-3301-5745,Amy Bolton,Amy,Bolton,,200,
0009-0006-3312-7376,Claudio Morera,Claudio,Morera,,200,
0009-0006-3314-0319,Lara Rahman,Lara,Rahman,,200,
0009-0006-3318-643X,Sumin Hahm,Sumin,Hahm,,200,
0009-0006-3371-6357,Arnaaz Ameer,Arnaaz Ameer,,,200,
0009-0006-3376-7082,Uma R. Chatterjee,Uma,Chatterjee,Uma R. Chatterjee,200,
0009-0006-3435-8635,LIU MO,LIU,MO,,200,
0009-0006-3473-7176,Yansong (Peter) Chen,Yansong (Peter),Chen,,200,
0009-0006-3480-5343,Jadun O. McCarthy,Jadun O. McCarthy,,,200,
0009-0006-3487-2167,Gabrielle Hunter,Gabrielle,Hunter,,200,
0009-0006-3503-4974,"Amanda, Mandi Nerenberg","Amanda, Mandi",Nerenberg,,200,
0009-0006-3514-7004,Lucky Shea,Lucky,Shea,,200,
0009-0006-3533-5718,Melinda Luo,Melinda,Luo,,200,
0009-0006-3557-8461,Priya Amin,Priya,Amin,,200,
0009-0006-3575-3370,Arthur Spiess,Arthur,Spiess,,200,
0009-0006-3581-5746,Ben Eisenbraun,Ben,Eisenbraun,,200,
0009-0006-3585-2774,Byron Sergio Gonzalez,Byron Sergio Gonzalez,,,200,
0009-0006-3592-1282,Piotr kierner,Piotr,kierner,,200,
0009-0006-3596-3394,Ren Liu,Ren,Liu,,200,
0009-0006-3620-2853,Christian Free,Christian,Free,,200,
0009-0006-3641-4821,Shanyilin Jin,Shanyilin,Jin,,200,
0009-0006-3647-586X,Remy Jackson,Remy,Jackson,,200,
0009-0006-3648-2322,Lia Galindo,Lia,Galindo,,200,
0009-0006-3656-351X,Robert Frasure,Robert,Frasure,,200,
0009-0006-3659-0059,Vicki Xu,Vicki,Xu,,200,
0009-0006-3690-0838,MATTHEW BUNN,MATTHEW,BUNN,,200,
0009-0006-3697-5258,Tricia Patterson,Tricia,Patterson,,200,
0009-0006-3747-5271,Pengrui Miao,Pengrui,Miao,Pengrui Miao,200,
0009-0006-3756-0409,Smritirekha Talukdar,Smritirekha,Talukdar,,200,
0009-0006-3793-6509,Joylyn Kim,Joylyn Kim,,,200,
0009-0006-3835-7816,Daniel Smith,Daniel,Smith,,200,
0009-0006-3883-028X,Aaron Corn,Aaron,Corn,,200,
0009-0006-3889-3651,Tamar Gil,Tamar,Gil,,200,
0009-0006-3982-536X,Daniel Alain Evrard,Daniel Alain,Evrard,,200,
0009-0006-4018-8484,Tameka Alice Amado,Tameka,Amado,Tameka Alice Amado,200,
0009-0006-4046-889X,Gazi Saief Mahmud,Gazi,Mahmud,Gazi Saief Mahmud,200,
0009-0006-4054-9331,Geah Jean Baptiste,Geah,Jean Baptiste,,200,
0009-0006-4071-8895,pardon kenney,pardon,kenney,,200,
0009-0006-4079-8805,Kenichi  Iwasaki,Kenichi ,Iwasaki,,200,
0009-0006-4094-6337,Seongsoo Kim,Seongsoo,Kim,,200,
0009-0006-4097-8179,Karina Ochis,Karina,Ochis,,200,
0009-0006-4100-1204,Rosette Cirillo,Rosette,Cirillo,,200,
0009-0006-4143-7382,Haejung Chung,Haejung,Chung,,200,
0009-0006-4144-8719,Peter Kofi Neefjes Mensah,Peter Kofi Neefjes,Mensah,,200,
0009-0006-4157-1530,Andrés Fortunato,Andrés,Fortunato,,200,
0009-0006-4344-1844,Gabriel Bronk,Gabriel,Bronk,,200,
0009-0006-4401-3104,Tianyu Qiao,Tianyu,Qiao,,200,
0009-0006-4430-9108,Ruchika,Ruchika,,,200,
0009-0006-4436-9848,Aurelia Balkanski,Aurelia,Balkanski,,200,
0009-0006-4495-4772,Gabriella Antonellis,Gabriella,Antonellis,,200,
0009-0006-4583-0544,Isabel Barnet,Isabel,Barnet,,200,
0009-0006-4586-6977,Michelle Lu,Michelle Lu,,,200,
0009-0006-4607-2546,Denis Auroux,Denis,Auroux,,200,
0009-0006-4644-9710,Joshua; Josh Kurtz,Joshua; Josh,Kurtz,,200,
0009-0006-4657-639X,Samuel Isaac van Ooijen,Samuel Isaac,van Ooijen,,200,
0009-0006-4664-9296,Elizabeth Tchitchkan,Elizabeth,Tchitchkan,,200,
0009-0006-4666-3215,Citing Tang,Citing,Tang,,200,
0009-0006-4669-4919,Hannah Lynn Niederriter,Hannah Lynn,Niederriter,,200,
0009-0006-4696-5627,Rosanna M. Batista,Rosanna,Batista,Rosanna M. Batista,200,
0009-0006-4698-5150,Aaron Baum,Aaron,Baum,,200,
0009-0006-4706-8629,Katrin Schamun,Katrin,Schamun,,200,
0009-0006-4714-5727,mahya zolghadr,mahya,zolghadr,,200,
0009-0006-4769-5825,Austin Birmingham,Austin,Birmingham,,200,
0009-0006-4782-4754,Chenyang Li,Chenyang,Li,,200,
0009-0006-4792-5299,Justin Sherfey,Justin,Sherfey,,200,
0009-0006-4812-2033,Leena Iwamoto,Leena,Iwamoto,,200,
0009-0006-4830-9527,Robert Tiller,Robert,Tiller,,200,
0009-0006-4949-4795,Jumana Mazhar,Jumana,Mazhar,,200,
0009-0006-4985-1967,Christelle Saintis-Miller,Christelle,Saintis-Miller,,200,
0009-0006-4993-6207,Jared Hudson,Jared McCabe,Hudson,Jared Hudson,200,
0009-0006-5025-0413,Amy Liu,Amy,Liu,,200,
0009-0006-5036-3688,Jen-Chen Chao,Jen-Chen,Chao,,200,
0009-0006-5040-6828,Beck Tench,Beck,Tench,,200,
0009-0006-5057-0564,"Shelby Orozco, Leet",Shelby,"Orozco, Leet",,200,
0009-0006-5060-1535,Nemeira Lal,Nemeira,Lal,,200,
0009-0006-5084-7711,,,,,200,
0009-0006-5097-0699,Linda A. Hill,Linda,Hill,Linda A. Hill,200,
0009-0006-5128-2599,Lily Mai,Lily,Mai,,200,
0009-0006-5128-8341,Vishnu Emani,Vishnu Emani,,,200,
0009-0006-5217-9964,Chelsea Huerta,Chelsea,Huerta,,200,
0009-0006-5234-3402,Macy L. Randolph,Macy L. Randolph,,Macy L. Randolph,200,
0009-0006-5243-6094,Katherine Tung,Katherine,Tung,,200,
0009-0006-5254-0713,Chelsea Green,Chelsea,Green,,200,
0009-0006-5261-8090,Lisa N. Cruz,Lisa,Cruz,Lisa N. Cruz,200,
0009-0006-5273-3128,José Javier  Cruz Merino,José Javier ,Cruz Merino,,200,
0009-0006-5320-0040,Zachary Eisenbies,Zachary,Eisenbies,,200,
0009-0006-5329-0111,Susanne Klingenstein,Susanne Klingenstein,,,200,
0009-0006-5358-0151,Leonard Schlesinger,Leonard,Schlesinger,,200,
0009-0006-5382-6027,Michael Pike,Michael,Pike,,200,
0009-0006-5396-5107,Xiaoyu Liu,Xiaoyu,Liu,,200,
0009-0006-5433-5676,SEONG-HYON LEE,SEONG-HYON,LEE,,200,
0009-0006-5441-9642,Megan Xin Yan Cheah,Megan Xin Yan,Cheah,,200,
0009-0006-5465-292X,michelle conroy,michelle,conroy,,200,
0009-0006-5472-9923,Sofia Pascoal,Sofia,Pascoal,,200,
0009-0006-5473-8176,nan zhang,,zhang,,200,
0009-0006-5483-2760,Divya Sharma,Divya,Sharma,,200,
0009-0006-5488-7657,Catherine A. Brekus,Catherine A. Brekus,,,200,
0009-0006-5492-4171,Julianna Barrera-Gomez,Julianna,Barrera-Gomez,,200,
0009-0006-5560-2369,Tina Chen,Tina,Chen,,200,
0009-0006-5563-1303,Kevin Wu,Kevin,Wu,,200,
0009-0006-5576-3840,Michelle da Silva Freire,Michelle da Silva,Freire,,200,
0009-0006-5603-9301,Christian Jamal Walkes,Christian Jamal Walkes,,,200,
0009-0006-5617-3818,Gin Bai,Gin,Bai,,200,
0009-0006-5628-8412,Leslie Bustamante Hernandez,Leslie,Bustamante Hernandez,,200,
0009-0006-5680-4931,Douglas Jiang,Douglas,Jiang,,200,
0009-0006-5696-6199,Albert Harry Shaheen,Albert Harry,Shaheen,,200,
0009-0006-5698-4063,Isabelle Jacques,Isabelle,Jacques,,200,
0009-0006-5698-9905,Milos Maricic,Milos,Maricic,,200,
0009-0006-5722-9991,Tessie Tzavaras Catsambas,Tessie Tzavaras,Catsambas,,200,
0009-0006-5740-3443,Carey Ann Strelecki,Carey Ann,Strelecki,,200,
0009-0006-5741-9840,Austin T. Gregg,Austin,Gregg,Austin T. Gregg,200,
0009-0006-5750-9408,Harrison David Kofi Wallace,Harrison David Kofi,Wallace,,200,
0009-0006-5795-0754,Moira Weigel,Moira,Weigel,,200,
0009-0006-5808-5125,SUN TAEK KIM,SUN TAEK,KIM,,200,
0009-0006-5849-7744,Isaac Mateus  Silva Gomes ,Isaac Mateus ,Silva Gomes ,,200,
0009-0006-5860-6015,Z. Selin Bacaksiz,Z. Selin,Bacaksiz,Z. Selin Bacaksiz,200,
0009-0006-5896-6635,Angela Li,Angela,Li,,200,
0009-0006-5896-7515,Janet Caristo-Verrill,Janet,Caristo-Verrill,,200,
0009-0006-5899-2083,lince Mu,lince,Mu,,200,
0009-0006-5901-1961,Zixin Chen,Zixin,Chen,,200,
0009-0006-5928-8274,Amy Mcdonough,Amy,Mcdonough,,200,
0009-0006-5930-2806,Ryan D. Merrow,Ryan,Merrow,Ryan D. Merrow,200,
0009-0006-5935-0592,Jie Lian,Jie,Lian,,200,
0009-0006-5962-1022,Neeta Chandwani,Neeta,Chandwani,,200,
0009-0006-6049-4817,Myrto Ziogas,Myrto,Ziogas,,200,
0009-0006-6113-467X,Raphael Tsiamis,Raphael,Tsiamis,,200,
0009-0006-6119-9625,Ainsley Ahmadian,Ainsley,Ahmadian,,200,
0009-0006-6134-1660,Mengyue Zheng,Mengyue,Zheng,,200,
0009-0006-6141-6052,Lauren Phillips,Lauren,Phillips,,200,
0009-0006-6183-9100,Rachna Chilambi,Rachna Chilambi,,,200,
0009-0006-6189-1136,Trischelle Afihene,Trischelle,Afihene,,200,
0009-0006-6214-9283,Madeline McGee,Madeline,McGee,,200,
0009-0006-6250-9293,Calvin Isley,Calvin,Isley,,200,
0009-0006-6256-7581,Julio Zúñiga Hernández,Julio,Zúñiga Hernández,,200,
0009-0006-6257-719X,Akila V. Muthukumar,Akila,V. Muthukumar,,200,
0009-0006-6307-2986,Carol Blenda Ilievski,Carol Blenda,Ilievski,,200,
0009-0006-6309-1028,Elizaveta Kheresh,Elizaveta,Kheresh,,200,
0009-0006-6320-1290,Olivia Benson Benson,Olivia Benson,Benson,,200,
0009-0006-6352-7549,Brianna Lenza,Brianna Lenza,,,200,
0009-0006-6408-2852,Grigory Loginov,Grigory,Loginov,,200,
0009-0006-6434-6109,Idris Barakat,Idris,Barakat,,200,
0009-0006-6434-6694,Yidi Wang,Yidi,Wang,,200,
0009-0006-6436-5019,Varun Lingadal,Varun Lingadal,,,200,
0009-0006-6437-1734,Alice Heath,Alice Heath,,,200,
0009-0006-6468-1003,Dimitra Tzeferakou,Dimitra,Tzeferakou,,200,
0009-0006-6468-7341,Chelsea MacMuireadhaigh-Tirmazi,Chelsea,MacMuireadhaigh-Tirmazi,,200,
0009-0006-6499-881X,Carly Ramos,Carly Ramos,,,200,
0009-0006-6502-6430,Zhaolin Ren,Zhaolin,Ren,,200,
0009-0006-6570-8327,Takahiro Kitsuka,Takahiro,Kitsuka,,200,
0009-0006-6625-1197,Christina Martinka,Christina,Martinka,,200,
0009-0006-6630-1035,Rina Matsunaga,Rina,Matsunaga,,200,
0009-0006-6701-4919,Karen Su,Karen,Su,,200,
0009-0006-6743-7516,Madeleine Waskom,Madeleine,Waskom,,200,
0009-0006-6763-7016,ahmed hesham khalifa,ahmed,hesham khalifa,,200,
0009-0006-6772-1277,Homde OfficialWebsite,Homde,OfficialWebsite,,200,
0009-0006-6777-1792,Briana King,Briana,King,,200,
0009-0006-6787-3502,Yulu Tang,Yulu,Tang,,200,
0009-0006-6806-2111,Manisurya Palepu,Manisurya,Palepu,,200,
0009-0006-6808-1101,Spencer Lee,Spencer,Lee,,200,
0009-0006-6813-4920,Iuliia Dubova,Iuliia,Dubova,,200,
0009-0006-6819-3613,Yufei Liu,Yufei,Liu,,200,
0009-0006-6837-385X,Amit  Kumar,Amit ,Kumar,,200,
0009-0006-6857-8409,Jacob Furst,Jacob,Furst,,200,
0009-0006-6867-0299,Marc Berger,Marc,Berger,,200,
0009-0006-6889-0099,Connor Powell,Connor,Powell,,200,
0009-0006-6889-1155,Garima Gupta,Garima,Gupta,,200,
0009-0006-6931-9847,Paul Gilmore Clifford,Paul Gilmore,Clifford,,200,
0009-0006-6943-6074,"Sestelo, TU",Thaise,Sestelo Uzeda,"Sestelo, TU",200,
0009-0006-6955-0117,Vera Elizabeth Allen,Vera Elizabeth,Allen,,200,
0009-0006-6980-1668,Test Orcid,Test,Orcid,,200,
0009-0006-7003-4347,Esaria Oliver,Esaria,Oliver,,200,
0009-0006-7005-5527,Andi Wang,Andi,Wang,,200,
0009-0006-7013-0929,Ryan Vergara,Ryan,Vergara,,200,
0009-0006-7063-8896,Cheng Shi,Cheng,Shi,,200,
0009-0006-7066-3063,Kenzo Senaha Kimura,Kenzo Senaha,Kimura,,200,
0009-0006-7102-9857,Caroline Baynard,Caroline,Baynard,,200,
0009-0006-7140-9921,Thomas Kunow,Thomas,Kunow,,200,
0009-0006-7167-1495,Andrew Payomo,Andrew,Payomo,,200,
0009-0006-7206-6457,Jorge Garcia Ponce,Jorge,Garcia Ponce,,200,
0009-0006-7225-4298,Sai Divya Yadavalli ,Sai Divya Yadavalli ,,,200,
0009-0006-7241-2591,Mamoon Habib,Mamoon Habib,,,200,
0009-0006-7296-090X,Jenn Beardsley-Kooyoumjian,Jenna Beardsley,,Jenn Beardsley-Kooyoumjian,200,
0009-0006-7395-6830,Krittaphas Chaisutyakorn,Krittaphas,Chaisutyakorn,,200,
0009-0006-7425-104X,Afua Asare,Afua,Asare,,200,
0009-0006-7460-3746,Yujun Li,Yujun Li,,,200,
0009-0006-7504-0826,Kevin Delgado,Kevin,Delgado,,200,
0009-0006-7508-671X,Hannah Eliason,Hannah,Eliason,,200,
0009-0006-7516-890X,Yuxin Hu,Yuxin,Hu,,200,
0009-0006-7520-3664,"Louis, Louie Zekowski","Louis, Louie",Zekowski,,200,
0009-0006-7528-1718,Matthew C Yonas,Matthew C Yonas,,,200,
0009-0006-7590-4372,Josue Ramirez,Josue,Ramirez,,200,
0009-0006-7594-7794,Chris Stokes,Chris,Stokes,,200,
0009-0006-7614-1485,MKI Denu,Mawulorm KI,Denu,MKI Denu,200,
0009-0006-7636-9981,Antonino Jose Libarnes,Antonino Jose,Libarnes,,200,
0009-0006-7645-1862,Dietmar Michael Wohlbauer,Dietmar,Wohlbauer,Dietmar Michael Wohlbauer,200,
0009-0006-7648-8411,Shahar Meshoulam,Shahar,Meshoulam,,200,
0009-0006-7673-2701,Lyanne Santana Khoury,Lyanne,Santana Khoury,,200,
0009-0006-7678-6072,Joshua Freedman,Joshua,Freedman,,200,
0009-0006-7689-0048,Madison Canfora ,Madison Canfora ,,,200,
0009-0006-7700-5848,Shadwa Bayoumi,Shadwa,Bayoumi,,200,
0009-0006-7737-6729,Stephanie Yang,Stephanie,Yang,,200,
0009-0006-7744-6846,Honghao Song,Honghao,Song,,200,
0009-0006-7756-4316,Dakota Bailey,Dakota,Bailey,,200,
0009-0006-7760-6854,Bo,Bo,,,200,
0009-0006-7772-2046,George Thomas Finch,George Thomas,Finch,,200,
0009-0006-7774-2119,"Rich, Richard Borroff","Rich, Richard",Borroff,,200,
0009-0006-7784-1440,Erin Rebholz,Erin,Rebholz,,200,
0009-0006-7862-0658,Adriana Rachel Laurent Rios,Adriana Rachel,Laurent Rios,,200,
0009-0006-7940-4180,Mees Elizabeth Hudepohl,Mees Elizabeth,Hudepohl,,200,
0009-0006-7978-0821,Ritesh Kanchi,Ritesh,Kanchi,,200,
0009-0006-7990-3350,Taylor Lea Thomas,Taylor Lea,Thomas,,200,
0009-0006-8008-4217,l in,l,in,,200,
0009-0006-8040-2895,Gabrielle de Weck,Gabrielle,de Weck,,200,
0009-0006-8058-967X,Karen Chahal,Karen,Chahal,,200,
0009-0006-8100-0943,Martin Bernstein,Martin,Bernstein,,200,
0009-0006-8120-1817,Nicholas Lamb,Nicholas,Lamb,,200,
0009-0006-8185-6127,Lawrence Stephen Early ,Lawrence Stephen,Early ,,200,
0009-0006-8196-163X,Ariel Wolfenson,Ariel,Wolfenson,,200,
0009-0006-8204-4489,Gabriel Chiong,Gabriel,Chiong,,200,
0009-0006-8208-2207,Maria Camila Lancheros Vega,Maria Camila,Lancheros Vega,,200,
0009-0006-8218-8570,Ivy Liu,Ivy Liu,,,200,
0009-0006-8218-8968,Mani Lingolu,Mani Shankar Srinivas,Lingolu,Mani Lingolu,200,
0009-0006-8252-5178,Carly Gelles,Carly,Gelles,,200,
0009-0006-8268-0573,Marcos Antonio de Souza Barrozo Filho,Marcos Antonio,de Souza Barrozo Filho,,200,
0009-0006-8271-9765,Henry Chung,Henry,Chung,,200,
0009-0006-8298-2053,Ayi Agboglo,Ayi,Agboglo,,200,
0009-0006-8314-4756,Richard Fontenot,Richard,Fontenot,,200,
0009-0006-8316-9515,Charles Pozniak,Charles,Pozniak,,200,
0009-0006-8322-5759,Qianyan Zheng,Qianyan,Zheng,,200,
0009-0006-8391-4511,Carolina Vela,Carolina,Vela,,200,
0009-0006-8419-1634,Natalia Schwien,Natalia,Schwien,,200,
0009-0006-8430-0968,Moeka C Koyama,Moeka C,Koyama,,200,
0009-0006-8480-594X,Angela Chang,Angela,Chang,,200,
0009-0006-8504-8557,佳驹 吴,佳驹,吴,,200,
0009-0006-8514-9059,Mengyao ZHENG,Mengyao,ZHENG,,200,
0009-0006-8526-3978,Seo Bin Yoo,Seo Bin Yoo,,,200,
0009-0006-8551-7501,Ziwen (Martin) Ma,Ziwen (Martin),Ma,,200,
0009-0006-8556-3612,William Sauer,William,Sauer,,200,
0009-0006-8571-9621,Matti Hautala,Matti,Hautala,,200,
0009-0006-8626-9378,Neslihan Yildiz Ozhan,Neslihan,Yildiz Ozhan,,200,
0009-0006-8673-5287,Jack Ranani,Jack,Ranani,,200,
0009-0006-8694-0774,Joe Bradley,Joe,Bradley,,200,
0009-0006-8700-4945,Álvaro René Enríquez Guapaz,Álvaro René,Enríquez Guapaz,,200,
0009-0006-8706-2491,Gaurav Phuyal,Gaurav,Phuyal,,200,
0009-0006-8751-3272,Yuchen Huang,Yuchen,Huang,,200,
0009-0006-8768-5330,ronald kleinman,ronald,kleinman,,200,
0009-0006-8786-2624,Jose Maria Amich,Jose Maria,Amich,,200,
0009-0006-8793-4368,Rebekah  Kaufman,Rebekah ,Kaufman,,200,
0009-0006-8842-3076,Mammon Baloch,Mammon,Baloch,,200,
0009-0006-8854-4804,Sahil Kuchlous,Sahil,Kuchlous,,200,
0009-0006-8910-1132,Jordan Sosa,Jordan,Sosa,,200,
0009-0006-8992-3929,Gregory M. Dickinson,Gregory,Dickinson,Gregory M. Dickinson,200,
0009-0006-9016-427X,SALAHEDDINE  NEDJAR,SALAHEDDINE ,NEDJAR,,200,
0009-0006-9063-1472,Alison Cariens,Alison,Cariens,,200,
0009-0006-9079-0385,Zinedine  Partipilo Cornielles,Zinedine ,Partipilo Cornielles,,200,
0009-0006-9097-3720,Ezekiel  Kwetchi Takam,Ezekiel ,Kwetchi Takam,,200,
0009-0006-9118-4897,Chenhui Li,Chenhui,Li,,200,
0009-0006-9119-3419,Aleksandra Kremer,Aleksandra,Kremer,,200,
0009-0006-9127-9247,Heather de Rivera,Heather,de Rivera,,200,
0009-0006-9144-9955,Sakshi Wadhwa,Sakshi,Wadhwa,,200,
0009-0006-9224-3625,Laila Norford,Laila,Norford,,200,
0009-0006-9227-5408,Grace Lee,Grace Lee,,,200,
0009-0006-9248-6141,Tate  Harms ,Tate ,Harms ,,200,
0009-0006-9288-3315,Sergiy Verstyuk,Sergiy,Verstyuk,,200,
0009-0006-9307-6849,Klara Jelinkova,Klara,Jelinkova,,200,
0009-0006-9343-1759,Ann Edwards,Ann,Edwards,,200,
0009-0006-9351-2807,Kenneth Briggs,Kenneth,Briggs,,200,
0009-0006-9351-3375,"Narahara Chari Dingari, Ph.D.",Narahara,Dingari,"Narahara Chari Dingari, Ph.D.",200,
0009-0006-9411-0375,Luiz Paulo  Da Silva Ferreira ,Luiz Paulo ,Da Silva Ferreira ,,200,
0009-0006-9446-4640,Franco Paz,Franco,Paz,,200,
0009-0006-9479-9846,Ben  Tresco,Ben ,Tresco,,200,
0009-0006-9485-7161,Marija Pranjić,Marija,Pranjić,,200,
0009-0006-9494-6113,Marcanthony Zepeda,Marcanthony,Zepeda,,200,
0009-0006-9495-528X,Andrew Vickers,Andrew,Vickers,,200,
0009-0006-9502-2246,Alex Kaufman,Alex,Kaufman,,200,
0009-0006-9517-6245,Charles Bratton,Charles,Bratton,,200,
0009-0006-9535-5243,Ariana Okoth,Ariana,Okoth,,200,
0009-0006-9536-5505,Elissa Dakers,Elissa,Dakers,,200,
0009-0006-9564-6024,Mohammed Allehbi,Mohammed,Allehbi,,200,
0009-0006-9587-2646,Siwen Zhang,Siwen,Zhang,,200,
0009-0006-9588-1868,Gardner Rees,Gardner,Rees,,200,
0009-0006-9593-5897,Roderick Taylor,Roderick,Taylor,,200,
0009-0006-9599-2699,RUDOLPHE,Rudolphe,Royls,RUDOLPHE,200,
0009-0006-9602-6927,Mark Pekala,Mark,Pekala,,200,
0009-0006-9625-9368,Manjunath Ramarao,Manjunath,Ramarao,,200,
0009-0006-9656-2447,Lucinda Meldrum Millsom,Lucinda Meldrum,Millsom,,200,
0009-0006-9684-7485,Carla D. Martin,Carla D. Martin,,,200,
0009-0006-9697-6447,Mujeeb Qadiri,Mujeeb,Qadiri,,200,
0009-0006-9700-1609,CJ Johnson,CJ,Johnson,,200,
0009-0006-9719-843X,Adelbert  Finch,Adelbert ,Finch,,200,
0009-0006-9748-943X,"Stuart, Stu Snydman","Stuart, Stu",Snydman,,200,
0009-0006-9806-7685,Yihong Huang,Yihong,Huang,,200,
0009-0006-9822-7503,Lindsey Albertelli,Lindsey,Albertelli,,200,
0009-0006-9879-6378,Liyuan Chen,Liyuan,Chen,,200,
0009-0006-9880-7348,Jessica Harvey,Jessica,Harvey,,200,
0009-0006-9885-9228,Richard Kasperowski,Richard,Kasperowski,,200,
0009-0006-9891-8750,Li Yu,Li,Yu,,200,
0009-0006-9895-732X,Courtney Lynne Coleman,Courtney Lynne,Coleman,,200,
0009-0006-9900-8388,Anthony Wu,Anthony,Wu,,200,
0009-0006-9946-0403,Sabina Iqbal,Sabina,Iqbal,,200,
0009-0006-9956-3971,Gina Yu,Gina,Yu,,200,
0009-0006-9969-2503,George  Pengo,George ,Pengo,,200,
0009-0006-9973-6211,Yunyi Cheng,Yunyi,Cheng,,200,
0009-0006-9984-8221,Omar Pérez Díaz,Omar,Pérez Díaz,Omar Pérez Díaz,200,
0009-0007-0003-1279,Lotus Nasser,Lotus,Nasser,,200,
0009-0007-0039-7625,Yu Meng Zhang,Yu Meng,Zhang,,200,
0009-0007-0048-5406,Malak Alhadlaq,Malak,Alhadlaq,,200,
0009-0007-0048-9263,Jasmine Yee Lam  Louie,Jasmine Yee Lam ,Louie,,200,
0009-0007-0053-1214,Hanzhen Ma,Hanzhen,Ma,,200,
0009-0007-0059-3319,Max Freedom Pollard,Max,Freedom Pollard,,200,
0009-0007-0072-7815,Robin Greenwood,Robin,Greenwood,,200,
0009-0007-0073-2366,Juliane S. Reynolds ,Juliane S. Reynolds ,,,200,
0009-0007-0086-6225,Xia Qian,Xia,Qian,,200,
0009-0007-0087-9122,Ines Pedro Fernandes,Ines,Pedro Fernandes,,200,
0009-0007-0142-6467,Luca D'Amico-Wong,Luca,D'Amico-Wong,,200,
0009-0007-0144-1608,Abigail E. Dzordzorme,Abigail,Dzordzorme,Abigail E. Dzordzorme,200,
0009-0007-0151-060X,Paris O'Donnell,Paris,O'Donnell,,200,
0009-0007-0158-3622,Weiqi Feng,Weiqi,Feng,,200,
0009-0007-0158-860X,Ratnam Srivastava,Ratnam,Srivastava,,200,
0009-0007-0237-5243,Olivia Pan,Olivia,Pan,,200,
0009-0007-0248-8803,James Oliver Townsend,James Oliver,Townsend,,200,
0009-0007-0254-6284,Reem Alahmadi,Reem,Alahmadi,,200,
0009-0007-0255-6757,Lauren Paonessa,Lauren,Paonessa,,200,
0009-0007-0313-0520,Gonçalo Costa,Gonçalo,Costa,,200,
0009-0007-0326-6460,Lisa Marie Peters,Lisa Marie Peters,,,200,
0009-0007-0348-2788,Elisha,Elisha,,,200,
0009-0007-0349-5714,Pavan Bendapudi,Pavan,Bendapudi,,200,
0009-0007-0367-7809,Maximus  Ateba,Maximus ,Ateba,,200,
0009-0007-0372-6578,Hannah Gallen,Hannah,Gallen,,200,
0009-0007-0429-4770,Catherine Yeh,Catherine,Yeh,,200,
0009-0007-0440-7915,Lauren Bohm,Lauren,Bohm,,200,
0009-0007-0446-352X,Kristine Yang,Kristine,Yang,,200,
0009-0007-0452-3422,Ridhi Arun,Ridhi,Arun,,200,
0009-0007-0452-736X,Nada Salem,Nada,Salem,,200,
0009-0007-0471-0105,Lilian Cheung,Lilian,Cheung,,200,
0009-0007-0513-4197,"Daniel ""Dae"" Hieu Thuan  Bui","Daniel ""Dae"" Hieu Thuan ",Bui,,200,
0009-0007-0578-048X,Ezra Kalmowitz,Ezra,Kalmowitz,,200,
0009-0007-0590-3320,Shaolong Wu,Shaolong,Wu,,200,
0009-0007-0621-3006,Shibani Rana,Shibani,Rana,,200,
0009-0007-0680-6258,Jordan David Hallmark,Jordan David,Hallmark,,200,
0009-0007-0683-9527,Gabe Effiong,Gabe,Effiong,,200,
0009-0007-0701-0040,David Saul,David,Saul,,200,
0009-0007-0713-5935,Sreeram Marimuthu,Sreeram,Marimuthu,,200,
0009-0007-0728-2628,Joseph Weru,Joseph,Weru,,200,
0009-0007-0735-5102,Ifeosa Anwulika Nkem-Onyekpe,Ifeosa Anwulika,Nkem-Onyekpe,,200,
0009-0007-0757-2377,Theodore Letsou,Theodore,Letsou,,200,
0009-0007-0777-8367,Moreira Salsman,Moreira,Salsman,,200,
0009-0007-0799-6209,Afeef Ahmed,Afeef,Ahmed,,200,
0009-0007-0828-334X,Janina Müller,Janina,Müller,,200,
0009-0007-0860-5345,Oana Teodora Capatina,Oana,Capatina,Oana Teodora Capatina,200,
0009-0007-0860-9987,tonnyocryil,tonnyocryil,,,200,
0009-0007-0866-9808,Thiago Phelippe da Gama Soares,Thiago Phelippe,da Gama Soares,,200,
0009-0007-0910-5027,J. Mauricio Gaona,J. Mauricio,Gaona,,200,
0009-0007-0912-0147,Angad Singh,Angad,Singh,,200,
0009-0007-0939-2716,Gili Rusak,Gili,Rusak,,200,
0009-0007-0950-1513,Andrew Shin,Andrew,Shin,,200,
0009-0007-0952-6112,Nadin Zerin Tanriverdi,Nadin Zerin,Tanriverdi,,200,
0009-0007-0957-5803,Zekun Li,Zekun,Li,,200,
0009-0007-0962-0045,Daniel Wilson,Daniel,Wilson,,200,
0009-0007-0990-3547,Akram Alwithenani,Akram,Alwithenani,,200,
0009-0007-1062-6778,Lydia Shahan,Lydia,Shahan,,200,
0009-0007-1110-6109,Sy Z,Sy,Z,,200,
0009-0007-1120-3136,MUHAMMAD Bakr GHBEIS,MUHAMMAD Bakr,GHBEIS,,200,
0009-0007-1169-9418,Lanxin,Lanxin,,,200,
0009-0007-1173-9176,Mojtaba Nabavi,Mojtaba,Nabavi,,200,
0009-0007-1185-0616,Mohammad Haddadnia,Mohammad,Haddadnia,,200,
0009-0007-1220-1546,Anushka Kumar,Anushka,Kumar,,200,
0009-0007-1257-5468,EUNTAEK JUNG,EUNTAEK,JUNG,,200,
0009-0007-1307-6388,Maximilian Prokopp,Maximilian,Prokopp,,200,
0009-0007-1311-8744,Eliza Cornell,Eliza,Cornell,,200,
0009-0007-1315-2926,Hannah Young,Hannah,Young,,200,
0009-0007-1326-8216,Candice Bocala,Candice,Bocala,,200,
0009-0007-1346-4137,Simon Weiser,Simon,Weiser,,200,
0009-0007-1361-8626,Yarí Pérez Marín,Yarí,Pérez Marín,,200,
0009-0007-1374-4913,Jenny Kehl,Jenny,Kehl,,200,
0009-0007-1377-4696,William C. Feng,William,Feng,William C. Feng,200,
0009-0007-1397-0793,BIJUAN CHEN,BIJUAN,CHEN,,200,
0009-0007-1402-1450,Suha Khan,Suha Khan,,,200,
0009-0007-1409-2363,Nasim Sheikhi,Nasim Sheikhi,,,200,
0009-0007-1409-4916,Jesus Daboin,Jesus,Daboin,,200,
0009-0007-1410-2541,Eric Evans,Eric,Evans,,200,
0009-0007-1417-6591,Long Fung Frankie Fung,Long Fung Frankie,Fung,,200,
0009-0007-1446-8869,Lucie Bai,Lucie,Bai,,200,
0009-0007-1483-4814,Rachel Y. Kim,Rachel,Kim,Rachel Y. Kim,200,
0009-0007-1512-6115,Elizabeth Rainone,Elizabeth,Rainone,,200,
0009-0007-1521-6022,Zichao Li,Zichao,Li,,200,
0009-0007-1549-5068,Anastasiya Buzuk,Anastasiya,Buzuk,,200,
0009-0007-1646-6525,Matthew Niemiro,Matthew,Niemiro,,200,
0009-0007-1666-7095,Arnaz Maryam Tariq,Arnaz Maryam,Tariq,,200,
0009-0007-1683-3073,Molly Siegel,Molly,Siegel,,200,
0009-0007-1683-7808,Shuang Geng,Shuang,Geng,,200,
0009-0007-1697-1943,Mya Joyce,Mya,Joyce,,200,
0009-0007-1706-2063,Anthony Jesmok,Anthony,Jesmok,,200,
0009-0007-1710-9036,Keying Liu,Keying,Liu,,200,
0009-0007-1745-9167,Botagoz Ussen,Botagoz,Ussen,,200,
0009-0007-1794-8753,Yingbo Jia,Yingbo,Jia,,200,
0009-0007-1843-0008,Austin Swinney,Austin,Swinney,,200,
0009-0007-1849-022X,Yutong Xu,Yutong,Xu,Yutong Xu,200,
0009-0007-1858-1236,Kenneth Alyass,Kenneth,Alyass,,200,
0009-0007-1862-5577,CARLOS GUSTAVO  ITURRIZAGA MURRIETA,CARLOS GUSTAVO ,ITURRIZAGA MURRIETA,,200,
0009-0007-1873-3623,Zachary Ratliff,Zachary,Ratliff,,200,
0009-0007-1897-3272,Rebecca Shafee,Rebecca,Shafee,,200,
0009-0007-1914-4038,Danilo Linhares,Danilo,Linhares,,200,
0009-0007-1914-8610,Laura Nguyen,Laura,Nguyen,,200,
0009-0007-1939-9348,Jack Rodgers,Jack,Rodgers,,200,
0009-0007-1940-571X,Jennifer Cutshall Sobich,Jennifer,Cutshall Sobich,,200,
0009-0007-1954-412X,Emily Van Doren,Emily,Van Doren,,200,
0009-0007-1967-5744,Alexis Stokes,Alexis,Stokes,,200,
0009-0007-1995-6482,Suzanne T. Ouyang,Suzanne Tsuchin,Ouyang,Suzanne T. Ouyang,200,
0009-0007-2031-6933,Alec Friswold,Alec,Friswold,,200,
0009-0007-2079-2147,Hosea,Hosea,,,200,
0009-0007-2079-4185,Diego Gonzalez Gauss,Diego,Gonzalez Gauss,,200,
0009-0007-2080-1840,Ioannis Markopoulos,Ioannis,Markopoulos,,200,
0009-0007-2095-2657,Jianuo Xuan,Jianuo,Xuan,,200,
0009-0007-2172-1850,Jacob Bernhard Meister,Jacob Bernhard,Meister,,200,
0009-0007-2218-4639,Annelise Rogers,Annelise,Rogers,,200,
0009-0007-2236-5050,Malcolm Keith Sparrow,Malcolm Keith,Sparrow,,200,
0009-0007-2243-1783,Justin Vinh,Justin,Vinh,,200,
0009-0007-2249-2578,Patrick Pariseau,Patrick,Pariseau,,200,
0009-0007-2251-2567,Kaushik Bhatta,Kaushik,Bhatta,,200,
0009-0007-2257-1049,Natalie Yam,Natalie,Yam,,200,
0009-0007-2313-8693,Janny Liao,Janny,Liao,,200,
0009-0007-2323-6488,Caitlin M. Dermody,Caitlin M. Dermody,,,200,
0009-0007-2367-7398,Ly Nguyen,Ly,Nguyen,,200,
0009-0007-2492-4418,Jessica Melo Anhalt,Jessica,Melo Anhalt,,200,
0009-0007-2505-8961,Levi Weintraub,Levi,Weintraub,,200,
0009-0007-2514-5571,أصغر باحثة علمية مصرية/ٱلاء إسماعيل حنفي عبد العزيز,الدكتورة/آلاء,إسماعيل حنفي عبد العزيز,أصغر باحثة علمية مصرية/ٱلاء إسماعيل حنفي عبد العزيز,200,
0009-0007-2536-0781,Stephen Trudeau,Stephen,Trudeau,,200,
0009-0007-2558-6537,William W. Chin,William W.,Chin,,200,
0009-0007-2561-5094,Divya Abraham,Divya,Abraham,,200,
0009-0007-2628-2631,Jessica Patey,Jessica,Patey,,200,
0009-0007-2642-9779,Sarah Emory,Sarah,Emory,,200,
0009-0007-2664-0929,Warsha Ranasinghe,Warsha,Ranasinghe,,200,
0009-0007-2671-2590,Huiayu Wang,Huiayu,Wang,,200,
0009-0007-2698-6567,Salma Yassine,Salma,Yassine,,200,
0009-0007-2723-6223,Fhasal Alam,Fhasal Alam,,,200,
0009-0007-2731-4519,Tristan Pond,Tristan,Pond,,200,
0009-0007-2731-4682,Aljosa Milenkovic,Aljosa,Milenkovic,,200,
0009-0007-2735-2961,Olivia Lin,Olivia Lin,,,200,
0009-0007-2758-1094,Steven Coyne,Steven Coyne,,,200,
0009-0007-2762-0604,Michael Nakkula,Michael,Nakkula,,200,
0009-0007-2762-8630,Clyde Smith,Clyde,Smith,,200,
0009-0007-2766-2767,Leah Justin-Jinich,Leah,Justin-Jinich,,200,
0009-0007-2774-3321,Gustavo Freire Martins,Gustavo,Freire Martins,,200,
0009-0007-2792-3955,Federico Repetto,Federico,Repetto,,200,
0009-0007-2832-5826,Sophia Wu,Sophia,Wu,,200,
0009-0007-2855-0417,Christopher Kwon,Christopher,Kwon,,200,
0009-0007-2895-7962,Rebecca Pui,Rebecca,Pui,,200,
0009-0007-2913-2858,Lisa Berkman,Lisa,Berkman,,200,
0009-0007-2918-0200,Edward Schiettecatte,Edward,Schiettecatte,,200,
0009-0007-2970-7113,Christina Kotsaninis,Christina,Kotsaninis,,200,
0009-0007-2974-3659,William Horka,William,Horka,,200,
0009-0007-2991-2993,Nhà Cái Uy  Tín Moda,Nhà Cái Uy ,Tín Moda,,200,
0009-0007-3005-7170,张 誉麟,张,誉麟,,200,
0009-0007-3027-6429,Stephen S,Stephen,S,,200,
0009-0007-3046-3689,Sunju  Lee,Sunju ,Lee,,200,
0009-0007-3141-5961,Andrey Gizdov,Andrey,Gizdov,,200,
0009-0007-3149-5746,Byron Price,Byron,Price,,200,
0009-0007-3155-7492,Alexa Kacin,Alexa,Kacin,,200,
0009-0007-3171-5569,Mingxuan Liu,Mingxuan,Liu,,200,
0009-0007-3203-1505,Betty Ben Dor,Betty,Ben Dor,,200,
0009-0007-3209-8697,David  Abrams,David ,Abrams,,200,
0009-0007-3222-7516,Kiran Ebrahimi,Kiran,Ebrahimi,,200,
0009-0007-3224-4527,Solidea Ficco,Solidea,Ficco,,200,
0009-0007-3244-8319,Su Chung,Su,Chung,,200,
0009-0007-3289-4319,Emma Yu,Emma,Yu,,200,
0009-0007-3289-5389,Greta Galeotti,Greta,Galeotti,,200,
0009-0007-3341-4866,Allison Liu,Allison,Liu,,200,
0009-0007-3363-4236,Kayla Keepseagle,Kayla,Keepseagle,,200,
0009-0007-3364-3503,,,,,200,
0009-0007-3373-2071,Nichole Gutierrez,Nichole,Gutierrez,,200,
0009-0007-3409-5350,Jiaqi You,Jiaqi,You,,200,
0009-0007-3424-6585,Razane El Hajj Chehade,Razane,El Hajj Chehade,,200,
0009-0007-3435-2046,Christina Janulis,Christina,Janulis,,200,
0009-0007-3455-0595,Akshita Joshi,Akshita Joshi,,,200,
0009-0007-3480-3222,Taeho Kim,Taeho,Kim,,200,
0009-0007-3480-388X,Kimberly Barrett,Kimberly,Barrett,,200,
0009-0007-3505-4390,Jiayi Chen,Jiayi,Chen,,200,
0009-0007-3510-0844,Joy An,Joy,An,,200,
0009-0007-3537-0481,Amy Bennett,Amy,Bennett,,200,
0009-0007-3541-1861,Jingting Lin,Jingting Lin,,,200,
0009-0007-3550-1170,Bhawesh Kumar,Bhawesh,Kumar,,200,
0009-0007-3598-8759,Carlos Alberto Narváez Gaitán ,Carlos Alberto,Narváez Gaitán ,,200,
0009-0007-3646-8413,Jiajia Zhang,Jiajia,Zhang,,200,
0009-0007-3648-6961,Marcelo Langner,Marcelo,Langner,,200,
0009-0007-3654-2361,Harsimar Singh,Harsimar,Singh,,200,
0009-0007-3676-8491,Randy Ellis,Randy,Ellis,,200,
0009-0007-3684-5848,Salvador Ascencio Pastora,Salvador,Ascencio Pastora,,200,
0009-0007-3690-4166,Felix Schlichter,Felix,Schlichter,,200,
0009-0007-3706-3960,Laura Hwang,Laura Hwang,,,200,
0009-0007-3740-7305,Jiahua Liu,Jiahua,Liu,,200,
0009-0007-3790-4088,Annu Kurian,Annu,Kurian,,200,
0009-0007-3810-3266,Ben Blanco,Ben,Blanco,,200,
0009-0007-3839-0410,Benjamin Goldman,Benjamin,Goldman,,200,
0009-0007-3894-9843,Jiatong Li,Jiatong,Li,Jiatong Li,200,
0009-0007-3920-4982,Ryan T. Kim,Ryan,Kim,Ryan T. Kim,200,
0009-0007-3965-6081,Stefania Chaikali,Stefania,Chaikali,,200,
0009-0007-3966-8621,Anjanet Loon,Anjanet,"Loon, Tuyeras",Anjanet Loon,200,
0009-0007-3980-8671,Jialin Zhou,Jialin,Zhou,,200,
0009-0007-4001-0341,Saeed Hashem,Saeed,Hashem,,200,
0009-0007-4005-5806,Jinpeng Chen,Jinpeng,Chen,,200,
0009-0007-4018-4894,Dylan Yang,Dylan,Yang,,200,
0009-0007-4019-1189,Serena Zhao,Serena,Zhao,,200,
0009-0007-4043-3387,Prasanna Kumar Challa,Prasanna Kumar,Challa,,200,
0009-0007-4060-932X,Beixi Jia,Beixi,Jia,,200,
0009-0007-4074-6439,Angela Wheeler,Angela,Wheeler,,200,
0009-0007-4078-9084,Eleftheria Angeliki Valsami,Eleftheria Angeliki,Valsami,,200,
0009-0007-4086-2261,Chloe Loughridge,Chloe,Loughridge,,200,
0009-0007-4133-9608,Betzael Bravo,Betzael,Bravo,,200,
0009-0007-4150-0756,Perrin Segura,Perrin,Segura,,200,
0009-0007-4162-0766,Zoe Pasetsky,Zoe,Pasetsky,,200,
0009-0007-4200-7672,Michael Smith,Michael,Smith,,200,
0009-0007-4226-5946,Andrew Kwok,Andrew Kwok,,,200,
0009-0007-4235-7664,Phi Nguyen,Phi,Nguyen,,200,
0009-0007-4242-8362,Natalie Bandura,Natalie,Bandura,,200,
0009-0007-4271-4211,Keshav Bhatt,Keshav,Bhatt,,200,
0009-0007-4286-2214,Mark Omura,Mark,Omura,,200,
0009-0007-4297-0629,Ghalia  Akram,Ghalia ,Akram,,200,
0009-0007-4298-4887,Michael Clark Avondet,Michael Clark,Avondet,,200,
0009-0007-4299-2393,Bilal Jarwan,Bilal,Jarwan,,200,
0009-0007-4331-7023,Ricardo Rich,Ricardo,Rich,,200,
0009-0007-4347-5080,Prem Menon,Prem,Menon,,200,
0009-0007-4359-1882,a a,a,a,,200,
0009-0007-4359-8267,Iyanuoluwa Shonukan,Iyanuoluwa,Shonukan,Iyanuoluwa Shonukan,200,
0009-0007-4379-0443,Stephanie Moffett,Stephanie,Moffett,,200,
0009-0007-4390-5490,Jacob Zaemes,Jacob Zaemes,,,200,
0009-0007-4405-1407,Jeeyoung Lee,Jeeyoung,Lee,,200,
0009-0007-4417-2575,Fina Lu,Fina,Lu,,200,
0009-0007-4417-4087,Dilara O. Halim,Dilara O.,Halim,Dilara O. Halim,200,
0009-0007-4431-7607,John Lemanski,John,Lemanski,,200,
0009-0007-4443-8484,Madhav Sankaranarayanan,Madhav,Sankaranarayanan,,200,
0009-0007-4467-425X,Anne Young,Anne,Young,,200,
0009-0007-4481-9332,Todd  Wilms,Todd ,Wilms,,200,
0009-0007-4525-0459,Claudia Maria Pichardo Miyar,Claudia Maria,Pichardo Miyar,,200,
0009-0007-4539-1323,Hannah Carter,Hannah,Carter,,200,
0009-0007-4568-3115,Larom Segev,Larom,Segev,,200,
0009-0007-4571-2430,Albert Zhang,Albert,Zhang,,200,
0009-0007-4663-6169,"Andrew, Andy Wilson","Andrew, Andy",Wilson,,200,
0009-0007-4687-3527,David Carter,David,Carter,,200,
0009-0007-4688-1711,Shuchen Liu,Shuchen,Liu,,200,
0009-0007-4738-950X,Kevin Fischetto,Kevin,Fischetto,,200,
0009-0007-4743-9298,Faith Barnett,Faith,Barnett,,200,
0009-0007-4763-6785,Valeria (Val) Ortiz Jimenez,Valeria (Val),Ortiz Jimenez,,200,
0009-0007-4795-1654,Kimi Goodwin,Kimi,Goodwin,,200,
0009-0007-4810-6794,Martin Aragoneses,Martin,Aragoneses,,200,
0009-0007-4827-2362,Joshua E. Rooney,Joshua E.,Rooney,,200,
0009-0007-4843-1722,Yuan Pei,Yuan,Pei,,200,
0009-0007-4857-5742,Giovanni Rodriguez,Giovanni,Rodriguez,,200,
0009-0007-4903-7591,Mark Renczkowski,Mark,Renczkowski,,200,
0009-0007-4914-1073,Nhà cái uy tín 88 Biz,Nhà cái uy tín,88 Biz,,200,
0009-0007-4944-869X,Adam ECKARDT,Adam,ECKARDT,,200,
0009-0007-4971-8936,Kallol Chakravarti,KALLOL,CHAKRABARTI,Kallol Chakravarti,200,
0009-0007-4973-2439,Xinyue Li,Xinyue,Li,,200,
0009-0007-4987-5325,Yan Zhao,Yan,Zhao,,200,
0009-0007-4988-2824,Francesca Miserocchi,Francesca Miserocchi,,,200,
0009-0007-4988-8943,Jennifer McGuire,Jennifer,McGuire,,200,
0009-0007-5009-9212,Sang Hyeon Kim,Sang Hyeon,Kim,,200,
0009-0007-5044-3984,Uri Rolls,Uri,Rolls,,200,
0009-0007-5060-6907,Hanna  von Riegen,Hanna ,von Riegen,,200,
0009-0007-5066-5077,Wardah Bajwa,Wardah,Bajwa,,200,
0009-0007-5102-7835,Shubert SILVEIRA,Shubert,SILVEIRA,,200,
0009-0007-5114-4978,Chun-Yu Su,Chun-Yu,Su,,200,
0009-0007-5115-7146,Adam  Ackerman,Adam ,Ackerman,,200,
0009-0007-5120-7211,Ki Hyun,Ki,Hyun,,200,
0009-0007-5182-9037,Tirso Peña,Tirso,Peña,,200,
0009-0007-5193-2624,Anthony Malysz,Anthony,Malysz,,200,
0009-0007-5202-4548,Lucas Polack,Lucas,Polack,,200,
0009-0007-5203-5677,Wesley Greenblatt,Wesley,Greenblatt,,200,
0009-0007-5230-9500,Simeon Sayer,Simeon,Sayer,,200,
0009-0007-5244-0744,James H Cowie,James H,Cowie,,200,
0009-0007-5286-6657,Syed Naqi Hassan,Syed Naqi,Hassan,,200,
0009-0007-5289-1115,zhouweiguo,zhouweiguo,,,200,
0009-0007-5300-1735,José Lorenzo Calderón Solís,José Lorenzo,Calderón Solís,,200,
0009-0007-5305-1484,Joel Abdiel Montalico Luque ,Joel Abdiel,Montalico Luque ,,200,
0009-0007-5326-6004,Olaoluwasubomi Aduloju,Olaoluwasubomi,Aduloju,,200,
0009-0007-5396-9279,Victoria Marshall,Victoria Marshall,,,200,
0009-0007-5403-5558,Daniel Brown,Daniel,Brown,,200,
0009-0007-5452-5071,Dwipanjan Sanyal,Dwipanjan Sanyal,,,200,
0009-0007-5462-7043,Leticia Helms,Leticia,Helms,,200,
0009-0007-5467-7825,Sittaya Buathong,Sittaya,Buathong,,200,
0009-0007-5490-6616,Xinyi Wang,Xinyi,Wang,,200,
0009-0007-5579-525X,Dominique Mashini,Dominique,Mashini,,200,
0009-0007-5606-8062,Joshua Qiwei  Mao ,Joshua Qiwei ,Mao ,,200,
0009-0007-5663-3025,Richard Stanton Schwartz,Richard Stanton,Schwartz,,200,
0009-0007-5699-8227,Melanie Winuk,Melanie,Winuk,,200,
0009-0007-5713-6127,Ritobhas Bhowmik,Ritobhas,Bhowmik,,200,
0009-0007-5740-7599,Stephen Cannistra,Stephen Cannistra,,,200,
0009-0007-5747-0045,Rajib Kanti Dey,Rajib Kanti,Dey,,200,
0009-0007-5757-5541,Jiabo Cui,Jiabo,Cui,,200,
0009-0007-5774-7753,Emir Gemilang Jayaringga,Emir Gemilang,Jayaringga,,200,
0009-0007-5805-8968,Olivia Leto,Olivia,Leto,,200,
0009-0007-5808-6651,Paul Newman,Paul,Newman,,200,
0009-0007-5827-8012,Tammy Lynn Palacios,Tammy,Palacios,Tammy Lynn Palacios,200,
0009-0007-5852-827X,Yesenia Pérez,Yesenia,Pérez,,200,
0009-0007-5856-8036,Ellie Beaudry,Ellie,Beaudry,,200,
0009-0007-5858-1345,Megan McClendon Megan Gordon,Megan McClendon,Megan Gordon,,200,
0009-0007-5867-3602,Jake Green,Jake,Green,,200,
0009-0007-5916-5888,林 林,林,林,,200,
0009-0007-5920-0372,Helen He,Helen,He,,200,
0009-0007-5927-120X,Justine  Boudou,Justine ,Boudou,,200,
0009-0007-5954-4095,Stephanie Wang,Stephanie,Wang,,200,
0009-0007-5975-7226,Bridgette,Bridgette,,,200,
0009-0007-5978-8313,Cindy Hoppe,Cindy,Hoppe,,200,
0009-0007-6094-4555,Meena Venkataramanan,Meena,Venkataramanan,,200,
0009-0007-6211-2146,Mareike Lembke,Mareike,Lembke,,200,
0009-0007-6228-9849,david Benavides,david,Benavides,,200,
0009-0007-6290-5090,Meaghan Burke,Meaghan,Burke,,200,
0009-0007-6313-1779,Isabella Salinas,Isabella,Salinas,,200,
0009-0007-6360-1531,Trang Nguyen,Trang,Nguyen,,200,
0009-0007-6367-1855,Amanda Larasati,Amanda,Larasati,,200,
0009-0007-6397-0118,Xingxian Li,Xingxian,Li,,200,
0009-0007-6414-7553,Moriya Dechtiar,Moriya,Dechtiar,,200,
0009-0007-6433-6282,Hannan Sylla,Hannan,Sylla,,200,
0009-0007-6436-9324,Solaleh Khoramian Tusi,Solaleh,Khoramian Tusi,,200,
0009-0007-6440-349X,Ciara Krsul,Ciara,Krsul,,200,
0009-0007-6481-1784,Aixin Shi,Aixin,Shi,,200,
0009-0007-6573-7168,Hillary Quarles,Hillary,Quarles,,200,
0009-0007-6587-1666,Prof Dr GVR Shastri (SASTRY) D Litt,Prof Dr GVR,Shastri (SASTRY) D Litt,,200,
0009-0007-6589-3187,Rachel Liberty Combs-Gonzalez,Rachel Liberty,Combs-Gonzalez,,200,
0009-0007-6592-4588,Katie Kinnion,Katie,Kinnion,,200,
0009-0007-6615-7245,Elizabeth L. Suitor,Elizabeth Leatherbee,Suitor,Elizabeth L. Suitor,200,
0009-0007-6672-0878,Devon Rojas,Devon,Rojas,,200,
0009-0007-6675-3610,L David Joselit,L David,Joselit,,200,
0009-0007-6688-2340,Shan Jiang,Shan,Jiang,,200,
0009-0007-6691-4322,Yubo Zhao,Yubo,Zhao,,200,
0009-0007-6692-4184,Erin  O'Dwyer,Erin ,O'Dwyer,,200,
0009-0007-6718-1730,Miranda Eiben,Miranda,Eiben,,200,
0009-0007-6743-5390,Alfonso Rodriguez Espada,Alfonso,Rodriguez Espada,,200,
0009-0007-6796-2182,Zhiyun Lei,Zhiyun,Lei,,200,
0009-0007-6824-6743,Alexey Zatsepin,Alexey,Zatsepin,,200,
0009-0007-6867-8423,Juan Carlos Perdomo Silva,Juan Carlos,Perdomo Silva,,200,
0009-0007-6945-2194,Amav Khambete,Amav Khambete,,,200,
0009-0007-6985-0440,Cora Cunningham,Cora,Cunningham,,200,
0009-0007-6995-0492,Vy Tran,Vy,Tran,,200,
0009-0007-6998-0245,Ankita Chopde,Ankita,Chopde,,200,
0009-0007-7001-700X,HERY RIVAS,HERY,RIVAS,,200,
0009-0007-7006-2441,Jort Pieter Wiersma,Jort Pieter,Wiersma,,200,
0009-0007-7022-1262,Laura Moreno de Lara,Laura,Moreno de Lara,,200,
0009-0007-7049-7648,Guoguang Xie,Guoguang,Xie,,200,
0009-0007-7066-2543,Rybako Daniil,Rybako,Daniil,,200,
0009-0007-7074-7619,Mojtaba Ebrahimian,Mojtaba,Ebrahimian,,200,
0009-0007-7075-5723,Benjamin Loevinsohn,Benjamin,Loevinsohn,,200,
0009-0007-7076-5091,Natalie Stewart,Natalie Stewart,,,200,
0009-0007-7081-2142,Berge Jololian,Berge,Jololian,,200,
0009-0007-7108-0510,Christina Kratlian,Christina,Kratlian,,200,
0009-0007-7113-0506,Jerry Chen,Jerry,Chen,,200,
0009-0007-7119-5246,Sakshi Garg,Sakshi,Garg,,200,
0009-0007-7122-5310,Cassidy E. Ho,Cassidy E.,Ho,,200,
0009-0007-7205-0225,SeArre Abebe,SeArre,Abebe,,200,
0009-0007-7209-6792,Mansour Salamat,Mansour,Salamat,,200,
0009-0007-7212-225X,Nidia Bucarelli,Nidia Bucarelli,,,200,
0009-0007-7227-5141,Na Wang,Na,Wang,,200,
0009-0007-7229-9661,Biyuan Hu,Biyuan,Hu,,200,
0009-0007-7296-5185,James Mickens,James,Mickens,,200,
0009-0007-7324-534X,Madeleine Heynen,Madeleine,Heynen,,200,
0009-0007-7363-9533,Lynn Fu,Lynn,Fu,,200,
0009-0007-7378-4378,Nicole Wells,Nicole Wells,,,200,
0009-0007-7408-7857,Yifan Chen,Yifan,Chen,,200,
0009-0007-7470-3971,Xintao Cen ,Xintao,Cen ,,200,
0009-0007-7476-7510,Liz (Elizabeth) Skelton,Liz (Elizabeth),Skelton,,200,
0009-0007-7479-982X,Enrique Toloza,Enrique,Toloza,,200,
0009-0007-7494-0758,Rayan Harari,Rayan,Harari,Rayan Harari,200,
0009-0007-7521-0554,Ryan T.W. McCreedy,Ryan,McCreedy,Ryan T.W. McCreedy,200,
0009-0007-7529-1497,Tommie Shelby,Tommie,Shelby,,200,
0009-0007-7563-6045,Yashwanth Ravipati,Yashwanth,Ravipati,,200,
0009-0007-7567-9424,Neelam Shahzadi,Neelam,Shahzadi,,200,
0009-0007-7577-8772,Katharine,Katharine,,,200,
0009-0007-7582-373X,Celeste Lemay,Celeste,Lemay,,200,
0009-0007-7717-1333,Maya Flores,Maya,Flores,,200,
0009-0007-7742-4572,Sahil Chinoy,Sahil,Chinoy,,200,
0009-0007-7773-2727,Evgenii Kim,Evgenii,Kim,,200,
0009-0007-7794-2652,Oliver Polachini,Pedro Oliver,Polachini,Oliver Polachini,200,
0009-0007-7804-8863,James Daly,James,Daly,,200,
0009-0007-7812-0538,Rodrigo Suzano de Oliveira,Rodrigo,Suzano de Oliveira,,200,
0009-0007-7814-2024,Evelin  Shapiama del Aguila ,Evelin ,Shapiama del Aguila ,,200,
0009-0007-7822-9226,Bridget Ms,Bridget,Ms,,200,
0009-0007-7858-5706,Ariel Berman,Ariel,Berman,,200,
0009-0007-7930-1496,Jean Dong,Jean,Dong,,200,
0009-0007-7937-3967,Lucy Jiao,Lucy,Jiao,,200,
0009-0007-7951-6999,Temi Ogunro,Temi,Ogunro,,200,
0009-0007-7999-0236,Amanda Leticia Grundmann,Amanda Leticia,Grundmann,,200,
0009-0007-8084-1545,Orest Hurko,Orest,Hurko,,200,
0009-0007-8099-3856,Jen-Chuan  Wang,Jen-Chuan ,Wang,,200,
0009-0007-8124-6705,Emma Smith,Emma,Smith,,200,
0009-0007-8125-5441,Gwendolyn Ibarra,Gwendolyn,Ibarra,,200,
0009-0007-8134-0224,Lingxuan Wu,Lingxuan,Wu,,200,
0009-0007-8153-4264,Richard Frimpong Oppong,Richard Frimpong,Oppong,,200,
0009-0007-8180-3794,Pemba Sherpa,Pemba,Sherpa,,200,
0009-0007-8186-9443,Yan Zhao,Yan,Zhao,,200,
0009-0007-8233-9284,Sara Fish,Sara Fish,,,200,
0009-0007-8246-531X,Mathis Bitton,Mathis,Bitton,,200,
0009-0007-8253-3618,Taylor J. Robinson,Taylor J. Robinson,,,200,
0009-0007-8281-2166,Rujul,Rujul,,,200,
0009-0007-8281-5367,Zakir Hussein Gul,Zakir Hussein,Gul,,200,
0009-0007-8359-3209,Ahmad Maaly,Ahmad,Maaly,,200,
0009-0007-8371-5325,Roee Amir,Roee,Amir,,200,
0009-0007-8407-3926,Danika Yang,Danika,Yang,,200,
0009-0007-8410-7743,Michael Howe,Michael,Howe,,200,
0009-0007-8461-290X,SangHoon Jung,SangHoon Jung,,,200,
0009-0007-8482-1285,Zoe Flores,Zoe,Flores,,200,
0009-0007-8493-4132,Luis M Viceira,Luis M,Viceira,,200,
0009-0007-8494-2589,P. R. Dyah Putri Utami,P. R. Dyah Putri,Utami,P. R. Dyah Putri Utami,200,
0009-0007-8519-763X,Amy Huber,Amy,Huber,,200,
0009-0007-8522-3674,Manal Shehabi,Manal,Shehabi,,200,
0009-0007-8535-4877,Katherine Kate  Goundry,Katherine Kate ,Goundry,,200,
0009-0007-8542-6754,David Giovanni Bonilla,David Giovanni,Bonilla,,200,
0009-0007-8559-618X,Mackenzie Kelleher,Mackenzie Kelleher,,,200,
0009-0007-8564-9122,Maaike Beuvink,Maaike,Beuvink,,200,
0009-0007-8578-9977,Lim,Lim,,,200,
0009-0007-8651-3059,Danalaxshmi Shanen Ganapathee,Danalaxshmi Shanen,Ganapathee,,200,
0009-0007-8652-011X,Gianina Mercedes Crisóstomo Ninapaytan,Gianina Mercedes,Crisóstomo Ninapaytan,,200,
0009-0007-8681-3086,Muhammad Aftab,Muhammad,Aftab,,200,
0009-0007-8695-0873,Katherine Chan,Katherine,Chan,,200,
0009-0007-8709-7739,David An,David,An,,200,
0009-0007-8723-5599,Yutong Lu,Yutong,Lu,,200,
0009-0007-8733-5493,YajuanWang,YajuanWang,,,200,
0009-0007-8764-1001,Mingyue Ma,Mingyue,Ma,,200,
0009-0007-8778-8556,Lauren Behlke,Lauren,Behlke,,200,
0009-0007-8807-7377,Vahdat Yeganeh,Vahdat,Yeganeh,,200,
0009-0007-8831-263X,Amy Cui,Amy,Cui,,200,
0009-0007-8851-5760,Julio Andres Villate Lemos,Julio Andres,Villate Lemos,,200,
0009-0007-8851-9892,Wen-Chun Lee,Wen-Chun,Lee,,200,
0009-0007-8858-4862,Dolly Ruiz,Dolly,Ruiz,,200,
0009-0007-8870-0931,Jared James Grogan,Jared James,Grogan,,200,
0009-0007-8899-5303,myungsun shin,myungsun,shin,,200,
0009-0007-8920-2598,Erin Lake,Erin Kammann,Lake,Erin Lake,200,
0009-0007-8934-1715,John Nachbar,John,Nachbar,,200,
0009-0007-8942-983X,Bilal K. AlWattar,Bilal,AlWattar,Bilal K. AlWattar,200,
0009-0007-8943-759X,June Monge-Lorenzo,June,Monge-Lorenzo,,200,
0009-0007-8954-9495,Rebecca Cheng,Rebecca,Cheng,,200,
0009-0007-9033-2218,Samir ali,Samir,ali,,200,
0009-0007-9049-4292,Joud Y. Omari,Joud Y.,Omari,Joud Y. Omari,200,
0009-0007-9072-9098,Dorothy Manevich,Dorothy,Manevich,,200,
0009-0007-9082-1564,Hasan Laith,Hasan,Laith,,200,
0009-0007-9110-2043,Juan Carlos Climent Pardo,Juan Carlos,Climent Pardo,,200,
0009-0007-9121-2939,Darcy Copeland,Darcy,Copeland,,200,
0009-0007-9158-6535,Nazrin Ashina,Nazrin,Ashina,,200,
0009-0007-9190-0571,yetong xin,yetong,xin,,200,
0009-0007-9203-4775,WEIJIAN PENG,WEIJIAN,PENG,,200,
0009-0007-9269-0182,Matas Kudarauskas,Matas,Kudarauskas,,200,
0009-0007-9272-6739,Reece Michael Brown,Reece Michael Brown,,,200,
0009-0007-9294-0903,Audrey Feldman,Audrey,Feldman,,200,
0009-0007-9311-8460,Wyatt Jensen,Wyatt Jensen,,,200,
0009-0007-9341-2440,Ashley Kim,Ashley,Kim,,200,
0009-0007-9343-0331,Runze Yu,Runze,Yu,,200,
0009-0007-9368-1165,Ankana Saha,Ankana,Saha,,200,
0009-0007-9371-6794,Christina Cowart-Smith,Christina,Cowart-Smith,,200,
0009-0007-9379-002X,Paul Ayernor,Paul,Ayernor,,200,
0009-0007-9412-6139,Qiaoqian Wang,Qiaoqian,Wang,,200,
0009-0007-9511-6434,Jiale Yang,Jiale,Yang,,200,
0009-0007-9516-5017,YUE  LIU,YUE ,LIU,,200,
0009-0007-9531-4967,Isabelle Garcia-Fischer,Isabelle,Garcia-Fischer,,200,
0009-0007-9540-3943,Shreyas V. Pai,Shreyas,Pai,Shreyas V. Pai,200,
0009-0007-9543-9233,Miyu Niwa,Miyu,Niwa,,200,
0009-0007-9546-8077,Sara Hoffman,Sara,Hoffman,,200,
0009-0007-9549-1605,Finn Crawford,Finn,Crawford,,200,
0009-0007-9549-3491,Christopher O. Campbell,Christopher,Campbell,Christopher O. Campbell,200,
0009-0007-9556-4878,Oksana A. Makarova,Oksana,Makarova,Oksana A. Makarova,200,
0009-0007-9572-8529,Yao Xiao,Yao,Xiao,,200,
0009-0007-9620-230X,Antoine Groudiev,Antoine,Groudiev,,200,
0009-0007-9680-3471,Rae Trainer,Rae,Trainer,,200,
0009-0007-9771-709X,Marwa Abdel-Hak,Marwa Abdel-Hak,,,200,
0009-0007-9792-737X,Mingzhu Mao,Mingzhu,Mao,,200,
0009-0007-9798-0998,Alexander Layton,Alexander,Layton,,200,
0009-0007-9810-5036,Jennifer Yi,Jennifer,Yi,,200,
0009-0007-9824-6816,Ann Yeung,Ann,Yeung,,200,
0009-0007-9874-2430,Eve Farrell,Eve,Farrell,,200,
0009-0007-9979-1533,Naomi Nommi Kemajou,Naomi,Nommi Kemajou,,200,
0009-0008-0001-7028,Caspar Barnes,Caspar,Barnes,,200,
0009-0008-0017-3186,Anne Alexander,Anne,Alexander,,200,
0009-0008-0051-6054,Cadee Lee,Cadee Lee,,,200,
0009-0008-0074-5834,Aayush Karan,Aayush,Karan,,200,
0009-0008-0106-3683,Tayla Ingles,Tayla,Ingles,,200,
0009-0008-0152-0768,Anna Van Someren,Anna,Van Someren,,200,
0009-0008-0158-6476,Joanna Peng,Joanna,Peng,,200,
0009-0008-0175-293X,Chih-Kang Chang,Chih-Kang,Chang,,200,
0009-0008-0192-7269,SIQI ZHOU,SIQI,ZHOU,,200,
0009-0008-0196-3948,Morgan Grice,Morgan,Grice,,200,
0009-0008-0216-9455,Ari Pereira Gomes,Ari,Pereira Gomes,,200,
0009-0008-0242-9421,Janderson Queiróz,Janderson,Carlos Geraldo Queiróz,Janderson Queiróz,200,
0009-0008-0251-2890,Christina Hviid,Christina,Hviid,,200,
0009-0008-0257-7109,Matthew David Charles Packer,Matthew David Charles,Packer,,200,
0009-0008-0265-3327,Josué Guevara,Josué,Guevara,,200,
0009-0008-0279-7291,Juliana Tepedino M. Alves,Juliana Tepedino M.,Alves,,200,
0009-0008-0345-9665,Minjue Wu,Minjue,Wu,,200,
0009-0008-0349-4225,Brayden Lee,Brayden,Lee,,200,
0009-0008-0354-8772,Smriti Khanal,Smriti,Khanal,,200,
0009-0008-0357-7389,Nicole Boquet,Nicole,Boquet,,200,
0009-0008-0523-4590,Lola Ibrahim,Lola Ibrahim,,,200,
0009-0008-0532-3120,"Yanli He, PhD",Yanli,He,"Yanli He, PhD",200,
0009-0008-0533-4954,Noor Athamnah,Noor,Athamnah,,200,
0009-0008-0544-2920,Finlay Darlington-Bell,Finlay,Darlington-Bell,,200,
0009-0008-0566-5825,Guillaume Larghero,Guillaume,Larghero,,200,
0009-0008-0607-4736,Ali Madha,Ali,Madha,,200,
0009-0008-0614-4466,Leonid Andreev,Leonid,Andreev,,200,
0009-0008-0615-4912,Stella Wong,Stella,Wong,,200,
0009-0008-0622-2030,zain nichols,zain,nichols,,200,
0009-0008-0661-2848,lillian fischetti,lillian,fischetti,,200,
0009-0008-0672-9966,Licheng Wang,Licheng,Wang,,200,
0009-0008-0684-4702,Cyrus Urheim,Cyrus,Urheim,,200,
0009-0008-0746-8964,Gizem Agtas,Gizem,Agtas,,200,
0009-0008-0777-9818,Claire Yoo,Claire,Yoo,,200,
0009-0008-0798-6438,Zhi Lin,Zhi,Lin,,200,
0009-0008-0814-3328,Sonja M. Koehler,Sonja Marie,Koehler,Sonja M. Koehler,200,
0009-0008-0836-6660,Neehal Tumma,Neehal Tumma,,,200,
0009-0008-0860-5692,Benedicta Neysa Nathania,Benedicta Neysa,Nathania,,200,
0009-0008-0869-8155,Patrick Collins,Patrick,Collins,,200,
0009-0008-0908-4761,Gideon Ho,Gideon,Ho,,200,
0009-0008-0935-7395,Boris Vabson,Boris,Vabson,,200,
0009-0008-0939-695X,Miguel López Rivera,Miguel,López Rivera,,200,
0009-0008-0948-3156,Yehoon Jo,Yehoon,Jo,Yehoon Jo,200,
0009-0008-0980-5282,Yu Zheng,Yu,Zheng,,200,
0009-0008-0981-8366,Fang Fang,Fang,Fang,,200,
0009-0008-1004-1793,Nathaniel Lubin,Nathaniel,Lubin,,200,
0009-0008-1011-3638,Joy Castro-Wehr,Joy,Castro-Wehr,,200,
0009-0008-1101-2310,Lauren Potyk,Lauren Potyk,,,200,
0009-0008-1111-1175,Zhiwen Sun,Zhiwen,Sun,,200,
0009-0008-1143-0109,Hongshen  Wang,Hongshen ,Wang,,200,
0009-0008-1192-8054,Nefara Riesch,Nefara,Riesch,,200,
0009-0008-1234-9097,Kevin Lewis,Kevin,Lewis,,200,
0009-0008-1266-2657,Judy Zheng,Judy,Zheng,,200,
0009-0008-1274-6009,Slavina Ancheva,Slavina,Ancheva,,200,
0009-0008-1296-150X,Pascale,Pascale,,,200,
0009-0008-1297-5426,Thomas J. Kane,Thomas,Kane,Thomas J. Kane,200,
0009-0008-1310-3531,Michelle Ann Balderrama,Michelle Ann,Balderrama,,200,
0009-0008-1328-1565,Hannah Todd,Hannah,Todd,,200,
0009-0008-1343-0460,Jelena Patrnogić,Jelena,Patrnogić,,200,
0009-0008-1352-0183,John Wain,John,Wain,,200,
0009-0008-1437-7630,Fiona Danaher,Fiona,Danaher,,200,
0009-0008-1491-8986,Edward Peter Hoffer,Edward Peter,Hoffer,,200,
0009-0008-1515-1422,Giovanni Trambusti,Giovanni,Trambusti,,200,
0009-0008-1534-7919,J. Wyatt Koma,J. Wyatt,Koma,,200,
0009-0008-1537-8889,Michael Thomas,Michael,Thomas,,200,
0009-0008-1564-696X,Tsung Hua Lee,Tsung Hua,Lee,,200,
0009-0008-1576-7163,Kimberly Maloomian,Kimberly Maloomian,,,200,
0009-0008-1594-4852,Yuji Chai,Yuji,Chai,,200,
0009-0008-1596-8547,Huiyuan Zhou,Huiyuan,Zhou,,200,
0009-0008-1644-0429,Patrick Clark,Patrick,Clark,,200,
0009-0008-1657-8938,Brookelynne Verrette,Brookelynne,Verrette,,200,
0009-0008-1661-7263,Jiayu Wu,Jiayu,Wu,,200,
0009-0008-1703-7500,Su-ha Kim,Su-ha,Kim,Su-ha Kim,200,
0009-0008-1714-9828,Nargiz Mammadova,Nargiz,Mammadova,,200,
0009-0008-1715-8863,Maria Yemane,Maria,Yemane,,200,
0009-0008-1755-1104,Iz Chen,Iz,Chen,,200,
0009-0008-1767-7815,Debora Mazzetti,Debora,Mazzetti,,200,
0009-0008-1775-8017,Olivia Snapper,Olivia,Snapper,,200,
0009-0008-1785-2679,Micah Kaats,Micah,Kaats,,200,
0009-0008-1800-8074,Patricia Udomprasert,Patricia,Udomprasert,,200,
0009-0008-1814-1983,Fabio Thiers,Fabio,Thiers,,200,
0009-0008-1827-7426,Md Joynal Abedin,Md Joynal,Abedin,,200,
0009-0008-1836-7114,Claire Li Li,Claire Li,Li,,200,
0009-0008-1889-4416,Shawn Kang,Shawn,Kang,,200,
0009-0008-1908-0561,Shiyu Ma,Shiyu,Ma,,200,
0009-0008-1909-4592,Pablo Brincat,Pablo,Brincat,,200,
0009-0008-1919-0082,Lauren Ouziel,Lauren,Ouziel,,200,
0009-0008-1920-8414,Angela Mei,Angela,Mei,,200,
0009-0008-2023-8215,Nora Y. Sun,Nora Y.,Sun,Nora Y. Sun,200,
0009-0008-2062-9160,Michael Xifaras,Michael,Xifaras,,200,
0009-0008-2063-3768,Sarah Badin,Sarah,Badin,,200,
0009-0008-2091-050X,Zoe Kutulakos,Zoe,Kutulakos,,200,
0009-0008-2093-2258,Meredith Gustafson,Meredith,Gustafson,,200,
0009-0008-2108-3841,Lauren Hulshof,Lauren,Hulshof,,200,
0009-0008-2121-4696,Andres de Loera,Andres,de Loera,,200,
0009-0008-2135-2378,Francis D. Kim,Francis D.,Kim,,200,
0009-0008-2136-1442,Elena Grace Vasquez,Elena,Vasquez,Elena Grace Vasquez,200,
0009-0008-2167-1029,Kayla Reifel,Kayla,Reifel,,200,
0009-0008-2194-3899,Michelle Yang,Michelle,Yang,,200,
0009-0008-2213-1411,Anupama Maram,Anupama,Maram,,200,
0009-0008-2229-7921,Jennifer S. Hare,Jennifer S.,Hare,,200,
0009-0008-2231-1826,Grace Leuenberger,Grace Leuenberger,,,200,
0009-0008-2327-0501,Beatriz Borges,Beatriz,Borges,,200,
0009-0008-2332-3650,Rahma Gaye,Rahma,Gaye,,200,
0009-0008-2340-3212,Adam Paul Cross,Adam Paul,Cross,,200,
0009-0008-2373-8426,Thomas Cummins,Thomas,Cummins,,200,
0009-0008-2395-0291,Daniel Graves,Daniel,Graves,,200,
0009-0008-2398-8273,Angela Salisbury,Angela,Salisbury,,200,
0009-0008-2407-0288,Yichong Wang,Yichong,Wang,,200,
0009-0008-2416-7231,Lucian Bessmer,Lucian,Bessmer,,200,
0009-0008-2422-5139,Michael Constantine,Michael,Constantine,,200,
0009-0008-2444-2408,Navid,Navid,,,200,
0009-0008-2456-7470,Eric Zhou,Eric,Zhou,,200,
0009-0008-2493-7371,Masaki Yagi,Masaki,Yagi,,200,
0009-0008-2500-0193,Megan Good,Megan,Good,,200,
0009-0008-2501-2899,Minhae Cha,Minhae,Cha,,200,
0009-0008-2556-7712,Gage Lee Miller,Gage Lee,Miller,,200,
0009-0008-2569-6768,Yuntian Yang,Yuntian,Yang,,200,
0009-0008-2579-6240,Rochelle Sun,Rochelle,Sun,,200,
0009-0008-2584-4505,Houpu Li,Houpu,Li,,200,
0009-0008-2638-8126,Mark Krauthammer,Mark,Krauthammer,,200,
0009-0008-2639-5270,Roxanne  Schnyder ,Roxanne ,Schnyder ,,200,
0009-0008-2655-2512,Dafne Saint-Hilaire,Dafne,Saint-Hilaire,,200,
0009-0008-2659-4464,Lallo Yadeta,Lallo,Yadeta,,200,
0009-0008-2702-4906,Amal Aljasser,Amal,Aljasser,,200,
0009-0008-2703-889X,Chaeun Song,Chaeun,Song,,200,
0009-0008-2722-4895,Zenzile  Riddick,Zenzile ,Riddick,,200,
0009-0008-2724-0756,Jeffrey Shi,Jeffrey,Shi,,200,
0009-0008-2745-9037,Brendan Haley,Brendan,Haley,,200,
0009-0008-2747-4309,Md. Rayhan Kabir,Md. Rayhan,Kabir,,200,
0009-0008-2760-090X,Allison Wu,Allison,Wu,,200,
0009-0008-2770-467X,Anina Sun,Anina,Sun,,200,
0009-0008-2772-3328,Christopher Lavallee,Christopher,Lavallee,,200,
0009-0008-2792-2204,James Teague,James,Teague,,200,
0009-0008-2809-6370,Yiyang Li,Yiyang,Li,,200,
0009-0008-2855-7093,Andrew Alberto Nicolas Deloucas,Andrew,Deloucas,Andrew Alberto Nicolas Deloucas,200,
0009-0008-2895-4101,Xinxiu Liang,Xinxiu,Liang,,200,
0009-0008-2916-6684,Himi Mathur,Himi Mathur,,,200,
0009-0008-2918-900X,Patrick Renner,Patrick,Renner,,200,
0009-0008-2942-3134,James Anthony Slezak,James Anthony,Slezak,,200,
0009-0008-2944-3362,Michael  Harris,Michael ,Harris,,200,
0009-0008-2953-7668,Joshua Plisinski,Joshua,Plisinski,,200,
0009-0008-2964-6805,Camlin Tierney,Camlin,Tierney,,200,
0009-0008-2966-8481,Valerie Tan Yi Jie,Valerie,Tan Yi Jie,,200,
0009-0008-2973-8259,Dina Zeldin,Dina,Zeldin,,200,
0009-0008-3004-924X,Xueyang (April) Peng,Xueyang (April),Peng,,200,
0009-0008-3006-6170,Shresth Garg,Shresth,Garg,,200,
0009-0008-3012-9979,Antonio  Ramkissoon,Antonio ,Ramkissoon,,200,
0009-0008-3060-459X,Camryn Marisa Neches,Camryn Marisa,Neches,,200,
0009-0008-3061-8801,Kinnereth Din,Kinnereth,Din,,200,
0009-0008-3072-9501,Tara Gallagher,Tara Gallagher,,,200,
0009-0008-3076-2934,Jingchao Fang,Jingchao,Fang,,200,
0009-0008-3141-2514,Giovanna Alves Bazan Deniz,Giovanna,Alves Bazan Deniz,,200,
0009-0008-3174-4834,Ričards Umbraško,Ričards,Umbraško,,200,
0009-0008-3234-5659,Emma Katherine Hill,Emma Katherine,Hill,Emma Katherine Hill,200,
0009-0008-3241-5258,Megan Loh,Megan,Loh,,200,
0009-0008-3244-5406,Amari Urquhart,Amari,Urquhart,,200,
0009-0008-3252-2328,Tepie Meng,Tepie,Meng,,200,
0009-0008-3272-9249,Piper Tingleaf,Piper,Tingleaf,,200,
0009-0008-3282-6348,Nathan Wu,Nathan,Wu,,200,
0009-0008-3284-0529,Bennie Williams,Bennie,Williams,,200,
0009-0008-3286-8062,Eliza Jane Holtz,Eliza Jane,Holtz,,200,
0009-0008-3307-2541,Natalie Michelle Caputo,Natalie Michelle,Caputo,,200,
0009-0008-3309-2606,Deano Izaguirre,Deano,Izaguirre,,200,
0009-0008-3331-8994,Sofía Edgar,Sofía,Edgar,,200,
0009-0008-3332-6716,Zeynep A.,Zeynep,Akpinar-Aleksanyan,Zeynep A.,200,
0009-0008-3352-5483,Zennon Black,Zennon,Black,,200,
0009-0008-3404-4614,J. Wesley Boyd,J. Wesley,Boyd,,200,
0009-0008-3433-9690,Lubna  M Jamal,Lubna  M Jamal,,,200,
0009-0008-3485-7543,Chao Lang,Chao,Lang,,200,
0009-0008-3488-6555,"Margaret, Margie Ogawa, Speck","Margaret, Margie","Ogawa, Speck",,200,
0009-0008-3510-0198,HwanHee Kim,HwanHee,Kim,,200,
0009-0008-3519-2029,Aleesha Imran,Aleesha Imran,,,200,
0009-0008-3548-6019,Soohyeon Ko,Soohyeon,Ko,,200,
0009-0008-3612-3375,Arina East  Residences,Arina East ,Residences,,200,
0009-0008-3627-8190,Yifan LIU,Yifan,LIU,,200,
0009-0008-3635-5192,Benjamin Myers Myers,Benjamin Myers,Myers,,200,
0009-0008-3646-521X,Phoebe Pan,Phoebe,Pan,,200,
0009-0008-3663-6349,Dana McKinney White,Dana,McKinney White,,200,
0009-0008-3663-6410,Catherine Dunn Shiffman,Catherine Dunn,Shiffman,,200,
0009-0008-3695-163X,Joanne Baron,Joanne,Baron,,200,
0009-0008-3705-9440,Mingwei Xia,Mingwei,Xia,,200,
0009-0008-3726-5148,Abdulsalam Aleid,Abdulsalam,Aleid,,200,
0009-0008-3727-4992,Ji Sung Park,Ji Sung,Park,,200,
0009-0008-3744-4656,Ellaney Matarese,Ellaney,Matarese,,200,
0009-0008-3749-4039,Charlene Desir,Charlene,Desir,,200,
0009-0008-3770-4462,Kathryn Holston,Kathryn,Holston,,200,
0009-0008-3785-4962,Kyra Jun,Kyra,Jun,,200,
0009-0008-3812-7660,Brett Donohoe,Brett,Donohoe,,200,
0009-0008-3849-6861,Akshita Srinivasan,Akshita Srinivasan,,,200,
0009-0008-3866-0780,Henry Shull,Henry,Shull,,200,
0009-0008-3871-7521,Rebecca Leslie-Roberts,Rebecca Leslie-Roberts,,Rebecca Leslie-Roberts,200,
0009-0008-3882-0318,Jennifer A Delaney,Jennifer A,Delaney,,200,
0009-0008-3934-7171,Katherine Sun-Mi Brown,Katherine Sun-Mi,Brown,,200,
0009-0008-3946-9822,Alistair Pattison,Alistair,Pattison,,200,
0009-0008-3963-3944,Elijah Visio Johnson,Elijah Visio,Johnson,,200,
0009-0008-3982-3158,Fahim Ahmed,Fahim,Ahmed,,200,
0009-0008-4006-5454,Giovanna Parmigiani,Giovanna,Parmigiani,,200,
0009-0008-4052-1309,Sonya Ganeshram,Sonya,Ganeshram,,200,
0009-0008-4082-3059,Pranav Ayyappan,Pranav,Ayyappan,,200,
0009-0008-4114-9860,Jiayi Chen,Jiayi,Chen,,200,
0009-0008-4135-9411,Tali Greenberg,Tali,Greenberg,,200,
0009-0008-4137-6377,Clifford Stowe,Clifford Stowe,,,200,
0009-0008-4225-0864,konrad boeschenstein,konrad,boeschenstein,,200,
0009-0008-4236-1644,Leora,Leora,,,200,
0009-0008-4244-6402,Thomas Kalinoski,Thomas,Kalinoski,,200,
0009-0008-4272-4353,Manisha Patel,Manisha,Patel,,200,
0009-0008-4303-3191,Ryan Clark,Ryan,Clark,,200,
0009-0008-4306-0974,Maoting Chen,Maoting,Chen,,200,
0009-0008-4405-4023,Steven Zhu,Steven,Zhu,,200,
0009-0008-4483-242X,Angel  Hernandez,Angel ,Hernandez,,200,
0009-0008-4491-568X,Michael Pressman,Michael,Pressman,,200,
0009-0008-4513-544X,Chai Yee Leow,Chai Yee,Leow,,200,
0009-0008-4523-996X,Masih Tazhibi,Masih,Tazhibi,,200,
0009-0008-4542-2406,Kate Bryanne Juergens,Kate Bryanne Juergens,,,200,
0009-0008-4560-5130,Anna,Anna,,,200,
0009-0008-4585-6685,Fatima ezzahra Balouch,Fatima ezzahra,Balouch,,200,
0009-0008-4586-7333,Kelly,Kelly,,,200,
0009-0008-4607-5274,setor Worg ,setor,Worg ,,200,
0009-0008-4616-8841,Laura  Cadavid,Laura ,Cadavid,,200,
0009-0008-4646-1570,Sara Jasmine Castro ,Sara Jasmine Castro ,,,200,
0009-0008-4685-0680,Hannah Barman,Hannah,Barman,,200,
0009-0008-4686-883X,Abby Wolf,Abby,Wolf,,200,
0009-0008-4698-737X,Belkes N Stambouli,Belkes N,Stambouli,,200,
0009-0008-4718-4210,Yujia Wang,Yujia,Wang,,200,
0009-0008-4745-9210,Stacey Cho,Stacey,Cho,,200,
0009-0008-4800-5069,Sama Mammadova,Sama,Mammadova,,200,
0009-0008-4848-6843,Aisha Kokan,Aisha,Kokan,,200,
0009-0008-4851-885X,Hugh Van Deventer,Hugh,Van Deventer,,200,
0009-0008-4862-1400,Max Neal,Max,Neal,,200,
0009-0008-4888-7831,Yiwen Li,Yiwen,Li,,200,
0009-0008-4897-904X,Eve Miari,Eve,Miari,,200,
0009-0008-4931-5456,Shayan Salehian,Shayan,Salehian,,200,
0009-0008-4963-5353,David Pat Shui Fong,David Pat Shui,Fong,,200,
0009-0008-4972-3046,Michael Nelwood,Michael,Nelwood,,200,
0009-0008-4975-4117,Jack Diers,Jack Diers,,,200,
0009-0008-4985-9330,Katherine Zuccala,Katherine,Zuccala,,200,
0009-0008-4997-8022,M. Laura Fernandez-Wever,M. Laura,Fernandez-Wever,,200,
0009-0008-5008-5061,Ashutosh Sharma,Ashutosh,Sharma,,200,
0009-0008-5018-5580,Jesse Rainbow,Jesse,Rainbow,,200,
0009-0008-5022-5538,Maya Huffman,Maya,Huffman,,200,
0009-0008-5023-6894,Peilin Gu,Peilin,Gu,,200,
0009-0008-5030-0745,Sydney Caldwell,Sydney,Caldwell,,200,
0009-0008-5058-8638,Lingling Ma,Lingling,Ma,,200,
0009-0008-5075-9708,Victoria Feist,Victoria,Feist,,200,
0009-0008-5083-1853,Zhen Wang,Zhen,Wang,,200,
0009-0008-5119-2889,Anne Liang,Anne,Liang,,200,
0009-0008-5125-2351,Melissa Renn,Melissa,Renn,,200,
0009-0008-5149-1109,Daniel Rodriguez,Daniel,Rodriguez,,200,
0009-0008-5199-7791,Alexandra Fouad,Alexandra,Fouad,,200,
0009-0008-5235-3496,William Walk,William,Walk,,200,
0009-0008-5264-1658,Dr. Carole S. Brown,Carole,Brown,Dr. Carole S. Brown,200,
0009-0008-5299-5157,Marquito Vázquez,Marco Antonio,Vázquez López,Marquito Vázquez,200,
0009-0008-5365-3466,Damla Yesil,Damla,Yesil,,200,
0009-0008-5372-1318,William J. Gottemoller,William James,Gottemoller,William J. Gottemoller,200,
0009-0008-5398-7159,Peter Fatouros,Peter,Fatouros,,200,
0009-0008-5413-4000,Julianna Abrantes,Julianna,Abrantes,,200,
0009-0008-5466-0895,Eric Stanulis,Eric,Stanulis,,200,
0009-0008-5485-2133,Raymond Johnson,Raymond,Johnson,,200,
0009-0008-5488-2076,Tahreem Naz,Tahreem,Naz,,200,
0009-0008-5524-6549,Nyah Joudeh,Nyah,Joudeh,,200,
0009-0008-5529-1358,Haden Smiley,Haden,Smiley,,200,
0009-0008-5555-3063,Lucca  Santos Alves ,Lucca ,Santos Alves ,,200,
0009-0008-5556-0503,Ella Bennett,Ella,Bennett,,200,
0009-0008-5560-8319,Olivia Hartzell,Olivia,Hartzell,,200,
0009-0008-5591-3823,Vasilii Sergeevich Vaganov,Vasilii Sergeevich,Vaganov,,200,
0009-0008-5605-3511,Daphne Tang,Daphne Tang,,,200,
0009-0008-5631-9623,Sina Djafari Rouhani,Sina,Djafari Rouhani,,200,
0009-0008-5662-3393,Amanda Rich,Amanda Rich,,,200,
0009-0008-5727-296X,Aditya Banerjee,Aditya,Banerjee,,200,
0009-0008-5738-673X,Alvaro Ribot,Alvaro,Ribot,,200,
0009-0008-5740-7211,Louise,Louise,,,200,
0009-0008-5749-1679,Kari Nadeau,Kari,Nadeau,,200,
0009-0008-5780-3265,Isaac Jirak,Isaac,Jirak,,200,
0009-0008-5790-6037,mohamad hassan  macalnas,mohamad hassan ,macalnas,,200,
0009-0008-5801-4591,Abigail Elvin-Ivey,Abigail Elvin-Ivey,,,200,
0009-0008-5874-5693,Isabel Griffith,Isabel,Griffith,,200,
0009-0008-5875-0871,Patricia Blanco,Patricia,Blanco,,200,
0009-0008-5891-0847,Vanessa Harden,Vanessa,Harden,,200,
0009-0008-5901-9351,Scott  Pellegrino,Scott ,Pellegrino,,200,
0009-0008-5914-3686,Donald J. Brooks,Donald,Brooks,Donald J. Brooks,200,
0009-0008-5979-7153,Cory Wu,Cory Wu,,,200,
0009-0008-5983-8322,Srinivas Narsaiah Puttapaka,Srinivas Narsaiah,Puttapaka,,200,
0009-0008-5989-8077,Lewis Lockwood,Lewis,Lockwood,,200,
0009-0008-5995-9562,Hunter Haynes,Hunter,Haynes,,200,
0009-0008-6037-2603,Daniel Mulhall,Daniel,Mulhall,,200,
0009-0008-6037-2726,Zhaoyang Shi,Zhaoyang,Shi,,200,
0009-0008-6051-7745,David,David,,,200,
0009-0008-6063-9099,Edgar Guzman,Edgar Guzman,,,200,
0009-0008-6065-7019,Mauro Lazarovich,Mauro,Lazarovich,,200,
0009-0008-6101-1869,Henry  Austin,Henry ,Austin,,200,
0009-0008-6116-4339,Conner R. Hill,Conner Hill,,Conner R. Hill,200,
0009-0008-6124-6756,Daniel Henthorn,Daniel,Henthorn,,200,
0009-0008-6173-6931,Yanke Song,Yanke,Song,,200,
0009-0008-6176-5994,Alfonso  Godínez Aguilar,Alfonso, Godínez Aguilar,,200,
0009-0008-6180-2900,Harrison Canning,Harrison,Canning,,200,
0009-0008-6192-7041,George Balazs,George,Balazs,,200,
0009-0008-6215-3199,Dahlia Halabi,Dahlia,Halabi,,200,
0009-0008-6229-0265,Yeabsira Mohammed,Yeabsira,Mohammed,,200,
0009-0008-6282-5872,Michelle Y Chiu,Michelle,Chiu,Michelle Y Chiu,200,
0009-0008-6288-7619,Malachi P. Keo,Malachi,Keo,Malachi P. Keo,200,
0009-0008-6297-5459,Olav Førland,Olav,Førland,,200,
0009-0008-6309-4733,Ranjitsinh,Ranjitsinh,,,200,
0009-0008-6320-0540,Xi Yu,Xi,Yu,,200,
0009-0008-6333-3642,Jack Bush,Jack,Bush,,200,
0009-0008-6340-739X,Yijun Luo,Yijun,Luo,,200,
0009-0008-6403-2710,Sara Bezrukavnikov,Sara Bezrukavnikov,,,200,
0009-0008-6415-2616,Ziqi Lu,Ziqi,Lu,,200,
0009-0008-6432-0480,Almas Malek,Almas,Malek,,200,
0009-0008-6441-5420,Omar Alwakaa,Omar,Alwakaa,,200,
0009-0008-6482-7484,Vicente Garrido Portilla,Vicente,Garrido Portilla,,200,
0009-0008-6482-7599,Lilly Li,Lilly,Li,,200,
0009-0008-6537-3314,Diamante Balcazar,Diamante,Balcazar,,200,
0009-0008-6558-4891,Elizabeth Li,Elizabeth,Li,,200,
0009-0008-6571-1299,Thomas McGuire,Thomas,McGuire,,200,
0009-0008-6580-2713,Yesibel Falcon,Yesibel,Falcon,,200,
0009-0008-6580-2940,Esther Aminata Clayton,Esther Aminata,Clayton,,200,
0009-0008-6623-0489,Kelly Gamache,Kelly,Gamache,,200,
0009-0008-6686-5003,Ethan Dean Mooney,Ethan Dean,Mooney,,200,
0009-0008-6867-442X,Ammy Yuan,Ammy,Yuan,,200,
0009-0008-6879-4173,Cyrus Jin,Cyrus,Jin,,200,
0009-0008-6897-0253,Jeffrey McHugh,Jeffrey,McHugh,,200,
0009-0008-6909-3571,Eliamer Brito-Gómez,Eliamer Alejandra,Brito Gómez,Eliamer Brito-Gómez,200,
0009-0008-6917-9682,Jovanna  Schlossenberg ,Jovanna ,Schlossenberg ,,200,
0009-0008-6920-3750,Mingda Li,Mingda,Li,,200,
0009-0008-7017-0116,Sarah Findeisen,Sarah,Findeisen,,200,
0009-0008-7058-3789,Rhonelle Bruder,Rhonelle,Bruder,,200,
0009-0008-7082-7296,Angelica Carrillo,Angelica,Carrillo,,200,
0009-0008-7131-7183,Joseph deBettencourt,Joseph,deBettencourt,,200,
0009-0008-7136-967X,Phil Plencner,Phil,Plencner,,200,
0009-0008-7158-357X,Yunjoo Lee,Yunjoo,Lee,,200,
0009-0008-7164-8046,Manjari Trivedi,Manjari,Trivedi,,200,
0009-0008-7174-8127,Emily Hamann,Emily,Hamann,,200,
0009-0008-7179-5046,Daniel Borengasser,Daniel,Borengasser,,200,
0009-0008-7270-9787,Jesse Raber,Jesse,Raber,,200,
0009-0008-7272-7504,Christian Grant,Christian,Grant,,200,
0009-0008-7301-2324,Tsukasa Nakamura,Tsukasa,Nakamura,,200,
0009-0008-7302-4237,Clarisza Runtung,Clarisza,Runtung,,200,
0009-0008-7307-1156,Holly Holder,Holly Holder,,,200,
0009-0008-7339-3438,Marcelo Sette Mosaner,Marcelo,Sette Mosaner,,200,
0009-0008-7349-962X,Jianqiao Xia,Jianqiao,Xia,,200,
0009-0008-7364-7493,Carolina Abuelo,Carolina,Abuelo,,200,
0009-0008-7375-2066,Caleb Jaffe,Caleb,Jaffe,,200,
0009-0008-7375-8177,Christopher Lock,Christopher,Lock,,200,
0009-0008-7423-4674,Megan Shanahan,Megan,Shanahan,,200,
0009-0008-7428-8090,Luana Gola Alves,Luana Gola Alves,,,200,
0009-0008-7447-3915,Aisha Arsyaningrum,Aisha,Arsyaningrum,,200,
0009-0008-7487-2465,Namrata Narain,Namrata,Narain,,200,
0009-0008-7594-1223,Gabriella Achampong,Gabriella,Achampong,,200,
0009-0008-7617-7554,Sanjana Bhaskar,Sanjana Bhaskar,,,200,
0009-0008-7638-9741,Caitlin Daniel,Caitlin,Daniel,,200,
0009-0008-7639-5324,Groshe Culaj,Groshe,Culaj,,200,
0009-0008-7658-3712,Harm Tjebbe Imkamp,Harm Tjebbe,Imkamp,,200,
0009-0008-7689-9127,Nathan Ngo,Nathan,Ngo,,200,
0009-0008-7724-2557,Michaela Nolan,Michaela,Nolan,,200,
0009-0008-7726-8183,Jiajie Li,Jiajie,Li,,200,
0009-0008-7735-8314,Georgia Soares,Georgia,Soares,,200,
0009-0008-7750-0448,Tyrone Lee,Tyrone,Lee,,200,
0009-0008-7792-5809,Ciara Duggan,Ciara,Duggan,,200,
0009-0008-7800-0883,Zhaoxi Cheng,Zhaoxi,Cheng,,200,
0009-0008-7875-3738,J. Cabelle Ahn,Jaeun Cabelle,Ahn,J. Cabelle Ahn,200,
0009-0008-7881-8394,Sophie Violet Gilmore,Sophie Violet,Gilmore,,200,
0009-0008-7898-5694,Simon Ehricke,Simon,Ehricke,,200,
0009-0008-7937-9899,Miles Barakett,Miles,Barakett,,200,
0009-0008-7947-9419,Sonal Anand,Sonal,Anand,,200,
0009-0008-7963-6752,Kelly Hayes,Kelly,Hayes,,200,
0009-0008-7971-2129,Kaitlin Mrksich,Kaitlin,Mrksich,,200,
0009-0008-8019-5528,Rachael Okpara,Rachael,Okpara,,200,
0009-0008-8021-4872,Saman Ahmad,Saman,Ahmad,,200,
0009-0008-8076-548X,Robert Frashure,Robert,Frashure,,200,
0009-0008-8093-6525,Hongmin Ahn,Hongmin,Ahn,,200,
0009-0008-8113-2545,Jonaid,Jonaid,,,200,
0009-0008-8128-4119,Arnau Marin-Llobet,Arnau,Marin-Llobet,,200,
0009-0008-8165-0991,karim badawy,karim,badawy,,200,
0009-0008-8188-5571,Oscar Barrera,Oscar,Barrera,,200,
0009-0008-8204-5144,Alexandra R. Harris,Alexandra,Harris,Alexandra R. Harris,200,
0009-0008-8226-5905,Marvin Kinz,Marvin,Kinz,,200,
0009-0008-8324-1868,Omosefe  Noruwa ,Omosefe ,Noruwa ,,200,
0009-0008-8344-3742,Qianyi Sun,Qianyi,Sun,,200,
0009-0008-8398-0441,Julia Lynch,Julia,Lynch,,200,
0009-0008-8403-0704,Yantong Cui,Yantong,Cui,,200,
0009-0008-8477-5909,Dina abdelrazek Desouky,Dina abdelrazek,Desouky,,200,
0009-0008-8478-4274,Jennifer Zhou,Jennifer,Zhou,,200,
0009-0008-8478-7096,George Nassef,George,Nassef,,200,
0009-0008-8482-6702,Archana Verma,Archana,Verma,,200,
0009-0008-8501-6322,Georgios Kyriazidis,Georgios,Kyriazidis,,200,
0009-0008-8508-1685,Marwa Katir,Marwa,Katir,,200,
0009-0008-8508-3285,Xinran Li,Xinran,Li,,200,
0009-0008-8535-1585,Maeve O'Brien,Maeve,O'Brien,,200,
0009-0008-8561-6643,Emily LaRose,Emily,LaRose,,200,
0009-0008-8563-7524,Stephanie Jue,Stephanie,Jue,,200,
0009-0008-8626-6948,Yiqi Yan,Yiqi,Yan,,200,
0009-0008-8632-3199,Blake Duschatko,Blake,Duschatko,,200,
0009-0008-8645-5773,Jonathan Williams Ramirez ,Jonathan,Williams Ramirez ,,200,
0009-0008-8686-8631,Jae Hyeong Lee,Jae Hyeong,Lee,,200,
0009-0008-8700-8430,Elizabeth Sanchez,Elizabeth,Sanchez-Sanchez,Elizabeth Sanchez,200,
0009-0008-8754-4671,Tseming Yang,Tseming,Yang,,200,
0009-0008-8754-9501,Oguzhan Çart,Oguzhan,Çart,,200,
0009-0008-8768-7832,Soroush,Soroush,,,200,
0009-0008-8774-6150,Joshua Treloar,Joshua,Treloar,,200,
0009-0008-8800-6031,Éric Lapierre,Éric,Lapierre,,200,
0009-0008-8810-7211,Yilin Zhou,Yilin,Zhou,,200,
0009-0008-8855-1013,Brianna Weir,Brianna,Weir,,200,
0009-0008-8875-9842,Siew Sanz Ng,Siew Sanz,Ng,,200,
0009-0008-8883-9789,Kai Kleinbard,Kai,Kleinbard,,200,
0009-0008-8908-7929,Matthew Bernstein,Matthew,Bernstein,,200,
0009-0008-8911-5184,Maddie Poole,Madalyn Grace,Poole,Maddie Poole,200,
0009-0008-8911-9652,Ross Noble,Ross,Noble,,200,
0009-0008-8935-904X,Hanna Lee,Hanna,Lee,,200,
0009-0008-8944-0526,Iris Lang,Iris,Lang,,200,
0009-0008-8968-6454,Nicole Marie,Nicole,Marie,,200,
0009-0008-8986-3510,John Wilson,John,Wilson,,200,
0009-0008-9003-0428,Anna Araujo,Anna,Araujo,,200,
0009-0008-9025-1888,Marie Goemans,Marie,Goemans,,200,
0009-0008-9045-4837,Ivan Eduardo Arvizo,Ivan Eduardo,Arvizo,,200,
0009-0008-9056-6038,Houman Harouni,Houman,Harouni,,200,
0009-0008-9063-6825,Dimitrije Gujanicic,Dimitrije,Gujanicic,,200,
0009-0008-9088-0983,Chiran Li,Chiran Li,,,200,
0009-0008-9112-2981,Gregor Dederichs,Gregor,Dederichs,,200,
0009-0008-9131-5759,Ibraheem Abdul-Malik,Ibraheem,Abdul-Malik,,200,
0009-0008-9161-0694,Adele Lee,Adele,Lee,,200,
0009-0008-9176-8870,Mourad Hamdi,Mourad,Hamdi,Mourad Hamdi,200,
0009-0008-9193-5149,Amiee Feiqing Huang,Amiee Feiqing,Huang,,200,
0009-0008-9221-9670,Guanhua Yang,Guanhua,Yang,,200,
0009-0008-9231-7633,Henry Huang,Henry,Huang,,200,
0009-0008-9292-9613,Davide Zhang,Davide,Zhang,,200,
0009-0008-9306-720X,Emma Cadena,Emma,Cadena,,200,
0009-0008-9320-4307,Lorenzo Arvanitis,Lorenzo,Arvanitis,,200,
0009-0008-9350-2670,Mohit Pawan Chopra,Mohit Pawan,Chopra,,200,
0009-0008-9392-4830,Jennifer Cheatham,Jennifer,Cheatham,,200,
0009-0008-9401-9744,Amberly Xie,Amberly,Xie,,200,
0009-0008-9422-879X,Tapas Paul,Tapas,Paul,,200,
0009-0008-9476-4234,Pablo Castaño Basurto,Pablo,Castaño Basurto,,200,
0009-0008-9483-3498,Yabsira Abejie,Yabsira,Abejie,,200,
0009-0008-9505-9131,Irene Animah Acheampong,Irene Animah,Acheampong,,200,
0009-0008-9523-6097,Andrew Chin,Andrew,Chin,,200,
0009-0008-9563-1505,Justis Lopez,Justis,Lopez,,200,
0009-0008-9589-9421,Mengziang Lei,Mengziang,Lei,,200,
0009-0008-9638-9722,Panagiotis Mandros,Panagiotis,Mandros,,200,
0009-0008-9649-2068,Julia Vidlak,Julia,Vidlak,,200,
0009-0008-9650-1673,Jihyun Lee,Jihyun,Lee,,200,
0009-0008-9681-3968,Qi Liu,Qi,Liu,,200,
0009-0008-9717-378X,Yasser Alvi,Yasser,Alvi,,200,
0009-0008-9719-9461,Hiroyuki Aihara,Hiroyuki,Aihara,,200,
0009-0008-9768-8775,Katrina Schroeder Smith,Katrina Schroeder Smith,,,200,
0009-0008-9770-2354,Ren Liu,Ren,Liu,,200,
0009-0008-9871-3020,Wyatt Reeves,Wyatt,Reeves,,200,
0009-0008-9889-1388,Andrea Procopio,Andrea Procopio,,,200,
0009-0008-9920-4252,Love Weiai Tsai,Love Weiai,Tsai,,200,
0009-0008-9986-3303,Shyam Chandra,Shyam,Chandra,,200,
0009-0009-0004-1359,Wenxuan Li,Wenxuan,Li,,200,
0009-0009-0024-2732,Tsion Abay,Tsion,Abay,,200,
0009-0009-0034-9038,John Dan Adrian Anak Christopher,John Dan Adrian Anak,Christopher,,200,
0009-0009-0050-9759,Phillip Denny,Phillip,Denny,,200,
0009-0009-0088-7063,Yuxin (Gloria) Chen,Yuxin (Gloria),Chen,,200,
0009-0009-0099-4299,Sarah Erickson,Sarah,Erickson,,200,
0009-0009-0174-5737,Xiaowei,Xiaowei,,,200,
0009-0009-0250-6527,Louis Zweig,Louis,Zweig,,200,
0009-0009-0293-4513,Ruth Johnson,Ruth Esther De Pena Johnson,/RED Johnson,Ruth Johnson,200,
0009-0009-0338-6053,Thao Nguyen,Thao Nguyen,,,200,
0009-0009-0362-7160,Yidong Song,Yidong,Song,,200,
0009-0009-0368-6443,Sadia Paracha,Sadia,Paracha,,200,
0009-0009-0382-7664,Isaac Delaney,Isaac,Delaney,,200,
0009-0009-0423-609X,Laura Suttenfield,Laura,Suttenfield,,200,
0009-0009-0427-4037,Amari Butler,Amari,Butler,,200,
0009-0009-0430-454X,Yasutoshi Takashima,Yasutoshi,Takashima,,200,
0009-0009-0503-5871,Joanna Boyles,Joanna,Boyles,,200,
0009-0009-0515-634X,Patricia C. Timmons,Patricia C.,Timmons,,200,
0009-0009-0521-9726,Ruby Zhang,Ruby,Zhang,,200,
0009-0009-0541-0862,Isabelle Larabee,Isabelle Larabee,,,200,
0009-0009-0558-2154,Arnaldo Ferrebus,Arnaldo,Ferrebus,,200,
0009-0009-0564-8942,Janaki Chandra,Janaki,Chandra,,200,
0009-0009-0575-4745,Catherine Fordjour ,Catherine,Fordjour ,,200,
0009-0009-0578-0011,Erik Reiche,Erik,Reiche,,200,
0009-0009-0614-0542,ROBERTO MANGABEIRA UNGER,ROBERTO,MANGABEIRA UNGER,,200,
0009-0009-0618-4967,Atalaya Milan Wilborn,Atalaya Milan,Wilborn,Atalaya Milan Wilborn,200,
0009-0009-0657-6610,Brady Michael Rafferty,Brady Michael,Rafferty,,200,
0009-0009-0717-391X,fabrizio bonilla,fabrizio,bonilla,,200,
0009-0009-0731-417X,Madhuri Preeti Rao,Madhuri Preeti,Rao,,200,
0009-0009-0747-8801,Oberdan Matias Matos,Oberdan,Matias Matos,,200,
0009-0009-0769-2410,Paul Ronald Robinson,Paul Ronald,Robinson,,200,
0009-0009-0791-1388,Iliana Pagán Teitelbaum,Iliana,Pagán Teitelbaum,,200,
0009-0009-0810-8394,Christine Tzelios,Christine,Tzelios,,200,
0009-0009-0845-2259,Aminu Osman Alem,Aminu Osman,Alem,,200,
0009-0009-0852-5390,James Waldo,James,Waldo,,200,
0009-0009-0884-9141,Nicole ChenCheng Zhao,Nicole ChenCheng,Zhao,,200,
0009-0009-0894-8895,Jeonghun Choi,Jeonghun,Choi,,200,
0009-0009-0904-2577,Yu,Yu,,,200,
0009-0009-0951-9750,"Jack, John Weldon","Jack, John",Weldon,,200,
0009-0009-1017-1181,Thomas Werkmeister,Thomas,Werkmeister,,200,
0009-0009-1019-448X,Rachel Donahue,Rachel,Donahue,,200,
0009-0009-1048-8066,Andreas M. Baumer,Andreas,Baumer,Andreas M. Baumer,200,
0009-0009-1055-2195,Prasanna Kumar Somasundaram Baskar,Prasanna Kumar,Somasundaram Baskar,Prasanna Kumar Somasundaram Baskar,200,
0009-0009-1059-8847,Omar Abdel-Ghaffar,Omar,Abdel-Ghaffar,,200,
0009-0009-1064-1489,Andrea Sachdeva,Andrea,Sachdeva,,200,
0009-0009-1070-3934,Kyle Faust,Kyle,Faust,,200,
0009-0009-1085-1603,Pak-Ming Fong,Pak-Ming,Fong,,200,
0009-0009-1098-1352,Milen Negasi,Milen,Negasi,,200,
0009-0009-1103-1615,Hannah Rosefield,Hannah,Rosefield,,200,
0009-0009-1109-7630,Mohammad Hossein Chegini Kord,Mohammad Hossein,Chegini Kord,,200,
0009-0009-1119-027X,William Leung,William,Leung,,200,
0009-0009-1129-2217,Alexis Brown,Alexis,Brown,,200,
0009-0009-1174-9299,Sylvia Hurlimann,Sylvia,Hurlimann,,200,
0009-0009-1211-0796,Srujana Bej,Srujana Bej,,,200,
0009-0009-1219-9997,Sophia C. Scott,Sophia,Scott,Sophia C. Scott,200,
0009-0009-1231-0376,Xiaoyue,Xiaoyue,,,200,
0009-0009-1257-3993,Alexander Luo Chen,Alexander Luo,Chen,,200,
0009-0009-1269-9019,Alex Truong,Alex,Truong,,200,
0009-0009-1301-2848,Naamah Romano,Naamah,Romano,,200,
0009-0009-1304-3513,Weijiang Li,Weijiang,Li,,200,
0009-0009-1324-0461,Carolina Barbosa Lindquist,Carolina,Barbosa Lindquist,,200,
0009-0009-1335-6640,Cassandra Marcussen,Cassandra,Marcussen,,200,
0009-0009-1349-6678,Henry Joel Feldman,Henry Joel,Feldman,,200,
0009-0009-1351-0660,Isabella Kierce,Isabella Kierce,,,200,
0009-0009-1362-8343,Sugata Bose,Sugata,Bose,,200,
0009-0009-1376-8581,David Miranda,David,Miranda,,200,
0009-0009-1390-5996,Sanath Bhaskar Baikadi,Sanath Bhaskar,Baikadi,,200,
0009-0009-1403-6577,Duo Yi,Duo,Yi,,200,
0009-0009-1411-3915,Hannah McCalmon,Hannah,McCalmon,,200,
0009-0009-1461-2810,Daniele Fano,Daniele,Fano,,200,
0009-0009-1463-5078,Sophie Xiaofei Lei,Xiaofei,Lei,Sophie Xiaofei Lei,200,
0009-0009-1481-7146,Allen  Garcia,Allen ,Garcia,,200,
0009-0009-1483-8772,Paul Joseph Kosmin,Paul Joseph,Kosmin,,200,
0009-0009-1491-6611,Nguyen Le,Nguyen,Le,,200,
0009-0009-1498-5481,Qi Xuan Yuncg,Qi Xuan,Yuncg,,200,
0009-0009-1513-5307,amal arnaout,amal,arnaout,,200,
0009-0009-1534-3683,Cathy Cheng,Cathy,Cheng,,200,
0009-0009-1537-4287,Stephanie Chen,Stephanie,Chen,,200,
0009-0009-1545-173X,Ying Chen,Ying,Chen,,200,
0009-0009-1561-9897,Ella Hugie,Ella,Hugie,,200,
0009-0009-1572-251X,Mattia Wruble Clark,Mattia,Wruble Clark,,200,
0009-0009-1584-7806,Liqun Wang,Liqun,Wang,,200,
0009-0009-1585-7270,Rachel Rebouché,Rachel,Rebouché,,200,
0009-0009-1589-2818,Nicole Massa,Nicole,Massa,,200,
0009-0009-1593-9364,Ashton Tillett,Ashton Tillett,,,200,
0009-0009-1616-6631,Israel Mireles Cristino,Israel,Mireles Cristino,,200,
0009-0009-1667-0213,Zheyi Cao,Zheyi,Cao,,200,
0009-0009-1707-8035,Sheila Ampaire,Sheila,Ampaire,,200,
0009-0009-1727-9021,Eric Gong,Eric,Gong,,200,
0009-0009-1739-293X,Miklas Hafke,Miklas,Hafke,,200,
0009-0009-1748-4340,Brian Claggett,Brian,Claggett,,200,
0009-0009-1807-217X,Yujia Qian,Yujia,Qian,,200,
0009-0009-1820-7812,Miles Meline,Miles,Meline,,200,
0009-0009-1822-1956,Nancy Costikyan,Nancy,Costikyan,,200,
0009-0009-1828-1211,Jae Sung Lee,Jae Sung,Lee,,200,
0009-0009-1833-1098,Matthew Grellner,Matthew,Grellner,,200,
0009-0009-1849-7397,Chase Harrison,Chase,Harrison,,200,
0009-0009-1900-673X,Michael Emanuel,Michael,Emanuel,,200,
0009-0009-1946-6840,Ella Miller,Ella,Miller,,200,
0009-0009-1964-0933,Olivia Petersen,Olivia,Petersen,,200,
0009-0009-1996-1382,Tonya Echols,Tonya,Echols,,200,
0009-0009-2018-7080,Jefferson Burson,Jefferson Burson,,,200,
0009-0009-2026-1121,Saraa Yoosuf,Fathmath Saraa,Yoosuf,Saraa Yoosuf,200,
0009-0009-2075-5260,Danny Huang,Danny,Huang,,200,
0009-0009-2112-2529,Sai Shanthanand Rajagopal,Sai Shanthanand,Rajagopal,,200,
0009-0009-2146-780X,Yixing Tang,Yixing,Tang,,200,
0009-0009-2158-9997,Harish Krishnamoorthy,Harish,Krishnamoorthy,,200,
0009-0009-2237-0989,jin long jia,jin long,jia,,200,
0009-0009-2293-7500,Adam Noto Hakarsa,Adam Noto,Hakarsa,,200,
0009-0009-2303-6114,"Alejandro , Alex Velez-Arce","Alejandro , Alex",Velez-Arce,,200,
0009-0009-2304-6152,Ronya Strom,Ronya,Strom,,200,
0009-0009-2306-3032,Ansar Lemon,Ansar Lemon,,,200,
0009-0009-2311-9673,Mallory Hellman,Mallory,Hellman,,200,
0009-0009-2349-0202,Nicole Perez,Nicole,Perez,,200,
0009-0009-2352-6287,Psalmmy brass,Psalmmy brass,,,200,
0009-0009-2377-3042,Oscar Mairena,Oscar,Mairena,,200,
0009-0009-2387-0459,Grace Michel,Grace,Michel,,200,
0009-0009-2404-7018,Madeleine Mullon,Madeleine Clarisse,Mullon,Madeleine Mullon,200,
0009-0009-2415-4550,william sarraille,william,sarraille,,200,
0009-0009-2437-6153,Meghan Bannon Kerr,Meghan,Kerr,Meghan Bannon Kerr,200,
0009-0009-2459-701X,Justin  Bagger,Justin ,Bagger,,200,
0009-0009-2477-1196,Betul Maden-Yilmaz,Betul Maden-Yilmaz,,,200,
0009-0009-2488-1205,RACHEL LOEVY,RACHEL,LOEVY,,200,
0009-0009-2498-0473,Samriti Balaji Mudaliar,Samriti Balaji,Mudaliar,Samriti Balaji Mudaliar,200,
0009-0009-2549-3378,Jennifer Ash,Jennifer,Ash,,200,
0009-0009-2567-5155,Paul F. Accornero,Paul,Accornero,Paul F. Accornero,200,
0009-0009-2568-4377,Danielle Montano,Danielle,Montano,,200,
0009-0009-2574-4835,Bailey Buchanan,Bailey,Buchanan,,200,
0009-0009-2578-9179,Margot Austin,Margot,Austin,,200,
0009-0009-2601-6506,Morgan Pfennig,Morgan,Pfennig,,200,
0009-0009-2617-1450,Elisa Bronfman,Elisa,Bronfman,,200,
0009-0009-2628-659X,Kathryn  Rodrigues,Kathryn ,Rodrigues,,200,
0009-0009-2672-5089,Tian Wang,Tian,Wang,,200,
0009-0009-2698-7599,Yash Parkash Rana,Yash,Rana,Yash Parkash Rana,200,
0009-0009-2716-691X,Lumas Helaire,Lumas,Helaire,,200,
0009-0009-2828-8628,Chaejin Park,Chaejin,Park,,200,
0009-0009-2852-1530,Mei Fujimura,Mei,Fujimura,,200,
0009-0009-2881-3664,Dr. Samir Meralli,Samir,Meralli,Dr. Samir Meralli,200,
0009-0009-2883-342X,Alexandra Knief,Alexandra Knief,,,200,
0009-0009-2891-3948,Nicolas Freeman,Nicolas Freeman,,,200,
0009-0009-2901-3001,Aslan Cook,Aslan,Cook,,200,
0009-0009-2911-067X,Maxon Rubin-Toles,Maxon Rubin-Toles,,,200,
0009-0009-2946-8532,Camila Mera,Camila,Mera,,200,
0009-0009-2986-4770,Coby Y. Garcia,Coby Y.,Garcia,Coby Y. Garcia,200,
0009-0009-3013-293X,Ramya Deshpande,Ramya Deshpande,,,200,
0009-0009-3063-1990,"Elizabeth, Betsy  Ziegler ","Elizabeth, Betsy ",Ziegler ,,200,
0009-0009-3077-6444,Joseph Grassi,Joseph,Grassi,,200,
0009-0009-3086-7135,mohammad beik mohammadi,mohammad,beik mohammadi,,200,
0009-0009-3090-0257,Ziqi Yan,Ziqi,Yan,,200,
0009-0009-3099-3027,Karameh Kuemmerle,Karameh,Kuemmerle,,200,
0009-0009-3131-3679,Hannah Hayes,Hannah,Hayes,,200,
0009-0009-3139-7606,Aleksandr  Rayshubskiy,Aleksandr ,Rayshubskiy,,200,
0009-0009-3169-8337,Allison Chang,Allison,Chang,,200,
0009-0009-3170-3503,David Ciccone,David,Ciccone,,200,
0009-0009-3212-9187,Christopher Mullin,Christopher,Mullin,,200,
0009-0009-3221-8163,Adv. Aejas Naik,Adv. Aejas,Naik,,200,
0009-0009-3262-5009,Xiaonuo,Xiaonuo,,,200,
0009-0009-3335-8678,Breno de Lana Silva,Breno,de Lana Silva,,200,
0009-0009-3356-1107,Iryna Kobets,Iryna,Kobets,,200,
0009-0009-3374-5539,Roene Nasr,Roene,Nasr,,200,
0009-0009-3435-1363,Ailsa Rachel Craven,Ailsa Rachel,Craven,,200,
0009-0009-3471-1998,Henry Jacobs,Henry,Jacobs,,200,
0009-0009-3498-1736,Yaser Sanchez-Gama,Yaser,Sanchez-Gama,,200,
0009-0009-3513-562X,Chloe Hasund,Chloe,Hasund,,200,
0009-0009-3526-9863,Negin Katebi,Negin,Katebi,,200,
0009-0009-3562-0553,Brianna Hardy,Brianna,Hardy,,200,
0009-0009-3592-8726,Skye Tanzmann,Skye,Tanzmann,,200,
0009-0009-3633-2983,Zichong Chen,Zichong,Chen,,200,
0009-0009-3663-4922,Carolina Larriera,Carolina,Larriera,,200,
0009-0009-3669-5127,Liam Herbert-Miller,Liam,Herbert-Miller,,200,
0009-0009-3710-0869,Diana Striplet,Diana,Striplet,,200,
0009-0009-3712-7826,Bryce Peacher,Bryce,Peacher,,200,
0009-0009-3720-0341,Qian Xiao,Qian,Xiao,,200,
0009-0009-3769-7562,Sudarsana Addepalli,Sudarsana,Addepalli,,200,
0009-0009-3790-1500,Christopher Hemauer,Christopher,Hemauer,,200,
0009-0009-3809-6283,Charles W. Farnum,Charles W. Farnum,,,200,
0009-0009-3833-1490,Joseph M. Montesano,Joseph,Montesano,Joseph M. Montesano,200,
0009-0009-3852-2393,Tracy Kambara,Tracy,Kambara,,200,
0009-0009-3865-760X,Rajat Dawar,Rajat,Dawar,,200,
0009-0009-3871-087X,Eric Jacobson,Eric,Jacobson,,200,
0009-0009-3874-7058,Toshiaki Yoshida,Toshiaki,Yoshida,,200,
0009-0009-3875-1719,Anusha,Anusha,,,200,
0009-0009-3896-6859,Mia Schenenga,Mia,Schenenga,,200,
0009-0009-3905-7198,Lee Cannon-Brown,Lee,Cannon-Brown,,200,
0009-0009-3910-2171,Linas Nasvytis,Linas,Nasvytis,,200,
0009-0009-3937-429X,Hana M Burgess,Hana Moon,Burgess,Hana M Burgess,200,
0009-0009-3943-4985,Erin Tam,Erin Tam,,,200,
0009-0009-4025-5159,Chia-Rui Chang,Chia-Rui,Chang,,200,
0009-0009-4031-7751,Zhenning Yang,Zhenning,Yang,,200,
0009-0009-4032-4433,Malina Hatton,Malina,Hatton,,200,
0009-0009-4037-5054,Irtiza Iram,Irtiza,Iram,,200,
0009-0009-4046-5156,Atomu Yamaguchi,Atomu,Yamaguchi,,200,
0009-0009-4053-0616,jintong zhao,jintong,zhao,,200,
0009-0009-4055-9144,Marissa A. Combs,Marissa A. Combs,,,200,
0009-0009-4080-0823,Methodius George,Methodius,George,,200,
0009-0009-4108-9316,Alvira Tyagi,Alvira Tyagi,,,200,
0009-0009-4125-9186,Cedric Jr. Cortez,Cedric Jr.,Cortez,,200,
0009-0009-4130-9446,Chu Kwen Ho,Chu Kwen,Ho,,200,
0009-0009-4132-5382,Zhuoyu Lin,Zhuoyu,Lin,,200,
0009-0009-4164-7322,Molly Neylan,Molly,Neylan,,200,
0009-0009-4192-6137,Yi Tan,Yi,Tan,,200,
0009-0009-4207-9996,Santiago Lopez,Santiago,Lopez,,200,
0009-0009-4209-212X,Salman Khan,Salman Khan,,,200,
0009-0009-4238-1642,Dean Rosenthal,Dean,Rosenthal,,200,
0009-0009-4243-322X,Alyssa Cottle,Alyssa,Cottle,,200,
0009-0009-4254-2469,Jahrel  Noble,Jahrel ,Noble,,200,
0009-0009-4271-5737,Rachel Martinez,Rachel,Martinez,,200,
0009-0009-4329-1227,Laurel Barnett,Laurel,Barnett,,200,
0009-0009-4345-5885,Anika Liv Christensen,Anika Liv,Christensen,,200,
0009-0009-4361-8218,Rand Hasan,Rand,Hasan,,200,
0009-0009-4369-0877,Patryk Wekwejt,Patryk,Wekwejt,,200,
0009-0009-4372-2496,Qingru Xu,Qingru,Xu,,200,
0009-0009-4386-4646,Manuel Wuthrich,Manuel Wuthrich,,,200,
0009-0009-4398-404X,Carl Shirley,Carl Shirley,,,200,
0009-0009-4423-8313,Mary Laski,Mary,Laski,,200,
0009-0009-4424-9370,Frédéric Racicot,Frédéric,Racicot,,200,
0009-0009-4442-0916,Patrick Puma,Patrick,Puma,,200,
0009-0009-4486-1922,Yousuf Hashmi,Yousuf,Hashmi,,200,
0009-0009-4503-8954,Bruce  Morgan,Bruce ,Morgan,,200,
0009-0009-4529-048X,Sarah Kaputa,Sarah,Kaputa,,200,
0009-0009-4530-4044,Romain Menard,Romain,Menard,,200,
0009-0009-4555-3243,Sanjali Kumar,Sanjali,Kumar,,200,
0009-0009-4563-7375,Alexia Freeman,Alexia,Freeman,,200,
0009-0009-4590-8892,Chinedum  Aguwa ,Chinedum ,Aguwa ,,200,
0009-0009-4601-8955,Stacey Batista,Stacey,Batista,,200,
0009-0009-4644-4110,Belissa Zaiek,Belissa,Zaiek,,200,
0009-0009-4698-5734,Yangdong,Yangdong,,,200,
0009-0009-4717-831X,Joshua Park,Joshua,Park,,200,
0009-0009-4739-7256,Fan Ye,Fan,Ye,,200,
0009-0009-4764-2514,Rebeccah,Rebeccah,,,200,
0009-0009-4774-1109,Nomin Enkhtsetseg,Nomin,Enkhtsetseg,,200,
0009-0009-4786-3907,Miguel Ángel Bayo Valero,Miguel Ángel,Bayo Valero,,200,
0009-0009-4801-7307,Ira R. Kim,Ira,Kim,Ira R. Kim,200,
0009-0009-4856-1863,Joseph Macksood,"Joe, Joseph",Macksood,Joseph Macksood,200,
0009-0009-4869-7867,Alex Wen,Alex,Wen,,200,
0009-0009-4877-3946,Schola Chioma Eburuoh,Schola Chioma,Eburuoh,,200,
0009-0009-4885-0163,Peleg Ronen Samuels,Peleg Ronen,Samuels,,200,
0009-0009-4900-2633,Amilcar Gröschel Jr.,Amilcar,Gröschel,Amilcar Gröschel Jr.,200,
0009-0009-4902-8366,Ayden Massey,Ayden,Massey,,200,
0009-0009-4942-9215,William Xu,William,Xu,,200,
0009-0009-4961-1332,Pete G. Kovatsis,Pete G.,Kovatsis,,200,
0009-0009-4988-7662,River Mallick,River,Mallick,River Mallick,200,
0009-0009-5013-6460,Isabel María Moreno Rivas,Isabel María,Moreno Rivas,,200,
0009-0009-5028-8667,Natalie Ayers,Natalie,Ayers,,200,
0009-0009-5075-0938,Olivia,Olivia,,,200,
0009-0009-5078-3318,Moiz Agha,Moiz,Agha,,200,
0009-0009-5089-0551,Dan  whittet,Dan ,whittet,,200,
0009-0009-5103-1994,Joann J. Chen,Joann Jen,Chen,Joann J. Chen,200,
0009-0009-5104-7646,Michael D. Jackson,Michael D.,Jackson,,200,
0009-0009-5119-4777,Arnab  Misra,Arnab ,Misra,,200,
0009-0009-5156-773X,Keren Vigeland,Keren Vigeland,,Keren Vigeland,200,
0009-0009-5161-4268,Finley Jensen,Finley,Jensen,,200,
0009-0009-5165-4374,Ben Wooten,Ben,Wooten,,200,
0009-0009-5205-504X,William McKenna,William,McKenna,,200,
0009-0009-5295-0386,jevvel brigithe aguilar yanac,jevvel brigithe,aguilar yanac,,200,
0009-0009-5321-8314,Allison  Carrasco - Cabrera ,Allison ,Carrasco - Cabrera ,,200,
0009-0009-5322-815X,Aziza DM,Aziza,DM,,200,
0009-0009-5330-3439,Min Jin Kim,Min Jin,Kim,,200,
0009-0009-5345-8844,Siddharth Swaroop,Siddharth,Swaroop,,200,
0009-0009-5351-2273,Safwan Hossain,Safwan,Hossain,,200,
0009-0009-5354-8583,Suzanne Goldberg,Suzanne,Goldberg,,200,
0009-0009-5359-618X,Julien Vincenot,Julien,Vincenot,,200,
0009-0009-5366-2538,Magdalena Zielinska,Magdalena,Zielinska,,200,
0009-0009-5377-5153,Wyatt Roy,Wyatt,Roy,,200,
0009-0009-5388-3349,Ailish Lalor,Ailish,Lalor,,200,
0009-0009-5435-7324,Tyler Harder,Tyler,Harder,,200,
0009-0009-5441-531X,Tiffany B. Blackman,Tiffany,Blackman,Tiffany B. Blackman,200,
0009-0009-5457-3860,HAN CHEN,HAN,CHEN,,200,
0009-0009-5467-0396,Anirban Ghosh,Anirban,Ghosh,,200,
0009-0009-5470-4576,Soobin Jeon,Soobin,Jeon,,200,
0009-0009-5559-0347,Emma Puglisi,Emma,Puglisi,,200,
0009-0009-5559-7135,Krisha  Boradia,Krisha ,Boradia,,200,
0009-0009-5579-1878,Thomas Park,Thomas,Park,,200,
0009-0009-5591-7178,Patrick Sliz,Patrick,Sliz,,200,
0009-0009-5604-9499,Shan  Xing,Shan ,Xing,,200,
0009-0009-5618-7314,Cynthia Zhuge,Cynthia,Zhuge,,200,
0009-0009-5624-7735,hijyen belgesi,hijyen,belgesi,,200,
0009-0009-5649-3661,Malcolm Morano,Malcolm,Morano,,200,
0009-0009-5679-3701,Attiya Anna Abbas,Attiya Anna,Abbas,,200,
0009-0009-5683-4171,Sue Cirocco,Sue,Cirocco,,200,
0009-0009-5709-3678,Anna Sung,Anna Sung,,,200,
0009-0009-5737-2853,Birikty Lulu Hagos,Birikty Lulu,Hagos,,200,
0009-0009-5753-9393,Andrew Yue,Andrew,Yue,,200,
0009-0009-5769-7332,Jocelyn Stilwell-Tong,Jocelyn,Stilwell-Tong,,200,
0009-0009-5786-4380,"Samuel J. Steuart, MSc, MPH",Samuel,Steuart,"Samuel J. Steuart, MSc, MPH",200,
0009-0009-5788-3944,"Benjamin Travis, Ben Travis","Benjamin Travis, Ben Travis",,,200,
0009-0009-5808-6496,Sabrina Kianni,Sabrina,Kianni,,200,
0009-0009-5831-4030,Helen Qian,Helen,Qian,,200,
0009-0009-5851-5510,Ray Zhou,Ray,Zhou,,200,
0009-0009-5872-4371,Noam Maitless,Noam,Maitless,,200,
0009-0009-5876-5632,Chengxi Zhang,Chengxi,Zhang,,200,
0009-0009-6018-0211,Mark Moore,Mark,Moore,,200,
0009-0009-6025-5797,Liam Joy,Liam,Joy,,200,
0009-0009-6066-8241,Emily R Thompson,Emily R,Thompson,,200,
0009-0009-6086-1674,Charly Edmiston,Charly,Edmiston,,200,
0009-0009-6116-1207,Tara,Tara,,,200,
0009-0009-6144-9630,XIAOJIANG(MAX) TU,XIAOJIANG(MAX),TU,,200,
0009-0009-6208-3589,Avner Halperin,Avner,Halperin,,200,
0009-0009-6275-6050,Daniel Morales Rosales,Daniel,Morales Rosales,,200,
0009-0009-6288-5469,Simon Wu,Simon,Wu,,200,
0009-0009-6289-850X,Karan Saharya,Karan,Saharya,,200,
0009-0009-6331-7789,Grayson Holt,Grayson,Holt,,200,
0009-0009-6353-5989,Alan Hsu,Alan,Hsu,,200,
0009-0009-6381-7118,Dion Sukhram,Dion,Sukhram,,200,
0009-0009-6403-2240,Mary Cipperman,Mary,Cipperman,,200,
0009-0009-6432-2694,Holden Hadfield,Holden,Hadfield,,200,
0009-0009-6432-4630,Kamini Mallick,Kamini Mallick,,,200,
0009-0009-6463-2721,Andrew Wu,Andrew,Wu,,200,
0009-0009-6482-7289,Jinhan Wu,Jinhan,Wu,,200,
0009-0009-6483-5625,Samhita,Samhita,,,200,
0009-0009-6505-9971,Chloe Hawkey,Chloe,Hawkey,,200,
0009-0009-6506-4690,Fajr Khan,Fajr,Khan,,200,
0009-0009-6509-6457,Shannon William Rice,Shannon William,Rice,,200,
0009-0009-6551-783X,Chiwoo Oh,Chiwoo,Oh,,200,
0009-0009-6597-0327,Betel Amdeslassie Fenta,Betel Amdeslassie,Fenta,,200,
0009-0009-6623-142X,Joseph  Rojas Miranda ,Joseph ,Rojas Miranda ,,200,
0009-0009-6624-4597,Molly Hickey,Molly,Hickey,,200,
0009-0009-6636-6201,Henry Tager,Henry,Tager,,200,
0009-0009-6683-372X,Qingchen Li,Qingchen,Li,,200,
0009-0009-6704-4888,Yangqiuzi Zhang ,Yangqiuzi,Zhang ,,200,
0009-0009-6707-2280,Mohd Freezely Ezzani Bin Mazri,Mohd Freezely Ezzani Bin,Mazri,,200,
0009-0009-6712-6154,Daniel Wilentz,Daniel,Wilentz,,200,
0009-0009-6743-7702,Ainsley Hogan,Ainsley,Hogan,,200,
0009-0009-6781-1573,ebrahim dahmardeh,ebrahim,dahmardeh,,200,
0009-0009-6797-2051,Mamfatou Baldeh,Mamfatou,Baldeh,,200,
0009-0009-6806-336X,Beier Nelson,Beier,Nelson,,200,
0009-0009-6810-1979,Qian-Lan Liu,Qian-Lan,Liu,,200,
0009-0009-6817-6620,Sophia Feinerman,Sophia Feinerman,,,200,
0009-0009-6819-5442,Waqar Ali,Mir Waqar Ali,,Waqar Ali,200,
0009-0009-6830-1698,Shailab Shrestha,Shailab,Shrestha,,200,
0009-0009-6831-1140,Derek Allen,Derek,Allen,,200,
0009-0009-6871-7386,Simona Covel,Simona,Covel,,200,
0009-0009-6878-0190,Yubo Zhang,Yubo,Zhang,,200,
0009-0009-6884-1678,Senthil,Senthil,,,200,
0009-0009-6919-4206,Nongji Zhang,Nongji,Zhang,,200,
0009-0009-6932-9158,Loren Fisher MacLennan,Loren,Fisher MacLennan,,200,
0009-0009-6984-650X,Sneha Shenoy,Sneha,Shenoy,,200,
0009-0009-7002-0705,Franziska Hittmair,Franziska,Hittmair,,200,
0009-0009-7014-3051,Wei-ming Tu,Wei-ming,Tu,,200,
0009-0009-7023-1844,Corinthia Wilkerson,Corinthia Wilkerson,,,200,
0009-0009-7101-5238,Samantha O'Reilly,Samantha,O'Reilly,,200,
0009-0009-7132-4786,Yifan Ping,Yifan,Ping,,200,
0009-0009-7157-3766,Stergios Rizos,Stergios,Rizos,,200,
0009-0009-7209-8709,Karena Etwaru,Karena Etwaru,,,200,
0009-0009-7220-3513,David C. Atherton,David C.,Atherton,,200,
0009-0009-7222-6539,Nevin Jaison,Nevin Jaison,,,200,
0009-0009-7258-1637,Carl Audric Guia,Carl Audric,Guia,,200,
0009-0009-7278-1217,G. Eirini  Mandopoulou,G. Eirini ,Mandopoulou,,200,
0009-0009-7280-6058,Lorraine Schratz,Lorraine,Schratz,,200,
0009-0009-7289-3497,Halie March Doan,Halie March,Doan,,200,
0009-0009-7295-3680,Karthikeyan Kumaravel,Karthikeyan,Kumaravel,,200,
0009-0009-7326-5062,Christina Jacobsen,Christina,Jacobsen,,200,
0009-0009-7368-3512,Soliman Mohammed Alfaifi,Soliman Mohammed,Alfaifi,Soliman Mohammed Alfaifi,200,
0009-0009-7389-6403,Luqman Oyekunle,Luqman,Oyekunle,,200,
0009-0009-7390-8427,Hanming Ye,Hanming,Ye,,200,
0009-0009-7415-1972,Amaiah Hybbert,Amaiah Hybbert,,,200,
0009-0009-7433-1826,Joan Landon,Joan,Landon,,200,
0009-0009-7475-3156,Stephanie Nguyen,Stephanie,Nguyen,,200,
0009-0009-7527-1239,Mit Patel,Mit,Patel,,200,
0009-0009-7538-8146,Angelica Remache Lopez,Angelica,Remache Lopez,,200,
0009-0009-7541-1203,Kenneth Bryan Hsu,Kenneth Bryan Hsu,,,200,
0009-0009-7542-1997,Halle Frey,Halle Frey,,,200,
0009-0009-7560-4777,CJ Akins,CJ Akins,,,200,
0009-0009-7568-069X,Alberto Antonio Plate Peirano,Alberto Antonio,Plate Peirano,,200,
0009-0009-7581-4598,Sheng Yang,Sheng,Yang,,200,
0009-0009-7649-2455,Yam Atir,Yam,Atir,,200,
0009-0009-7652-172X,Zhaogu Sun,Zhaogu,Sun,,200,
0009-0009-7742-3662,Anna Naupa,Anna,Naupa,,200,
0009-0009-7766-276X,Fabian Koenig,Fabian,Koenig,,200,
0009-0009-7776-0845,Mohammed Ben Eid,Mohammed,Ben Eid,,200,
0009-0009-7786-9437,Matthew Hallman,Matthew,Hallman,,200,
0009-0009-7816-5642,Michael Lim,Michael,Lim,,200,
0009-0009-7824-7621,Beatrice Youd,Beatrice,Youd,,200,
0009-0009-7858-7247,Zhihan Nan,Zhihan,Nan,,200,
0009-0009-7892-1065,Claire Ladd,Claire,Ladd,,200,
0009-0009-7899-8513,Aiyanna Ojukwu,Aiyanna,Ojukwu,,200,
0009-0009-7923-8604,Laura Sophie Wegner,Laura Sophie,Wegner,,200,
0009-0009-7924-1811,Kihan Sung Sung,Kihan Sung,Sung,,200,
0009-0009-8033-9293,Alexandra Schweitzer,Alexandra,Schweitzer,,200,
0009-0009-8076-8848,Abhishek  Sharma,Abhishek ,Sharma,,200,
0009-0009-8114-8579,Nicholas Jacobsson,Nicholas,Jacobsson,,200,
0009-0009-8158-3626,Ernesto Isaac Lara,Ernesto Isaac,Lara,,200,
0009-0009-8165-0569,Madison Codding,Madison,Codding,,200,
0009-0009-8178-2027,Thomas Kalmer,Thomas,Kalmer,,200,
0009-0009-8268-7240,Robin Roquet,Robin,Roquet,,200,
0009-0009-8271-3170,Allison Mee Stevens,Allison,Mee Stevens,,200,
0009-0009-8293-9487,Andrew A. Leonard,Andrew,Leonard,Andrew A. Leonard,200,
0009-0009-8298-0500,Muataz Ali Hamad,Muataz Ali,Hamad,,200,
0009-0009-8300-9038,Mark  DeVoto,Mark ,DeVoto,,200,
0009-0009-8359-2518,Beibei Wang,Beibei,Wang,,200,
0009-0009-8395-3248,Pallavi  Joshi,Pallavi ,Joshi,,200,
0009-0009-8420-1291,Arvind Srinivasan,Arvind,Srinivasan,,200,
0009-0009-8431-0113,Alan Yarborough,Alan,Yarborough,,200,
0009-0009-8503-1802,Jenna Wilson,Jenna,Wilson,,200,
0009-0009-8517-3843,Christie Dixon,Christie,Dixon,,200,
0009-0009-8556-1184,James Wen,James,Wen,,200,
0009-0009-8593-9255,Yiwen Liu,Yiwen,Liu,,200,
0009-0009-8637-5666,Shahzad Anwar,Shahzad,Anwar,,200,
0009-0009-8661-4815,Yongjune Choi,Yongjune,Choi,,200,
0009-0009-8676-3394,Mengjun Xu,Lizzy Mengjun,Xu,Mengjun Xu,200,
0009-0009-8677-7016,King Xia,King,Xia,,200,
0009-0009-8700-1607,Britainy Barnes,Britainy,Barnes,,200,
0009-0009-8723-8225,Dashka Bernard - Vaghar,Dashka Bernard,- Vaghar,,200,
0009-0009-8734-8133,Yinan Wang,Yinan,Wang,,200,
0009-0009-8794-4242,KaiLan Mackey,KaiLan,Mackey,,200,
0009-0009-8794-5552,Yumin Kim,Yumin,Kim,,200,
0009-0009-8813-7442,Anna Fitzsimmons,Anna,Fitzsimmons,,200,
0009-0009-8866-1607,Carolina Cala Sasso,Carolina Cala,Sasso,,200,
0009-0009-8874-4699,Maxwell Coyle,Maxwell,Coyle,,200,
0009-0009-8912-1346,Vivian Ha,Vivian,Ha,,200,
0009-0009-8925-6750,Caleb Bolden,Caleb,Bolden,,200,
0009-0009-8928-6853,Rui Zhang,Rui,Zhang,,200,
0009-0009-8970-9916,Joanna,Joanna,,,200,
0009-0009-9036-7466,Daiqi Gao,Daiqi,Gao,,200,
0009-0009-9047-8334,Keneil Soni,Keneil,Soni,,200,
0009-0009-9106-3130,Simon Xu,Simon,Xu,,200,
0009-0009-9126-5154,Haedo Cho,Haedo,Cho,,200,
0009-0009-9137-0990,Albina Khatiwoda,Albina,Khatiwoda,,200,
0009-0009-9144-3598,Nicole Zhao,Nicole,Zhao,,200,
0009-0009-9149-2330,Aqsa Anwar,Aqsa,Anwar,,200,
0009-0009-9150-7088,Bridget Slomka,Bridget,Slomka,,200,
0009-0009-9158-1392,Teng Fang,Teng,Fang,,200,
0009-0009-9184-8579,Benet Fité Abril,Benet,Fité Abril,,200,
0009-0009-9187-4291,"Karim, AA",Abbas,Karim,"Karim, AA",200,
0009-0009-9204-5196,Joseph Sadok,Joseph,Sadok,,200,
0009-0009-9219-6509,Amy,Amy,,,200,
0009-0009-9239-6631,Katie Livingston,Katie Livingston,,,200,
0009-0009-9242-1534,Hania Mariën,Hania Mariën,,,200,
0009-0009-9280-5546,Olaf Kramer,Olaf,Kramer,,200,
0009-0009-9285-0478,Ana Kimber,Ana,Kimber,,200,
0009-0009-9326-9212,Chenshuo Yin,Chenshuo,Yin,,200,
0009-0009-9351-2884,Frauke Sachse,Frauke,Sachse,,200,
0009-0009-9392-6489,Sofiia Dubova,Sofiia,Dubova,,200,
0009-0009-9419-7302,Lennard Spanehl,Lennard,Spanehl,,200,
0009-0009-9491-5108,Nancy Hegarty,Nancy,Hegarty,,200,
0009-0009-9516-4107,Anna Kierski,Anna,Kierski,,200,
0009-0009-9520-8202,Omer M Fahim,Omer M Fahim,,,200,
0009-0009-9536-9401,Kaden Zheng,Kaden,Zheng,,200,
0009-0009-9538-3107,Sara Marshal,Sara,Marshal,,200,
0009-0009-9541-468X,Dawn Miller,Dawn,Miller,Dawn Miller,200,
0009-0009-9558-9092,Jose Hermina Perez,Jose,Hermina Perez,,200,
0009-0009-9567-174X,Catherine Ressijac,Catherine,Ressijac,,200,
0009-0009-9583-6807,Jenni Arakaki,Jenni,Arakaki,,200,
0009-0009-9610-0260,Anna,Anna,,,200,
0009-0009-9610-4392,John Doyle,John,Doyle,,200,
0009-0009-9616-4010,Evelyn Ennis Ennis,Evelyn Ennis,Ennis,,200,
0009-0009-9649-8766,Edvin,Edvin,,,200,
0009-0009-9651-5183,Malhar Khushu,Malhar,Khushu,,200,
0009-0009-9737-7026,Lorenzo Russotto,Lorenzo,Russotto,,200,
0009-0009-9737-9486,Lisa Pearson,Lisa,Pearson,,200,
0009-0009-9775-8689,Aparna Swain,Aparna,Swain,,200,
0009-0009-9781-4687,Parvathi  Menon,Parvathi ,Menon,,200,
0009-0009-9815-5230,Fred Barker,Fred,Barker,,200,
0009-0009-9851-8337,Zhou Du,Zhou,Du,,200,
0009-0009-9890-2822,Fernando Martins Morschel,Fernando Martins,Morschel,,200,
0009-0009-9956-7157,Jorge Morales-Burnett,Jorge,Morales-Burnett,,200,
0009-0009-9957-5982,Lucy Ponce,Lucy Ponce,,,200,
0009-0009-9994-9630,Alana Rivera,Alana,Rivera,,200,
